:020000040800F2
:10000000C07000205D02000819A10008956F00086B
:1000100051A00008F5110008B1B700080000000069
:100020000000000000000000000000009D0100082A
:10003000FD15000800000000F901000875A7000880
:1000400077020008770200087702000877020008AC
:10005000770200087702000877020008770200089C
:10006000770200087702000877020008B913000839
:10007000C9130008D913000877020008E913000823
:10008000F9130008770200087702000877020008D9
:10009000770200087702000877020008770200085C
:1000A00055A80008770200087702000877020008C8
:1000B000770200087702000877020008A96F00089D
:1000C000996F00087702000877020008770200089D
:1000D0007702000881B7000891B70008A1B70008AF
:1000E000770200087702000877020008770200080C
:1000F0007702000877020008770200080914000858
:1001000077020008770200087702000877020008EB
:100110009DAE0008ADAE00086DA800087DA80008DF
:100120007702000877020008191400087702000817
:1001300077020008770200087702000877020008BB
:1001400077020008770200087702000877020008AB
:1001500077020008770200082914000877020008D7
:10016000770200087702000877020008770200088B
:1001700077020008770200087702000800000000FC
:100180007702000877020008DFF80CD000F002FDCB
:1001900000480047CDE90008C07000202C4B1968CA
:1001A0000868B0E8F04F80F30988BFF36F8F4FF015
:1001B000000080F3118870470000000008480068C4
:1001C000006880F308884FF0000080F3148862B65E
:1001D00061B6BFF34F8FBFF36F8F00DF00BF00BF6B
:1001E00008ED00E0DFF80C00016841F470010160E7
:1001F000704700BF88ED00E0EFF30980BFF36F8F19
:10020000134B1A681EF0100F08BF20ED108A20E96A
:10021000F04F106009B44FF0500080F31188BFF325
:100220004F8FBFF36F8F10F05BFA4FF0000080F339
:10023000118809BC19680868B0E8F04F1EF0100F6B
:1002400008BFB0EC108A80F30988BFF36F8F704746
:100250003C030020EFF3058070470000064880470C
:1002600006480047FEE7FEE7FEE7FEE7FEE7FEE79B
:10027000FEE7FEE7FEE7FEE741A800088901000867
:100280002DE9F05F0546002092469B4688460646CB
:10029000814640241BE0284641464746224600F05E
:1002A000A5FA53465A46C01A914110D31146184632
:1002B000224600F016F82D1A67EB01084F46224639
:1002C0000120002100F00DF817EB00094E41201E1F
:1002D000A4F10104DFDC484631462A464346BDE826
:1002E000F09F202A04DB203A00FA02F10020704738
:1002F0009140C2F1200320FA03F319439040704764
:1003000040EA01039B0703D009E008C9121F08C097
:10031000042AFAD203E011F8013B00F8013B521E17
:10032000F9D27047D2B201E000F8012B491EFBD28E
:1003300070470022F6E710B513460A4604461946F0
:10034000FFF7F0FF204610BD421C10F8011B0029EA
:10035000FBD1801A704730B504460020034600E008
:100360005B1C934203D2E05CCD5C401BF8D030BDF7
:1003700070B500B91068002512E00B4602E0A642F5
:1003800003D05B1C1C78002CF9D1E3B22B4305D0C1
:100390002CB125B1002100F8011B04E00546401CEA
:1003A0000678002EE9D11060284670BD004ADFE7CC
:1003B0008C03002010B50346002004E0401C491CBB
:1003C00003F8014B521E012A02D90C78002CF5D1FA
:1003D00022B100221A7001E0401C491C0A78002A50
:1003E000FAD110BD70B506460BF090FA04680546C8
:1003F0000A220021304600F097FA2C6070BD2DE9EA
:10040000FE4F804681EA0300C00F0C46009021F0A9
:10041000004123F00045B8EB0200A94105D2404657
:10042000214690461C460B46024623F000401043EE
:1004300047D0270DC7F30A00C3F30A510290401AB0
:10044000019040286BDAC3F3130040F4801B00983E
:10045000924620B10023D2EB030A63EB0B0B019809
:100460005946C0F140025046FFF73BFF06460D4695
:1004700050465946019A00F0C9F910EB0800614155
:10048000002487EA115284EAE7731A4340D0009AA5
:1004900062B3019A012A4FEA075215DC001B61EB97
:1004A00002014FF0004202EA0752CDE90042001C6F
:1004B00041F5801132462B4600F0B4FA03B0BDE896
:1004C000F08F40462146F9E7001B61EB0201001C5A
:1004D00041F5801300185B412018A2F5001747EB87
:1004E000030140EAD570B6196D4111E06D084FEA7D
:1004F000360645EAC0754FEA0752001B61EB020160
:10050000001C41F5801149084FEA300000195141A3
:1005100032462B4603B0BDE8F04F00F074BA0098A5
:10052000012240000023D0EB020263EBE07300984D
:1005300021464FEAE074B8EB000061EB0401E9E703
:1005400083F000435BE781F0004158E72DE9FE4F5F
:1005500081EA030404F0004421F0004100944FF0CC
:10056000000B23F0004350EA01045ED052EA03047A
:100570005BD0C3F30A54C1F30A552C44A4F2F334FC
:100580000194A0FB0254C1F3130141F48011C3F3A1
:10059000130343F4801301FB024400FB034E840A5F
:1005A000970A44EA815447EA8357A4FB07680295F7
:1005B0008D0A05FB07854FEA932C04FB0C54270595
:1005C000029D4FEA065847EA1637B5EB08056EEB71
:1005D000070C870E920E47EA811742EA8312A7FBA7
:1005E0000201B6EB0B0164EB00042B0D43EA0C3364
:1005F0005E1844EB1C50DA465146E7FB0201C5F396
:1006000013044FEA0B3343EA14534FEA0432019CBC
:1006100043EA0603A4F10C040294009CCDE900B463
:1006200000F000FA03B0BDE8F08F00200146F9E7C2
:100630002DE9F04D81EA030404F0004B21F0004560
:1006400014464FF0000A23F0004150EA050220D082
:1006500054EA01021DD0C5F30A570246C5F313033D
:10066000C1F31300C1F30A5640F4801543F480131C
:10067000A7EB0608101BD64608F2FD3873EB050001
:1006800002D308F1010801E092185B41B8F1000FB4
:1006900003DA00200146BDE8F08D00204FF4801100
:1006A000064684460EE0171B73EB050705D3121BA5
:1006B00063EB050306434CEA010C49084FEA30009E
:1006C00092185B4150EA0107EDD152EA030012D0C3
:1006D00082EA040083EA0501084305D0101BAB4100
:1006E00006D20122002306E000224FF0004302E080
:1006F0006FF0010253101AEB06004CEB085110EB9F
:100700000A0041EB0B01BDE8F04D00F07CB90EB5DD
:10071000C10F80EAE0700844CA07002140F2334369
:100720008DE80E000A460B4600F07CF903B000BDD0
:1007300000F0004230F000400AD0C10D01F56071B8
:10074000C0F3160042EA0151C20840071143704746
:10075000002001467047000030B5041E71F100040E
:1007600004DB4FF00044404264EB0101141E73F1BE
:10077000000405DB1C464FF00043524263EB0403C8
:10078000994208BF904230BD01F0004330B421F0DF
:10079000004150EA010206D00A0DA2F56072C1F3D1
:1007A0001301002A02DC30BC00207047440F44EAE9
:1007B000C104C100E01830BC00EBC25000F0ECB83E
:1007C00030B50B46014600202022012409E021FA21
:1007D00002F59D4205D303FA02F5491B04FA02F51E
:1007E0002844151EA2F10102F1DC30BD202A04DBF1
:1007F000203A21FA02F00021704721FA02F3D0409A
:10080000C2F120029140084319467047202A06DBB6
:10081000CB17203A41FA02F043EAE07306E041FACE
:1008200002F3D040C2F120029140084319467047BC
:100830003A2800D2303820F02002412A01D3A2F118
:100840003700884201D34FF0FF307047426842B111
:10085000016811F8013B23B1521EC0E9001218468D
:1008600070470121C160881E704742685AB1C36851
:10087000016843B983688B4205D0491E521CC0E908
:100880000012002070474FF0FF3070470FB4002374
:1008900000B589B00CA900910B996FF00042CB60B4
:1008A0001E4B06931E4B07930423CDE901321D4ACC
:1008B000089202466B46002000F020FA09B05DF86D
:1008C00014FB70B586B006464FF0FF300091CDE9BD
:1008D0000101002015460C4604903246694604A8E2
:1008E000FFF7D4FF02460498211825B108B1084645
:1008F00000E020462860049800280DD0002A02DD80
:100900000098884208D0081B0094CDE901043246C3
:10091000694604A8FFF7BAFF06B070BD4D0800088D
:100920006B080008C10B00082DE9F04791460F46FF
:1009300080460446002614F8015B2DB100F03CF916
:100940000068405DC007F6D12B2D02D02D2D18D0A8
:10095000641E4A463946204600F0ECFA27B1396851
:10096000A14201D1C7F8008071054FF002040BD5F8
:100970004042002803DD0AF0C9FF0460A007BDE87B
:10098000F08746F48066E4E70028F8DA0AF0BEFF54
:1009900004606FF00040F2E70029A8BF7047401CD8
:1009A000490008BF20F00100704710B4B0FA80FC85
:1009B00000FA0CF050EA010404BF10BC704749B1C2
:1009C000CCF1200421FA04F411FA0CF118BF012132
:1009D00021430843A3EB0C01CB1D4FEA00614FEA12
:1009E000102042BF002010BC704700EBC3501044E1
:1009F0000029A4BF10BC7047401C490008BF20F06C
:100A0000010010BC704710B5141E73F1000408DA21
:100A1000401C41F1000192185B411A4301D120F0C2
:100A2000010010BD2DE9F04D92469B4611B1B1FA7F
:100A300081F202E0B0FA80F220329046FFF751FCDA
:100A400004460F4640EA0A0041EA0B0153465A4663
:100A5000084313D0114653EA010019D0C8F14002EF
:100A60005046FFF7C3FE05460E46504659464246DD
:100A7000FFF737FC084305D0012004E02046394643
:100A8000BDE8F08D0020054346EAE0762C4337436D
:100A90000A986305E40AA0EB08000022FD0A44EA74
:100AA00047540A3002D500200146E9E70105101934
:100AB0006941DDE9084500196941BDE8F04DA2E74B
:100AC0002DE9F04D00231A461B1A8A4103DB002052
:100AD0000146BDE8F08DC1F30A52C1F3130141F4A0
:100AE00080154FF0000BD10702D100186D41521E46
:100AF0000027044640F2FF11384601EB620A3E46E9
:100B00008046024600204FF48011FFF76FFEC219A5
:100B10007141BB1846EB0100B4EB030C75EB000C04
:100B200004D3E41A65EB000517460E46241908F1B4
:100B300001006D4180463428E3DDF91946EB0600DB
:100B4000091BA84103D24FF0FF32134601E00022F7
:100B500013461BEB070046EB0A51BDE8F04DFFF7CB
:100B600052BFC1F30A52C1F3130140F2FF3341F403
:100B700080119A4202DA00200146704740F2334366
:100B80009A42A2F2334202DC5242FFF72FBEFFF735
:100B9000A8BB0000064C074D06E0E06840F00103EA
:100BA00094E8070098471034AC42F6D3FFF7F0FA08
:100BB000505101087051010800487047C0500108A9
:100BC00010B50446FFF7F8FF0068005D00F0010073
:100BD00010BD00002DE9FF4F087883B09946FF282B
:100BE00005D0491C2D2804D00024002008E0002056
:100BF0000BE00124F9E700EB800003EB4000491C07
:100C00000B78FF2BF7D104B14042002302931478F4
:100C100019461D462D2C01D02B2C04D1521C2D2CF5
:100C200013D000240294AA461478FF2C0FD00A2572
:100C3000A3FB057801FB05814FF0000C03FB0C11B1
:100C4000521CE3194AEB0101EEE70124EAE7814473
:100C500053EA010002D019F5C87F06DA0398002193
:100C6000C0E9001107B0BDE8F08F0025AE4E2F4659
:100C7000DFF8B882184600F0ACF9CDE90001B9F10F
:100C8000000002DAC9F1000400E004460023A74A8C
:100C90001AEB030B42EB045A12E0E00707D02A4696
:100CA000334638464146FFF751FC074688462A46F8
:100CB000334610461946FFF749FC05460E466410B8
:100CC000002CEAD1DDE90001B9F1000F5A46534684
:100CD00006DAFFF7ADFC3A464346FFF7A9FC05E00C
:100CE000FFF734FC3A464346FFF730FC029A0AB15C
:100CF00081F00041039AC2E90001B3E72DE9FF4FFB
:100D00001F468DB0D7E901464FF0FF382E204546EB
:100D10004FF000090B90B9696D1C0E988847396A2D
:100D2000824688470028F6D1BAF1FF3F0AD024F462
:100D3000D064002E11DDBAF12B0F08D0BAF12D0FBF
:100D40000BD102E0404611B08DE744F48064B969EC
:100D50006D1C0E9888478246761E6946600501D54F
:100D60002D2000E02B208DF8000001F1010B0DF18A
:100D7000200809E0B9696D1C0E98884782460F98D3
:100D800044F40074761E0560002E02DDBAF1300FC7
:100D9000F0D00B998A453ED144F0800406E00F99CB
:100DA000681CA9F1010944F400740860B9696D1C5C
:100DB000761E0E98884782463028F0D02BE00B999B
:100DC0008A4505D1200603D444F08004761E18E03D
:100DD00050460BF0B9F808B30DF11301761E44F438
:100DE00000748B4508D2AAF130000BF8010B2006E5
:100DF00007D5A9F1010003E0200602D409F10100A2
:100E00008146A00502D50F99681C0860B9696D1C60
:100E10000E9888478246002ED1DC53E0002E51DD2B
:100E2000BAF1650F02D0BAF1450F4BD1A00549D5F3
:100E3000B9696D1C24F44074761E0E98884782466A
:100E4000002E0CDD2B2804D0BAF12D0F07D144F46D
:100E50008074B9696D1C0E9888478246761EE0053D
:100E600001D52D2100E02B2108F8011BCDF82C80A5
:100E700021E00DF12901761E44F4007488450CD25E
:100E8000AAF1300010F0FF0088F8000002D10B99A1
:100E9000884509D908F1010806E0E00501D5244894
:100EA00001E042F20F708146B9696D1C0E988847C7
:100EB00082460F980560002E04DD50460BF044F882
:100EC0000028D6D1F9690E988847FF208BF80000DA
:100ED00088F800000020069007904B466A4608A953
:100EE00006A8FFF777FEA00502D46FF001002AE7FD
:100EF00014F0240F0AD0E00714D1DDE90612386897
:100F0000031D3B600068C0E900120BE0DDE906014B
:100F1000FFF73AFC0146E00704D13868021D3A6049
:100F20000068016028460EE7000014400000F03F12
:100F3000F1D8FFFF2DE9F05F8246007800271546C3
:100F40008B460AF10104B946302801D09DB113E067
:100F500014F8010B0127782803D0582801D045B197
:100F60000AE00DB1102D07D10027102514F8010B50
:100F700002E0082500E00A250026B0460EE005FB49
:100F8000080005FB06F1012701EB10461FFA80F867
:100F9000B6F5803F00D3B94614F8010B2946FFF798
:100FA00047FC0028EBDABBF1000F05D00FB1641E3F
:100FB00000E05446CBF80040B9F1000F06D00AF02B
:100FC000A5FC02210160C81EBDE8F09F48EA06406A
:100FD000FAE70EB540F2334202920022CDE9002238
:100FE0001346FFF71FFD03B000BD70B58C1810F855
:100FF000015B15F0070301D110F8013B2A1106D15E
:1010000010F8012B03E010F8016B01F8016B5B1E77
:10101000F9D12B0705D40023521E0DD401F8013B52
:10102000FAE710F8013BCB1A921C03E013F8015BBE
:1010300001F8015B521EF9D5A142D8D3002070BD42
:1010400070B504465B4D686820F44030686068689D
:101050006168084368602068406820F480702168F7
:10106000486020684168206941EA002021684860A2
:101070002068406820F0407021684860206840681F
:10108000A1680843216848602068806820F40060F7
:101090002168886020688068E1680843216888606A
:1010A0004549A06A884218D02068806820F07060A6
:1010B0002168886020688068A16A08432168886088
:1010C0002068806820F0405021688860206880682F
:1010D000E16A0843216888600BE02068806820F09E
:1010E0007060216888602068806820F04050216826
:1010F00088602068806820F002002168886020688D
:101100008168207E41EA4000216888602020005DDF
:10111000F8B1606A18B1606A082800D804E04FF49A
:10112000F56126A00BF0BFFA2068406840F400602B
:10113000216848602068406820F460402168486069
:1011400020684168606A401E41EA4030216848607A
:1011500005E02068406820F400602168486020684D
:10116000C06A20F470002168C8622068C16AA08B40
:10117000401E41EA00502168C8622068806820F45F
:101180000070216888602068816894F8300041EA26
:101190004020216888602068806820F48060216891
:1011A000886020688168606941EA802021688860E1
:1011B00070BD0000002301400100000F2E5C44724E
:1011C00069766572735C53544D3332463478785F78
:1011D00048414C5F4472697665725C5372635C731C
:1011E000746D3332663478785F68616C5F61646314
:1011F0002E63000000BFFEE710B545484078002888
:1012000071D04448007880B90120424908700FF03D
:10121000EDFF4149086000213D4A11615161012003
:101220003E4908703E4803F02BFC3C4800780128FA
:101230002AD10FF0DBFF38490968401A3449496860
:1012400088423ED3364803F0D5FC00224FF40061BB
:10125000344801F0A7FC0FF0C9FF2F4908600020B7
:101260002E4908702A480078012802D10020284918
:1012700048702748D0E904314068181841F100014E
:10128000234AC2E904011CE00FF0B0FF22490968BB
:10129000401A1F498968884213D3214803F0F0FBA4
:1012A0000FF0A4FF1C49086001201C490870184871
:1012B000D0E904318068181841F10001144AC2E9EC
:1012C000040113480078032821D11148D0E90430E3
:1012D0000F49D1E906219A1A884118D300200C49F8
:1012E000487014E0FFE70E4803F084FC00224FF43E
:1012F00000610C4801F056FC0020074908600549D0
:1013000008700649087020210148FFF712F810BD47
:10131000C0060020900100208C01002091010020D7
:10132000C41C0020000C024010B50222054B1A70AC
:1013300001225A701A465060916000231446A3613E
:10134000E36110BDC006002030B50324044D2C70AD
:1013500001246C702C466060A160C4E9062330BD96
:10136000C00600200121064A1170517011464860E4
:10137000002191600022024B9A61DA6170470000FF
:10138000C00600200020014948707047C0060020B8
:1013900000B59FED061A4FF4FA712F20DFED040A15
:1013A0009FED040A09F042F800BD00006666663E43
:1013B0002DB29D3E643B9F3E10B5024800F030FECA
:1013C00010BD0000C41F002010B5024800F028FE28
:1013D00010BD0000A421002010B5024800F020FE3E
:1013E00010BD0000041F002010B5024800F018FED8
:1013F00010BD0000641F002010B5024800F010FE70
:1014000010BD00004421002010B5024800F008FE85
:1014100010BD00002420002010B5024800F000FE9E
:1014200010BD00008420002010B5024800F0F8FD37
:1014300010BD0000E4200020014608781038182371
:10144000B0FBF3F20848805CC865032A05D9086838
:101450006FF30900001D886503E008686FF3090059
:101460008865886D704700003450010801460020EF
:101470008A6A8B69CBB932B1012A0DD0022A03D016
:10148000032A10D10EE000BFCB6A03F08073B3F1E2
:10149000807F00D1012007E0CB6AB3F1C07F00D18B
:1014A000012001E000E000BF34E08B69B3F5005F8C
:1014B0001AD132B1012A07D0022A03D0032A11D14E
:1014C0000AE000BF01200EE0CB6A03F08073B3F1A5
:1014D000807F00D1012006E0CB6AB3F1C07F00D14C
:1014E000012000E000BF15E032B1012A05D0022A38
:1014F00004D0032A0CD103E000BF00BF012008E0A4
:10150000CB6A03F08073B3F1807F00D1012000E04B
:1015100000BF00BF704730B50468246824F48024FD
:1015200005682C60046863608468402C04D10468FA
:10153000A2600468E16003E00468A1600468E260FE
:1015400030BD00002DE9F04104460D4617462878CD
:10155000402803D1781E285C612802D00020BDE815
:10156000F0816E78A6F1310007281AD2DFE800F08A
:1015700004070A0D101316000120607012E002200B
:1015800060700FE0032060700CE00420607009E0E0
:101590000520607006E00620607003E007206070A0
:1015A00000BF00BF00BF2046E1698847637832462C
:1015B00002A111480AF0FEF80120D0E750617273D1
:1015C0006564206672616D65207769746820636F59
:1015D0006D6D616E643A203078253032582C20755C
:1015E00070646174656420737461746520746F3A0B
:1015F0002025640A0000000004220020704710B576
:101600000446204601F04AF810BD000010B53C2108
:10161000074804F0E3F83C21064804F0DFF83C21D9
:10162000054804F0DBF83C21044804F0D7F810BD6D
:10163000A41B0020EC1B0020341C00207C1C00207C
:1016400072B600BFFEE7000010B51021034801F09C
:1016500043FA012800D110BD0020FCE70010024031
:1016600010B5154800F032FB6421134800F0C6FAAB
:10167000114800F03DF904460F4800F009FCC4F39E
:101680000B0400EE104AB8EE400ADFED0C0A20EE23
:10169000200AF2EE060A20EE200AF7EE000A20EEFB
:1016A000200ADFED070A80EE201A064880ED001AB6
:1016B00090ED000A10BD0000081B0020295C4F407F
:1016C0000000804588010020F8B505460C46002042
:1016D00000902068122800D804E040F28B6172A0CC
:1016E0000AF0E1FF606818B16068102800D804E0D3
:1016F00040F28C616CA00AF0D6FFA068A0B1A0688F
:10170000012811D0A06802280ED0A06803280BD0B1
:10171000A068042808D0A068052805D0A06806287D
:1017200002D0A068072800D104E040F28D615EA0DD
:101730000AF0B9FF00BF95F83C00012801D1022052
:10174000F8BD012085F83C0000BF2068092816D9A3
:101750002868C06821780A3901EB410207219140CD
:1017600088432968C86021780A3901EB4101A068E3
:1017700088402968C96808432968C86013E0286858
:101780000069217801EB41020721914088432968D3
:101790000861217801EB4101A06888402968096946
:1017A0000843296808616068072817D22868406BD9
:1017B0002179491E01EB81021F219140884329684C
:1017C0004863208880B22179491E01EB810188405D
:1017D0002968496B08432968486331E060680D282F
:1017E00017D22868006B2179C91F01EB81021F21E4
:1017F0009140884329680863208880B22179C91FF5
:1018000001EB810188402968096B08432968086356
:1018100016E02868C06A21790D3901EB81021F2189
:10182000914088432968C862208880B221790D39A7
:1018300001EB810188402968C96A08432968C862A8
:10184000274E28492868884206D12068122803D1EB
:10185000706840F4800070602249286888421CD17A
:101860002068102802D02068112816D1706840F432
:1018700000007060206810280FD11B4800681B49C9
:10188000B0FBF1F000EB80004000009002E0009817
:10189000401E009000980028F9D100BF002085F874
:1018A0003C0000BF00BF4BE72E5C44726976657256
:1018B000735C53544D3332463478785F48414C5F03
:1018C0004472697665725C5372635C73746D333213
:1018D000663478785F68616C5F6164632E630000D2
:1018E0000023014000200140FC02002040420F0084
:1018F00001460868C06C704770B5044600250CB9F5
:10190000012070BD8B492068884207D08A49206831
:10191000884203D089492068884200D104E04FF40E
:10192000A17187A00AF0BFFE606858B16068B0F589
:10193000803F07D06068B0F5003F03D06068B0F525
:10194000403F00D104E040F243117DA00AF0ABFE1D
:10195000A06858B1A068B0F1807F07D0A068B0F14E
:10196000007F03D0A068B0F1407F00D104E04FF4C5
:10197000A27173A00AF097FE206910B120690128B6
:1019800000D104E040F245116DA00AF08CFE207EEB
:1019900010B1207E012800D104E04FF4A37168A0AB
:1019A0000AF081FEA06AE8B3A06AB0F1807F3DD062
:1019B000A06AB0F1007F39D0A06AB0F1407F35D085
:1019C000A06AB0F1806F31D0A06AB0F1A06F2DD0C5
:1019D000A06AB0F1C06F29D0A06AB0F1E06F25D045
:1019E000A06AB0F1006F21D0A06AB0F1106F1DD0D5
:1019F000A06AB0F1206F19D0A06AB0F1306F15D095
:101A0000A06AB0F1406F11D0A06AB0F1506F0DD054
:101A1000A06AB0F1606F09D0A06AB0F1706F05D014
:101A2000554900E002E0A06A884200D104E040F29B
:101A3000471143A00AF037FEE06818B1E068B0F53E
:101A4000006F00D104E04FF4A4713DA00AF02BFE1A
:101A5000E06918B1E069102800D804E040F24911AB
:101A600037A00AF020FE94F8300018B194F8300046
:101A7000012800D104E04FF4A57131A00AF013FE53
:101A80006069012804D0606910B16069022800D142
:101A900004E040F24B112AA00AF005FE2020005D70
:101AA00018B12020005D012800D104E04FF4A67198
:101AB00023A00AF0F8FD3049A06A884213D0E06AFA
:101AC00058B1E06AB0F1805F07D0E06AB0F1005F22
:101AD00003D0E06AB0F1405F00D104E04FF4A87198
:101AE00017A00AF0E0FD206C30B9204600F046F85F
:101AF0000020606484F83C00206C00F0100088B97D
:101B0000206C20F4885040F0020020642046FFF74B
:101B100097FA00206064206C20F0020040F0010081
:101B2000206400E0012500BF002084F83C0000BFD5
:101B30002846E6E600200140002101400022014045
:101B40002E5C447269766572735C53544D33324631
:101B50003478785F48414C5F4472697665725C53B3
:101B600072635C73746D3332663478785F68616C6D
:101B70005F6164632E6300000100000F10B586B042
:101B80000446142101A8FEF7D4FB194920688842B5
:101B90002BD100BF002000901648006840F48070F0
:101BA000144908600846006800F48070009000BF87
:101BB00000BF00BF002000900E481438006840F0BD
:101BC00002000C49143908600846006800F0020061
:101BD000009000BF00BF0120019003200290002070
:101BE000039001A9044800F06DFD06B010BD00008F
:101BF00000200140443802400004024070B5044611
:101C00000D4600262068806800F48060B0F5806F83
:101C100011D12068806800F48070B0F5807F0AD10F
:101C2000206C40F02000206400BF002084F83C00BD
:101C300000BF012070BD00F0EFFF064618E0681CF1
:101C4000B0B125B100F0E8FF801BA84210D9206890
:101C5000006800F0020002280AD0206C40F0040066
:101C6000206400BF002084F83C0000BF0320E1E7AF
:101C70002068006800F002000228E0D16FF0120036
:101C800021680860206C40F400702064206880683F
:101C900000F04050B8B9207EA8B92068C06A00F4AE
:101CA000700020B12068806800F4806058B9206C12
:101CB00020F480702064206C00F4805018B9206CEF
:101CC00040F0010020640020B4E7000038B504466D
:101CD00000200090207E10B1207E012800D104E079
:101CE00040F2D22156A00AF0DEFCE06A58B1E06A68
:101CF000B0F1805F07D0E06AB0F1005F03D0E06A26
:101D0000B0F1405F00D104E040F2D3214CA00AF0D2
:101D1000CAFC00BF94F83C00012801D1022038BD64
:101D2000012084F83C0000BF2068806800F00100BA
:101D3000A0B92068806840F00100216888604E48A2
:101D400000684E49B0FBF1F000EB4000009002E06B
:101D50000098401E009000980028F9D12068806803
:101D600000F00100002860D0206C40F2016188433F
:101D700040F4807020642068406800F4806028B1DE
:101D8000206C20F4005040F480502064206C00F45B
:101D90008050B0F5805F04D1606C20F00600606474
:101DA00001E00020606400BF002084F83C0000BF18
:101DB000334D6FF0220021680860686800F01F0052
:101DC00018BB30492068884213D02F4920688842C8
:101DD00004D1281D006800F01F0050B12B49206875
:101DE00088422AD12648001D006800F01F001028F4
:101DF00023D22068806800F04050F0B920688068E5
:101E000040F080402168886017E01E4920688842C1
:101E100013D12068806800F0405070B92068806855
:101E200040F080402168886007E0206C40F010009E
:101E30002064606C40F00100606400206FE70000E7
:101E40002E5C447269766572735C53544D3332462E
:101E50003478785F48414C5F4472697665725C53B0
:101E600072635C73746D3332663478785F68616C6A
:101E70005F6164632E630000FC02002040420F009B
:101E800000230140002001400021014000220140C8
:101E900010B504461A492068884207D019492068BD
:101EA000884203D018492068884200D104E040F2FB
:101EB0004A3116A00AF0F7FB00BF94F83C00012855
:101EC00001D1022010BD012084F83C0000BF206831
:101ED000806820F00100216888602068806800F038
:101EE000010028B9206C20F4885040F001002064E3
:101EF00000BF002084F83C0000BF00BFE2E7000004
:101F00000020014000210140002201402E5C44726B
:101F100069766572735C53544D3332463478785F1A
:101F200048414C5F4472697665725C5372635C73BE
:101F3000746D3332663478785F68616C5F616463B6
:101F40002E63000070B50446A56D00F065FE0646E0
:101F500094F83500022808D08020606500BF00207A
:101F600084F8340000BF012070BD2068006820F0B4
:101F70001600216808602068406920F08000216810
:101F80004861206C08B9A06C28B12068006820F076
:101F90000800216808602068006820F001002168BE
:101FA000086010E000F038FE801B05280BD92020C7
:101FB0006065032084F8350000BF002084F83400F9
:101FC00000BF0320D0E72068006800F0010000286F
:101FD000E8D194F85C103F208840A860012084F884
:101FE000350000BF002084F8340000BF00BFBBE70D
:101FF000014691F83500022803D080204865012071
:102000007047052081F835000868006820F001005D
:102010000A6810600020F3E7014691F83500704728
:10202000F8B50446002000908C4800684FF4165123
:10203000B0FBF1F7A56D2E6894F85C10082088407D
:10204000304098B12068006800F0040070B120684A
:10205000006820F004002168086094F85C100820F3
:102060008840A860606D40F00100606594F85C10E5
:1020700001208840304068B12068406900F080004D
:1020800040B194F85C1001208840A860606D40F079
:102090000200606594F85C1004208840304068B10C
:1020A0002068006800F0020040B194F85C10042041
:1020B0008840A860606D40F00400606594F85C1092
:1020C00010208840304078B32068006800F0080095
:1020D00050B394F85C1010208840A8602068006815
:1020E00000F4802080B12068006800F4002028B946
:1020F000206CC8B12046216C884715E0A06C98B1CF
:102100002046A16C88470FE02068006800F48070CA
:1021100028B92068006820F0080021680860206C59
:1021200010B12046216C884794F85C10202088402C
:102130003040002865D02068006800F010000028BA
:102140005FD094F85C1020208840A86094F8350097
:10215000052828D12068006820F016002168086052
:102160002068406920F0800021684861206C08B92F
:10217000A06C28B12068006820F008002168086081
:1021800094F85C103F208840A860012084F8350056
:1021900000BF002084F8340000BF206D10B120463D
:1021A000216D8847F8BD2068006800F4802080B168
:1021B0002068006800F4002028B9606C10B1204647
:1021C000616C88471DE0E06BD8B12046E16B884721
:1021D00017E02068006800F4807068B92068006823
:1021E00020F0100021680860012084F8350000BF4D
:1021F000002084F8340000BFE06B10B12046E16B92
:102200008847606D38B3606D00F00100F0B10520C3
:1022100084F835002068006820F00100216808601B
:1022200000BF0098401C0090B84200D905E020682B
:10223000006800F001000028F3D100BF012084F8FD
:10224000350000BF002084F8340000BFE06C10B1FE
:102250002046E16C884700BFA4E70000FC02002094
:102260002DE9F0410446002500F0D6FC074614B9DC
:102270000120BDE8F081C0492068884249D0BE49AC
:1022800018312068884244D0BB49303120688842E8
:102290003FD0B9494831206888423AD0B6496031C8
:1022A0002068884235D0B44978312068884230D0DF
:1022B000B1499031206888422BD0AF49A8312068BD
:1022C000884226D0AD492068884222D0AB491831D7
:1022D000206888421DD0A94930312068884218D032
:1022E000A64948312068884213D0A449603120684B
:1022F00088420ED0A14978312068884209D09F4990
:1023000090312068884204D09C49A83120688842D6
:1023100000D103E0B7219AA00AF0C5F96068D8B1EE
:102320006068B0F1007F17D06068B0F1806F13D0A3
:102330006068B0F1C06F0FD06068B0F1006F0BD073
:102340006068B0F1206F07D06068B0F1406F03D0D3
:102350006068B0F1606F00D103E0B82188A00AF096
:10236000A2F9A06828B1A068402802D0A0688028FF
:1023700000D103E0B92182A00AF095F9E068B0F538
:10238000007F01D0E06800B903E0BA217CA00AF028
:102390008AF92069B0F5806F01D0206900B903E0A7
:1023A000BB2177A00AF07FF9606938B16069B0F5A8
:1023B000006F03D06069B0F5805F00D103E0BC21FD
:1023C0006FA00AF070F9A06938B1A069B0F5005F9C
:1023D00003D0A069B0F5804F00D103E0BD2168A013
:1023E0000AF061F9E06930B1E069B0F5807F02D0B0
:1023F000E069202800D103E0BE2161A00AF053F972
:10240000206A58B1206AB0F5803F07D0206AB0F545
:10241000003F03D0206AB0F5403F00D103E0BF2168
:1024200057A00AF040F9606A10B1606A042800D130
:1024300003E0C02152A00AF036F9606A002835D0C6
:10244000A06A40B1A06A012805D0A06A022802D083
:10245000A06A032800D103E0C52149A00AF023F9AE
:10246000E06A58B1E06AB0F5000F07D0E06AB0F159
:10247000807F03D0E06AB0F1C07F00D103E0C621C5
:102480003FA00AF010F9206B58B1206BB0F5001F87
:1024900007D0206BB0F5800F03D0206BB0F5C00FD4
:1024A00000D103E0C72136A00AF0FDF8022084F82D
:1024B000350000BF002084F8340000BF20680068A9
:1024C00020F00100216808600AE000F0A5FBC01BB5
:1024D000052805D920206065032084F83500C8E66A
:1024E0002068006800F001000028EED1206805682F
:1024F00031480540D4E901010843E16808432169F6
:10250000084361690843A1690843E1690843216AF6
:1025100008430543606A042803D1D4E90B0108434A
:102520000543206805602068456925F00705606A55
:102530000543606A04280DD1A06A0543E06A48B1EA
:102540002046FEF793FF28B140206065012084F803
:1025500035008EE6206845612046FEF76DFF064691
:1025600094F85C103F208840B06000206065012036
:1025700084F8350000207CE61060024010640240C0
:102580002E5C447269766572735C53544D333246E7
:102590003478785F48414C5F4472697665725C5369
:1025A00072635C73746D3332663478785F68616C23
:1025B0005F646D612E6300003F8010F02DE9F047ED
:1025C00004460E4617461D464FF00008D4F85890B2
:1025D0001DB1B5F5803F00D204E040F2CB1121A03F
:1025E0000AF061F800BF94F83400012802D10220FB
:1025F000BDE8F087012084F8340000BF94F835006E
:10260000012825D1022084F83500002060652B4682
:102610003A4631462046FEF77EFF94F85C103F2094
:102620008840C9F808002068006840F0160021685A
:102630000860206C28B12068006840F0080021681C
:1026400008602068006840F001002168086006E02A
:1026500000BF002084F8340000BF4FF0020840465D
:10266000C6E700002E5C447269766572735C535451
:102670004D3332463478785F48414C5F4472697616
:1026800065725C5372635C73746D33326634787850
:102690005F68616C5F646D612E63000070B5044615
:1026A00000F0BAFA06462546681C10B104480078C6
:1026B000054400BF00F0B0FA801BA842FAD370BDF9
:1026C000080300202DE9F84306460C464FF00009A8
:1026D000C8460025E648864217D0E648864214D010
:1026E000E548864211D0E54886420ED0E44886424D
:1026F0000BD0E448864208D0E348864205D0E34840
:10270000864202D0E248864200D103E0AC21E1A03B
:1027100009F0C9FF208880B220B120686FF30F0054
:1027200000B903E0AD21DBA009F0BDFF606830B364
:102730006068012823D06068112820D060680228D2
:102740001DD0606812281AD06068B0F5881F16D0B6
:102750006068B0F5041F12D06068B0F5441F0ED059
:102760006068B0F5901F0AD06068B0F5081F06D009
:102770006068B0F5481F02D06068032800D103E00C
:10278000AE21C4A009F08FFF00276BE1012000FA01
:1027900007F9206800EA0908C8457DD1207900F0D2
:1027A0000300012804D0207900F00300022823D17F
:1027B000E06840B1E068012805D0E068022802D056
:1027C000E068032800D103E0C021B2A009F06BFF4C
:1027D000B56879000320884085437900E068884027
:1027E0000543B56075680120B84085432079C0F382
:1027F0000010B84005437560207900F003000328FD
:1028000016D0A06828B1A068012802D0A0680228CC
:1028100000D103E0D1219FA009F045FFF5687900C0
:102820000320884085437900A06888400543F5600F
:10283000207900F0030002287ED1206968B3206966
:10284000092864D0206940B3206930B3206920B3DF
:10285000206910B32069012859D02069012856D079
:102860002069022853D02069022850D0206902280C
:102870004DD0206903284AD02069042847D0206918
:10288000042844D02069042841D0206905283ED07E
:10289000206905283BD001E0E3E038E02069092801
:1028A00035D02069062832D0206909282FD0206928
:1028B00007282CD02069072829D02069072826D08E
:1028C0002069082823D02069082820D020690828FA
:1028D0001DD0206909281AD02069092817D020693D
:1028E0000A2814D020690A2811D020690B280ED09C
:1028F00020690C280BD020690C2808D020690D28ED
:1029000005D020690C2802D020690F2800D103E0EF
:10291000DE2160A009F0C7FEF90806F1200050F89A
:1029200021507807C10E0F20884085437907C90ED2
:1029300020698840054300E004E0F90806F1200022
:1029400040F821503568790003208840854320797C
:1029500000F003007900884005433560606800F4AA
:10296000403000287DD000BF00200090574800680C
:1029700040F48040554908600846006800F48040F3
:10298000009000BF00BF5248B90850F82150B80766
:10299000010F0F20884085433548864201D1002031
:1029A00023E03448864201D101201EE032488642AD
:1029B00001D1022019E03148864201D1032014E000
:1029C0002F48864201D104200FE02E48864201D1D3
:1029D00005200AE02C48864201D1062005E02B485C
:1029E000864201D1072000E00820B907090F88407E
:1029F00005433748B90840F821503648056825EAAC
:102A00000805606800F4801008B145EA08053148FF
:102A10000560001D056825EA0805606800F40010DF
:102A200008B145EA08052B48001D05602948001F2C
:102A3000056825EA0805606800F4003008B145EA39
:102A400008052448001F0560001F056825EA0805E1
:102A5000606800F4803008B145EA08051D48083870
:102A600005607F1C102FFFF491AEBDE8F8830000D5
:102A7000000002400004024000080240000C024036
:102A8000001002400014024000180240001C0240E6
:102A9000002002402E5C447269766572735C535468
:102AA0004D3332463478785F48414C5F44726976E2
:102AB00065725C5372635C73746D3332663478781C
:102AC0005F68616C5F6770696F2E63004438024015
:102AD00008380140083C014070B506460C46A0B2DB
:102AE00018B1200C000400B904E04FF4BE7105A039
:102AF00009F0D9FD3069204008B1012500E000252A
:102B0000284670BD2E5C447269766572735C5354BE
:102B10004D3332463478785F48414C5F4472697671
:102B200065725C5372635C73746D333266347878AB
:102B30005F68616C5F6770696F2E630070B50546F2
:102B40000C46A0B218B1200C000400B904E04FF408
:102B5000DB7106A009F0A7FD6E6924EA060006EA0B
:102B6000040140EA0140A86170BD00002E5C44727F
:102B700069766572735C53544D3332463478785FAE
:102B800048414C5F4472697665725C5372635C7352
:102B9000746D3332663478785F68616C5F67706932
:102BA0006F2E630070B506460C461546A0B218B1EC
:102BB000200C000400B904E040F29D1108A009F0C7
:102BC00072FD0DB1012D00D104E04FF4CF7104A0CE
:102BD00009F069FD0DB1B46101E02004B06170BD80
:102BE0002E5C447269766572735C53544D33324681
:102BF0003478785F48414C5F4472697665725C5303
:102C000072635C73746D3332663478785F68616CBC
:102C10005F6770696F2E63000148006870470000AD
:102C200000030020704770472DE9F84F04462068E4
:102C300047692068D0F80480002594F83E90C7F3D7
:102C4000002040B1C8F3002028B145F001056FF421
:102C5000807021684861C7F3402040B1C8F300206C
:102C600028B145F002056FF4007021684861C7F390
:102C7000802070B3C8F3002058B3CA46B4F82AB015
:102C800094F83D60206B0090BAF1200F0FD1BBF19A
:102C9000000F0CD1212E06D0292E04D0282E06D1CB
:102CA0000098212803D1204605F098F811E06FF430
:102CB00080602168486145F00405B9F1100F02D029
:102CC000B9F1400F05D12068006840F40070216818
:102CD0000860C7F3C02040B1C8F3002028B145F018
:102CE00008056FF40060216848612DB1206C28430D
:102CF0002064204604F0F4F9BDE8F88F2DE9F04790
:102D000005464FF0000928684668D5F82CA095F8CC
:102D10003E7095F83D80102F01D0402F75D1286866
:102D2000D0F818902868446904F0010060B9BAF539
:102D30002A0F02D0BAF12A4F01D1012000E0002071
:102D4000012801D1BDE8F08704F0010048B1C6F3C5
:102D5000402030B1284604F02FF9284604F0D4FD75
:102D6000B7E0C4F3C00030B1C6F3402018B1284624
:102D700004F081FCADE0C4F3400030B1C6F3402064
:102D800018B1284604F08CFCA3E0C9F3800040B3DE
:102D90002868406800F40060B0F5006FE0D0C4F32C
:102DA000C01048B1C6F3802030B1C4F3800018B918
:102DB000284604F0F4FB8CE0C4F380000028CFD058
:102DC000C6F340200028CBD0B8F1210F03D128460C
:102DD00004F095FB7DE0402F7BD1284604F0E3FD15
:102DE00077E02868406800F40060B0F5006F70D0AC
:102DF000C4F3801050B1C6F3802038B1C4F3800012
:102E000020B9284604F0F9FA63E00BE0C4F380002F
:102E100000285ED0C6F3402000285AD0284604F08F
:102E200054FA56E0286C10B12868446904E0286818
:102E3000D0F8189028684469C4F3400060B1C6F324
:102E4000402048B1286C10B12868D0F81890494645
:102E5000284604F08BFF3CE0C4F3001030B1C6F309
:102E6000402018B1284605F00DF832E0B8F1210FE6
:102E700002D0B8F1290F16D1C4F3C01048B1C6F37F
:102E8000802030B1C4F3800018B9284604F04BFF0D
:102E90001FE0C4F38000E0B1C6F34020C8B128466B
:102EA00004F034FF15E0C4F3801048B1C6F380206D
:102EB00030B1C4F3800018B9284604F004FF08E0DC
:102EC000C4F3800028B1C6F3402010B1284604F0B6
:102ED000EDFE00BF36E7704770B504460CB901201F
:102EE00070BDA3492068884207D0A2492068884263
:102EF00003D0A1492068884200D104E040F2C91102
:102F00009EA009F0D0FB606820B1AA4960688842A1
:102F100000D804E04FF4E57198A009F0C4FBA06864
:102F200018B1A068B0F5804F00D104E040F2CB1199
:102F300092A009F0B8FBE0686FF3090000B904E063
:102F40004FF4E6718DA009F0AEFB2069B0F5804F1B
:102F500003D02069B0F5404F00D104E040F2CD111C
:102F600086A009F0A0FB606910B16069012800D15A
:102F700004E04FF4E77181A009F095FBA06920F00F
:102F8000FE0000B904E040F2CF117CA009F08BFBF9
:102F9000E06910B1E069402800D104E04FF4E87125
:102FA00076A009F080FB206A10B1206A802800D149
:102FB00004E040F2D11171A009F075FB94F83D00D6
:102FC00028B9002084F83C00204600F085FB24202E
:102FD00084F83D002068006820F001002168086046
:102FE0002068006840F4004021680860206800689C
:102FF00020F400402168086000F0D8FE05466E49C4
:103000006068884206D86D48854201D2012007E0F9
:10301000002005E06A48854201D2012000E000203E
:10302000012800D15CE76748B5FBF0F620684068EE
:1030300020F03F003043216848605F496068884263
:1030400001D8701C07E04FF4967070434FF47A710A
:10305000B0FBF1F0401C2168096A21F03F010843F0
:103060002168086254496068884214D8681E616803
:103070004900B0FBF1F0401CC0F30B00042801D262
:1030800004203DE0681E61684900B0FBF1F0401C7F
:10309000C0F30B0034E0A06838B9681E616801EB2A
:1030A0004101B0FBF1F0401C0AE0681E616801EBD1
:1030B000C10202EB0111B0FBF1F0401C40F4804072
:1030C000C0F30B0008B901201AE0A06848B9681ED7
:1030D000616801EB4101B0FBF1F0401CC0F30B0053
:1030E0000CE0681E616801EBC10202EB0111B0FB4C
:1030F000F1F0401CC0F30B0040F4804040F400406D
:103100002168C9694CF6FF72914308432168C86180
:10311000D4E9070108432168096821F0C001084388
:1031200021680860D4E9031008432168896848F2DF
:10313000FF329143084321688860D4E905010843C0
:103140002168C96821F0FF0108432168C860206830
:10315000006840F001002168086000202064202001
:1031600084F83D000020206384F83E0000BFB7E6ED
:103170000054004000580040005C00402E5C447247
:1031800069766572735C53544D3332463478785F98
:1031900048414C5F4472697665725C5372635C733C
:1031A000746D3332663478785F68616C5F6932635E
:1031B0002E630000801A0600A086010080841E0095
:1031C00000093D0040420F0070477047704770474C
:1031D000704700002DE9FC5F0446884691461E4674
:1031E000DDE90CAB0E9FFFF717FD0546012E01D060
:1031F000102E00D104E040F64821BAA009F053FA9D
:1032000094F83D00202870D119230122C34920469B
:10321000009504F030FF10B10220BDE8FC9F00BF14
:1032200094F83C00012801D10220F6E7012084F83F
:103230003C0000BF2068006800F0010028B9206849
:10324000006840F00100216808602068006820F4F0
:10325000006021680860222084F83D00402084F846
:103260003E0000202064C4F824A0A4F82AB0608D99
:103270002085AB48E06233464A4641462046CDE9C8
:10328000007504F0F3FB08B10120C6E7208D88B972
:1032900000BF00200190206840690190206880698B
:1032A000019000BF00BF2068006840F400702168F2
:1032B000086040E0208D012818D12068006820F4C3
:1032C00080602168086000BF00200190206840698C
:1032D000019020688069019000BF00BF20680068ED
:1032E00040F400702168086025E0F8E0208D022895
:1032F00016D12068006820F480602168086020688A
:10330000006840F400602168086000BF0020019060
:1033100020684069019020688069019000BF0AE040
:1033200000BF0020019020684069019020688069FA
:10333000019000BF00BFC3E0208D03287ED8208D00
:10334000012815D12A463946204604F070FF08B1FD
:10335000012062E720680069616A0870606A401CA9
:103360006062208D401E2085608D401E6085A7E034
:10337000208D02282AD13B4600226A49204600952A
:1033800004F079FE08B1012047E72068006840F4A6
:1033900000702168086020680069616A0870606ACE
:1033A000401C6062208D401E2085608D401E60851F
:1033B00020680069616A0870606A401C6062208D44
:1033C000401E2085608D401E608579E03B460022CE
:1033D00054492046009504F04EFE08B101201CE738
:1033E0002068006820F48060216808602068006917
:1033F000616A0870606A401C6062208D401E2085F2
:10340000608D401E60853B4600224649204600955F
:1034100004F031FE08B10120FFE62068006840F4A6
:1034200000702168086020680069616A0870606A3D
:10343000401C6062208D401E208500E010E0608D01
:10344000401E608520680069616A0870606A401CDF
:103450006062208D401E2085608D401E60852FE0BB
:103460002A463946204604F0E2FE08B10120D4E69F
:1034700020680069616A0870606A401C6062208D83
:10348000401E2085608D401E608520684069C0F325
:103490008000A8B1208D032805D12068006820F4A1
:1034A00080602168086020680069616A0870606A4D
:1034B000401C6062208D401E2085608D401E60850E
:1034C000208D00287FF438AF202084F83D000020B4
:1034D00084F83E0000BF84F83C0000BF9DE6022057
:1034E0009BE600002E5C447269766572735C5354EF
:1034F0004D3332463478785F48414C5F4472697688
:1035000065725C5372635C73746D333266347878C1
:103510005F68616C5F6932632E6300000200100017
:103520000000FFFF040001002DE9FC5F044688460F
:1035300091461D46DDE90CAB0E9FFFF76DFB06467D
:10354000012D01D0102D00D104E040F6CD1152A084
:1035500009F0A9F894F83D0020287DD11923012213
:103560005B492046009604F086FD10B10220BDE8BC
:10357000FC9F00BF94F83C00012801D10220F6E72F
:10358000012084F83C0000BF2068006800F00100C2
:1035900028B92068006840F00100216808602068B0
:1035A000006820F4006021680860212084F83D0054
:1035B000402084F83E0000202064C4F824A0A4F831
:1035C0002AB0608D20854348E0622B464A4641463A
:1035D0002046CDE9007604F0F9FA08B10120C6E7EB
:1035E00031E032463946204604F08EFE50B1206C60
:1035F000042805D12068006840F400702168086044
:103600000120B4E7606A007821680861606A401CA4
:103610006062208D401E2085608D401E6085206880
:103620004069C0F3800070B1208D60B1606A00789D
:1036300021680861606A401C6062208D401E208500
:10364000608D401E6085208D0028CAD132463946E3
:10365000204604F0DDFC00E01CE050B1206C0428A2
:1036600005D12068006840F40070216808600120DE
:103670007DE72068006840F4007021680860202021
:1036800084F83D00002084F83E0000BF84F83C0030
:1036900000BF6CE702206AE72E5C447269766572AF
:1036A000735C53544D3332463478785F48414C5FF5
:1036B0004472697665725C5372635C73746D333205
:1036C000663478785F68616C5F6932632E630000EE
:1036D000020010000000FFFF10B586B00446142160
:1036E00001A8FCF726FE23492068884240D100BF8C
:1036F000002000902048006840F002001E49086049
:103700000846006800F00200009000BF00BF4FF4C0
:103710004070019012200290012003900320049039
:103720000420059001A91548FEF7CCFF00BF00203A
:10373000009011481030006840F400100E4910311C
:1037400008600846006800F40010009000BF00BF49
:10375000002205211F2000F0F3F81F2000F0B6F82A
:1037600000220521202000F0EBF8202000F0AEF828
:1037700006B010BD00540040303802400004024042
:1037800070477047034800680349097808440149B5
:1037900008607047000300200803002010B50D48A2
:1037A000006840F400700B4908600846006840F467
:1037B000806008600846006840F48070086003205C
:1037C00000F028F90F2000F007F800F055F800206D
:1037D00010BD0000003C0240F0B587B00446002652
:1037E000002700BF002000901E48006840F4803091
:1037F0001C4908600846006800F48030009000BF53
:1038000000BF01A902A800F0A9FA00F0DFFA460003
:103810001548B6FBF0F0471E14481549086040F201
:10382000E7311348C1604760002101618160816117
:1038300000F0D2FF054695B90D4801F021F9054683
:103840006DB9182000F042F8102C07D20022214652
:10385000182000F075F80748046000E001252846AC
:1038600007B0F0BD4438024040420F000040014024
:10387000A42300200403002008B500BF002000900E
:103880001148006840F480400F490860084600680D
:1038900000F48040009000BF00BF00BF00200090F7
:1038A000081F006840F08050091F08600846006843
:1038B00000F08050009000BF00BF00220F21901E3A
:1038C00000F03EF808BD00004438024010B5044640
:1038D000002C00DB03E0BC210AA008F0E4FE204637
:1038E00000280DDB00BF00BF00F01F020121914046
:1038F0004209920002F1E022C2F8001100BF00BFAD
:1039000000BF10BD2E5C447269766572735C5354BF
:103910004D3332463478785F48414C5F4472697663
:1039200065725C5372635C73746D3332663478789D
:103930005F68616C5F636F727465782E630000006E
:103940002DE9F05F80460C4615460027102D00D269
:1039500003E0A82120A008F0A6FE102C00D203E06E
:10396000A9211DA008F09FFE07F0B4FF07463946C5
:1039700022462B4601F00700C0F1070ABAF1040FF6
:1039800002D94FF0040A01E0C0F1070AD14600F164
:10399000040ABAF1070F02D24FF0000A01E0A0F1C9
:1039A000030AD4464FF0010A0AFA09FAAAF1010AF9
:1039B0000AEA020A0AFA0CFA4FF0010B0BFA0CFBA6
:1039C000ABF1010B0BEA030B4AEA0B06314640460A
:1039D00007F088FFBDE8F09F2E5C4472697665723F
:1039E000735C53544D3332463478785F48414C5FB2
:1039F0004472697665725C5372635C73746D3332C2
:103A0000663478785F68616C5F636F727465782E76
:103A10006300000010B50446072C07D0062C05D023
:103A2000052C03D0042C01D0032C00D103E09021FD
:103A300009A008F038FE00BF04F00701154A10681D
:103A40004FF6FF021040144A024342EA0120114A95
:103A5000106000BF10BD00002E5C44726976657274
:103A6000735C53544D3332463478785F48414C5F31
:103A70004472697665725C5372635C73746D333241
:103A8000663478785F68616C5F636F727465782EF6
:103A9000630000000CED00E00000FA0570B504467C
:103AA0000D460CB9012070BD2068012803D32068A1
:103AB0000F2800D804E040F25A2195A008F0F3FD49
:103AC0006DB1012D0BD0022D09D0032D07D0042D8F
:103AD00005D0052D03D0062D01D0072D00D104E01F
:103AE00040F25B218AA008F0DEFD9748006800F0F4
:103AF0000700A84209D294490D700846006800F0FA
:103B00000700A84201D00120CDE7207800F0020094
:103B100002283DD1207800F00400042805D18B480C
:103B2000006840F4E05089490860207800F00800FF
:103B3000082805D18548006840F460408349086042
:103B4000A068B8B1A068802814D0A068902811D0CF
:103B5000A068A0280ED0A068B0280BD0A068C0280C
:103B600008D0A068D02805D0A068E02802D0A068BE
:103B7000F02800D104E040F27E2165A008F093FD1A
:103B80007248006820F0F000A16808436F4908609F
:103B9000207800F0010000284ED0606840B16068D5
:103BA000012805D06068022802D06068032800D18F
:103BB00004E040F2852156A008F075FD60680128F8
:103BC00007D1624808380068C0F34040B8B9012006
:103BD00069E76068022802D06068032807D15B4863
:103BE00008380068C0F3406048B901205BE75748D7
:103BF00008380068C0F3400008B9012053E7534873
:103C0000006820F003006168084350490860FFF72E
:103C100003F8064608E0FEF7FFFF801B41F28831FB
:103C2000884201D903203EE74848006800F00C00B4
:103C30006168B0EB810FEED14348006800F00700E7
:103C4000A84209D940490D700846006800F00700F5
:103C5000A84201D0012026E7207800F004000428C3
:103C60001FD1E06878B1E068B0F5805F0BD0E06804
:103C7000B0F5A05F07D0E068B0F5C05F03D0E068A2
:103C8000B0F5E05F00D104E040F2C32120A008F0CD
:103C90000AFD2E48006820F4E050E16808432B49F3
:103CA0000860207800F00800082820D1206978B149
:103CB0002069B0F5805F0BD02069B0F5A05F07D018
:103CC0002069B0F5C05F03D02069B0F5E05F00D196
:103CD00004E040F2CA210EA008F0E5FC1B48006891
:103CE00020F46040216940EAC1001849086000F0F2
:103CF0007DF816490968C1F30311154A515CC840A3
:103D00001449086014480068FFF766FD0020CAE601
:103D10002E5C447269766572735C53544D3332463F
:103D20003478785F48414C5F4472697665725C53C1
:103D300072635C73746D3332663478785F68616C7B
:103D40005F7263632E630000003C0240083802404B
:103D50001C500108FC020020040300200F22026016
:103D60000D4A126802F0030242600B4A126802F028
:103D7000F0028260084A126802F4E052C260064A09
:103D8000126802F46042D2080261044A126802F02A
:103D900007020A607047000008380240003C0240F9
:103DA0000148006870470000FC02002000B5FFF7E2
:103DB000F7FF04490968C1F38221034A515CC840F6
:103DC00000BD0000083802402C50010800B5FFF784
:103DD000E7FF04490968C1F34231034A515CC84016
:103DE00000BD0000083802402C5001082DE9F047C2
:103DF000002400250026A1462548006800F00C009C
:103E000020B1042805D008283AD105E0DFF88490D5
:103E100039E0DFF8849036E01D48001F006800F0AC
:103E20003F041B48001F006800F4800078B11A4866
:103E30001749091F0968C1F38811A0FB01700146E9
:103E4000224600233846FCF71BFA05460EE01148CF
:103E50000F49091F0968C1F38811A0FB01700146D1
:103E6000224600233846FCF70BFA05460848001F97
:103E70000068C0F30140401C4600B5FBF6F902E0C3
:103E8000DFF8109000BF00BF4846BDE8F087000093
:103E9000083802400024F40000127A00F8B5044605
:103EA0000CB90120F8BD20680F2800D803E0E621F6
:103EB000FBA008F0F8FB207800F00100002870D08B
:103EC000606838B16068B0F5803F03D06068B0F5D5
:103ED000A02F00D103E0EB21F1A008F0E4FBFE48A5
:103EE000006800F00C0004280DD0FB48006800F0CA
:103EF0000C00082813D1F848001F006800F4800067
:103F0000B0F5800F0BD1F44808380068C0F340408A
:103F1000002859D06068002856D10120C2E700BFB0
:103F20006068B0F5803F08D1EB480838006840F47D
:103F30008030E949083908601EE06068B0F5A02FBC
:103F40000DD1E5480838006840F48020E24908397E
:103F500008600846006840F4803008600CE0DE48E5
:103F60000838006820F48030DB49083908600846CA
:103F7000006820F48020086000BF606890B1FEF700
:103F80004BFE054606E0FEF747FE401B642801D9BC
:103F9000032087E7D04808380068C0F34040002875
:103FA000F1D011E0FEF738FE054606E0FEF734FEDC
:103FB000401B642801D9032074E7C748083800680B
:103FC000C0F340400028F1D1207800F00200022820
:103FD00073D1E06810B1E068012800D104E040F23C
:103FE0001D11AFA008F05FFB20691F2800D804E076
:103FF0004FF48F71AAA008F056FBB748006800F094
:104000000C0058B1B448006800F00C0008281CD11E
:10401000B148001F006800F48000B0B9AE4808380D
:104020000068C0F3400020B1E068012801D0012001
:1040300038E7A9480838006820F0F800216940EA0C
:10404000C100A5490839086037E0E06800B30120E5
:10405000A2490860FEF7E0FD054606E0FEF7DCFD3C
:10406000401B022801D903201CE79B480838006840
:10407000C0F340000028F1D097480838006820F0CD
:10408000F800216940EAC10093490839086014E04A
:10409000002092490860FEF7BFFD054606E0FEF7E6
:1040A000BBFD401B022801D90320FBE68A480838E3
:1040B0000068C0F340000028F1D1207800F008002B
:1040C000082837D1606910B16069012800D104E087
:1040D0004FF4AF7172A008F0E6FA6069A8B1012050
:1040E0007F490860FEF798FD054606E0FEF794FD5F
:1040F000401B022801D90320D4E677486C300068C1
:10410000C0F340000028F1D014E00020744908609A
:10411000FEF782FD054606E0FEF77EFD401B022805
:1041200001D90320BEE66C486C300068C0F3400043
:104130000028F1D1207800F00400042875D1002770
:10414000A06828B1A068012802D0A068052800D185
:1041500004E04FF4C57152A008F0A5FA5E4838306B
:10416000006800F0805090B900BF002000905A48CD
:104170003830006840F080505749383108600846B0
:10418000006800F08050009000BF00BF0127554834
:10419000006800F48070B0B95248006840F4807044
:1041A00050490860FEF738FD054606E0FEF734FD8D
:1041B000401B022801D9032074E64A48006800F435
:1041C00080700028F2D000BFA068012808D14248C2
:1041D0006830006840F001003F49683108601DE028
:1041E000A06805280DD13C486830006840F0040004
:1041F0003949683108600846006840F001000860ED
:104200000CE035486830006820F001003249683120
:1042100008600846006820F00400086000BFA0683D
:10422000A8B1FEF7F9FC054609E02FE0FEF7F4FC23
:10423000401B41F28831884201D9032032E62648EA
:1042400068300068C0F340000028EFD013E0FEF7AC
:10425000E3FC054608E0FEF7DFFC401B41F2883135
:10426000884201D903201DE61B4868300068C0F36E
:1042700040000028EFD1012F07D1174838300068DF
:1042800020F0805014493831086000BFA06928B17F
:10429000A069012802D0A069022825D12AE00000E7
:1042A0002E5C447269766572735C53544D333246AA
:1042B0003478785F48414C5F4472697665725C532C
:1042C00072635C73746D3332663478785F68616CE6
:1042D0005F7263632E6300000838024000004742AB
:1042E000800E47420070004040F2CD11AFF2500006
:1042F00008F0D9F9A06900287ED06C48006800F069
:104300000C00082879D0A069022877D1E06918B19B
:10431000E069B0F5800F00D105E04FF4EB71AFF22A
:10432000800008F0C0F9206A022803D3206A3F28E1
:1043300000D805E040F2D711AFF29C0008F0B3F9C5
:10434000606A322804D3606AB0F5D87F00D805E0EF
:104350004FF4EC71AFF2B80008F0A5F9A06A02289A
:1043600008D0A06A042805D0A06A062802D0A06A56
:10437000082800D105E040F2D911AFF2DC0008F0C6
:1043800092F9E06A022803D3E06A0F2800D805E01A
:104390004FF4ED71AFF2F80008F085F900204449C0
:1043A0000866FEF739FC054606E0FEF735FC401BC3
:1043B000022801D9032075E53C4808380068C0F39D
:1043C00040600028F1D1D4E907010843616A40EA5E
:1043D00081110122A06AC2EB500041EA00412C2069
:1043E000005D41EA00603149091F08600120304941
:1043F0000866FEF711FC02E055E027E010E00546F4
:1044000006E0FEF709FC401B022801D9032049E51C
:10441000264808380068C0F340600028F1D042E028
:10442000002023490866FEF7F7FB054606E0FEF785
:10443000F3FB401B022801D9032033E51B48083851
:104440000068C0F340600028F1D12CE0A069012889
:1044500000D127E51548001F0668A069012820D073
:1044600006F48001E06981421BD106F03F01206A19
:10447000814216D147F6C0703040616AB0EB811FAF
:104480000FD106F440310122A06AC2EB5000B1EB1B
:10449000004F06D106F070612C20005DB1EB006F7B
:1044A00001D00120FEE40020FCE4000008380240B6
:1044B000000047427047704770B506460C4600251D
:1044C0004E493068884203D04D493068884200D157
:1044D00004E040F2E6714BA008F0E5F82068B0F582
:1044E000006F01D0206800B904E040F2E77145A0F8
:1044F00008F0D9F86068B0F5806F01D0606800B945
:1045000004E04FF4FD613FA008F0CDF8A06858B179
:10451000A068B0F5807F07D0A068B0F5007F03D019
:10452000A068B0F5407F00D104E040F2E97135A009
:1045300008F0B9F8E068FF2800D804E040F2EA711A
:1045400030A008F0B0F82069B0F5805F01D0206994
:1045500000B904E040F2EB712AA008F0A4F8606909
:1045600018B16069B0F5005F00D104E040F2EC7171
:1045700024A008F098F8E069B0F5804F01D0E06918
:1045800000B904E040F2ED711EA008F08CF800BF05
:1045900096F83C00012801D1022070BD012086F868
:1045A0003C0000BF25F0FF00E16840EA010525F46A
:1045B0004070A16840EA010525F48060616840EA26
:1045C000010525F40060216840EA010525F48050CA
:1045D000216940EA010525F40050616940EA0105BE
:1045E00025F48040E16940EA01053068456400BF78
:1045F000002086F83C0000BF00BFCEE7000001406D
:10460000000401402E5C447269766572735C5354F9
:104610004D3332463478785F48414C5F4472697656
:1046200065725C5372635C73746D33326634787890
:104630005F68616C5F74696D5F65782E6300000070
:104640002DE9F04104460D464B49206888421BD0B5
:104650002068B0F1804F17D048492068884213D0B5
:104660004749206888420FD04649206888420BD0CD
:1046700045492068884207D044492068884203D0D1
:1046800043492068884200D104E040F2A97141A06A
:1046900008F009F82868A0B12868102811D0286807
:1046A00020280ED0286830280BD02868402808D051
:1046B0002868502805D02868602802D0286870280B
:1046C00000D104E040F2AA7132A007F0ECFF686864
:1046D000802801D0686800B904E040F2AB712DA0D9
:1046E00007F0E1FF00BF94F83C00012802D102204E
:1046F000BDE8F081012084F83C0000BF022084F86E
:104700003D00206847682068866827F070072868A1
:104710000743206847601849206888421BD02068FA
:10472000B0F1804F17D015492068884213D0144942
:10473000206888420FD01349206888420BD0144962
:104740002068884207D022492068884203D0214946
:104750002068884205D126F08006686806432068F4
:104760008660012084F83D0000BF002084F83C00F2
:1047700000BF00BFBCE70000000001400004004093
:1047800000080040000C00400010004000140040F1
:10479000000401402E5C447269766572735C535468
:1047A0004D3332463478785F48414C5F44726976C5
:1047B00065725C5372635C73746D333266347878FF
:1047C0005F68616C5F74696D5F65782E63000000DF
:1047D000004001400018004010B504460CB901200B
:1047E00010BD5E492068884233D02068B0F1804F08
:1047F0002FD05B49206888422BD05A4920688842D4
:1048000027D059492068884223D0584920688842D7
:104810001FD05749206888421BD0564920688842DB
:1048200017D055492068884213D0544920688842DF
:104830000FD05349206888420BD0524920688842E3
:1048400007D051492068884203D0504920688842E7
:1048500000D104E040F213114DA007F024FFA0683E
:1048600058B1A068102808D0A068202805D0A068FA
:10487000402802D0A068602800D104E04FF48A717B
:1048800043A007F010FF206938B12069B0F5807FA0
:1048900003D02069B0F5007F00D104E040F215118B
:1048A0003BA007F000FF2068B0F1804F03D02E49F5
:1048B0002068884201D1012000E0002048B9E0686A
:1048C00028B1E068B0F5803F01D2012006E0002069
:1048D00004E0E06808B1012000E0002000B104E03D
:1048E0004FF48B712AA007F0DEFEA06910B1A06919
:1048F000802800D104E040F2171125A007F0D3FE74
:1049000094F83D0028B9002084F83C00204600F0CF
:104910005BF8022084F83D00211D206805F0B6FFF9
:10492000012084F8460000BF84F83E0001213F20AA
:104930000155402001554120015500BF00BF012015
:1049400084F842004320015544200155452001557B
:1049500000BF012084F83D00002041E70000014035
:104960000004004000080040000C0040001000401F
:104970000014004000040140004001400044014098
:104980000048014000180040001C0040002000408A
:104990002E5C447269766572735C53544D333246B3
:1049A0003478785F48414C5F4472697665725C5335
:1049B00072635C73746D3332663478785F68616CEF
:1049C0005F74696D2E63000038B50446284920687D
:1049D000884218D100BF002000902648006840F0AF
:1049E0001000244908600846006800F0100000909C
:1049F00000BF00BF002205213620FEF7A1FF3620B0
:104A0000FEF764FF32E01C492068884218D100BFDD
:104A1000002000901748006840F020001549086009
:104A20000846006800F02000009000BF00BF002290
:104A300005213720FEF784FF3720FEF747FF15E0FA
:104A40000E492068884211D100BF0020009009481B
:104A5000001D006840F002000649091D0860084674
:104A6000006800F00200009000BF00BF38BD0000E9
:104A70000010004040380240001400400004014093
:104A800070B5044640492068884233D02068B0F1B0
:104A9000804F2FD03D49206888422BD03C49206868
:104AA000884227D03B492068884223D03A49206871
:104AB00088421FD03949206888421BD03849206875
:104AC000884217D037492068884213D03649206879
:104AD00088420FD03549206888420BD0344920687D
:104AE000884207D033492068884203D03249206881
:104AF000884200D104E04FF4E87130A007F0D3FD04
:104B000094F83D00012801D0012070BD022084F8F6
:104B10003D002068C06840F001002168C8601A4963
:104B2000206888421BD02068B0F1804F17D0174909
:104B30002068884213D01649206888420FD0154952
:104B4000206888420BD016492068884207D0154952
:104B50002068884203D01649206888420CD120681A
:104B6000806800F00705062D0CD02068006840F032
:104B700001002168086005E02068006840F001003D
:104B8000216808600020C0E70000014000040040E8
:104B900000080040000C00400010004000140040DD
:104BA0000004014000400140004401400048014031
:104BB00000180040001C0040002000402E5C4472A1
:104BC00069766572735C53544D3332463478785F3E
:104BD00048414C5F4472697665725C5372635C73E2
:104BE000746D3332663478785F68616C5F74696DB8
:104BF0002E63000010B504462D492068884233D04A
:104C00002068B0F1804F2FD02A49206888422BD0ED
:104C100029492068884227D028492068884223D023
:104C20002749206888421FD02649206888421BD027
:104C300025492068884217D024492068884213D02B
:104C40002349206888420FD02249206888420BD02F
:104C500021492068884207D020492068884203D033
:104C60001F492068884200D104E04FF4FC711DA068
:104C700007F019FD2068C06820F001002168C860B5
:104C800000BF2068006A41F21111084050B9206845
:104C9000006A8910084028B92068006820F00100E7
:104CA0002168086000BF012084F83D00002010BD8D
:104CB000000001400004004000080040000C0040DB
:104CC000001000400014004000040140004001407A
:104CD000004401400048014000180040001C004012
:104CE000002000402E5C447269766572735C5354F8
:104CF0004D3332463478785F48414C5F4472697670
:104D000065725C5372635C73746D333266347878A9
:104D10005F68616C5F74696D2E6300002DE9F0417E
:104D200004460D46002700BF94F83C00012802D13C
:104D30000220BDE8F081012084F83C0000BF022081
:104D400084F83D002868B0F5805F1AD02868702884
:104D500017D02868B0F5005F13D02868402810D01D
:104D6000286850280DD0286860280AD0286840B1EB
:104D70002868102805D02868202802D02868302804
:104D800000D104E041F2C341FDA007F08CFC206893
:104D9000866826F0770626F47F46206886602868B5
:104DA000502878D00CDC202876D004DC002874D081
:104DB000102873D135E2302871D04028F9D1A9E10B
:104DC00060286DD0702845D0B0F5805F03D0B0F575
:104DD000005FEED1A8E0F8492068884233D020680F
:104DE000B0F1804F2FD0F549206888422BD0F4498C
:104DF0002068884227D0F3492068884223D0F249AE
:104E0000206888421FD0F149206888421BD0F049B1
:104E10002068884217D0EF492068884213D0EE49B5
:104E2000206888420FD0ED49206888420BD0EC49B9
:104E30002068884207D0EB492068884203D0EA49BD
:104E40002068884200D104E041F2CF41CCA007F0B5
:104E50002AFC16E2D849206888421BD02068B0F1AD
:104E6000804F17D0D5492068884213D0D449206894
:104E700088420FD0D349206888420BD0D44920689B
:104E8000884207D0D3492068884203D0D44920689B
:104E9000884206D10AE0A3E0C4E1C1E1EFE1C2E14A
:104EA000EBE041F2D641B6A007F0FDFBA86858B18F
:104EB000A868B0F5805F07D0A868B0F5005F03D0A0
:104EC000A868B0F5405F00D104E041F2D941ACA040
:104ED00007F0E9FB6868B0F5004F09D0686838B1A1
:104EE000686828B16868022802D068680A2800D17A
:104EF00004E041F2DA41A2A007F0D5FBE8680F28F0
:104F000000D804E041F2DB419DA007F0CCFBD5E9DD
:104F100002136A68206805F0ABFD2068866846F0D9
:104F2000770620688660ACE1A3492068884213D0E8
:104F30002068B0F1804F0FD0A049206888420BD084
:104F40009F492068884207D09E492068884203D044
:104F50009F492068884200D104E041F2EE4188A0D8
:104F600007F0A1FBA86858B1A868B0F5805F07D02A
:104F7000A868B0F5005F03D0A868B0F5405F00D125
:104F800004E041F2F1417EA007F08DFB6868B0F5C6
:104F9000004F09D0686838B1686828B1686802288D
:104FA00002D068680A2800D104E041F2F24174A0FE
:104FB00007F079FBE8680F2800D804E041F2F341DC
:104FC0006FA007F070FBD5E902136A68206805F04E
:104FD0004FFD2068806840F480402168886050E17F
:104FE0007549206888421BD02068B0F1804F17D0E7
:104FF00072492068884213D07149206888420FD0D6
:105000007049206888420BD071492068884207D0D7
:1050100070492068884203D071492068884200D1D5
:1050200004E041F2025156A007F03DFB6868B0F57C
:10503000004F09D0686838B1686828B168680228EC
:1050400002D068680A2800D104E041F205514CA062
:1050500007F029FBE8680F2800D804E041F2065168
:1050600047A007F020FBEA686968206805F0EEFEBB
:105070005021206805F007FD03E14F492068884270
:105080001BD02068B0F1804F17D04C49206888426F
:1050900013D04B49206888420FD04A492068884283
:1050A0000BD04B492068884207D04A492068884283
:1050B00003D04B492068884200D104E041F21251EC
:1050C0002FA007F0F0FA6868B0F5004F09D06868C3
:1050D00038B1686828B16868022802D068680A2870
:1050E00000D104E041F2155125A007F0DCFAE86890
:1050F0000F2800D804E041F2165121A007F0D3FA9E
:10510000EA686968206805F0B4FE6021206805F04F
:10511000BAFCB6E02849206888421BD02068B0F16C
:10512000804F17D025492068884213D02449206831
:1051300088420FD02349206888420BD02449206838
:10514000884207D023492068884203D02449206838
:10515000884200D104E041F2225109A007F0A3FAED
:105160006868B0F5004F09D0686838B1686828B140
:105170006868022802D068680A2837D13CE000003D
:105180002E5C447269766572735C53544D333246BB
:105190003478785F48414C5F4472697665725C533D
:1051A00072635C73746D3332663478785F68616CF7
:1051B0005F74696D2E630000000001400004004030
:1051C00000080040000C00400010004000140040A7
:1051D00000040140004001400044014000480140FB
:1051E00000180040001C00400020004041F2255102
:1051F000AFF2740007F057FAE8680F2800D805E00E
:1052000041F22651AFF2880007F04DFAEA6869686A
:10521000206805F01BFE4021206805F034FC30E0DA
:1052200000BF00BF00BF1C49206888421BD0206817
:10523000B0F1804F17D019492068884213D018491F
:10524000206888420FD01749206888420BD0164941
:105250002068884207D015492068884203D0144945
:105260002068884200D105E041F23551AFF2F000EC
:1052700007F019FA2968206805F005FC01E001270C
:1052800000BF00BF012084F83D0000BF002084F86B
:105290003C0000BF38464CE50000014000040040DF
:1052A00000080040000C00400004014000400140A4
:1052B000001800402DE9F04104460D4614B90120C4
:1052C000BDE8F081A449206888421BD02068B0F175
:1052D000804F17D0A1492068884213D0A049206888
:1052E00088420FD09F49206888420BD09E49206891
:1052F000884207D09D492068884203D09C49206895
:10530000884200D104E040F6D8319AA007F0CBF9EA
:10531000A06858B1A068102808D0A068202805D03F
:10532000A068402802D0A068602800D104E040F6C0
:10533000D93190A007F0B7F9206938B12069B0F5EC
:10534000807F03D02069B0F5007F00D104E040F6F3
:10535000DA3188A007F0A7F9A06910B1A069802808
:1053600000D104E040F6DB3182A007F09CF9286808
:10537000012805D02868022802D02868032800D117
:1053800004E040F6DC317BA007F08DF9A868012825
:1053900005D0A868022802D0A868032800D104E03C
:1053A00040F6DD3173A007F07EF9A869012805D029
:1053B000A869022802D0A869032800D104E040F6B9
:1053C000DE316CA007F06FF9686810B168680228D8
:1053D00000D104E040F6DF3166A007F064F96869A7
:1053E00010B16869022800D104E04FF43E6161A069
:1053F00007F059F9E86840B1E868042805D0E86882
:10540000082802D0E8680C2800D104E040F6E13119
:1054100058A007F048F9E86940B1E869042805D0C8
:10542000E869082802D0E8690C2800D104E040F6B9
:10543000E23150A007F037F928690F2800D804E0BE
:1054400040F6E3314BA007F02EF9286A0F2800D868
:1054500004E040F6E43147A007F025F92068B0F1F8
:10546000804F03D03F492068884201D1012000E0ED
:10547000002048B9E06828B1E068B0F5803F01D26B
:10548000012006E0002004E0E06808B1012000E00F
:10549000002000B104E040F6E53136A007F003F942
:1054A00094F83D0028B9002084F83C00204600F024
:1054B0007DF8022084F83D002068806844F20701EE
:1054C000884321688860211D206805F0DFF9206885
:1054D000D0F80880206886692068076A286840EA52
:1054E000080840F203308643A969A86840EA012011
:1054F000064340F60C4086434FF2F0008643E969CC
:10550000E86840EA0120064328690001296A40EA68
:105510000130064327F0220727F088076969686889
:1055200040EA011007432068C0F8088020688661BF
:1055300020680762012084F8460084F83E000121BB
:105540003F200155012084F84200432001550120ED
:1055500084F83D000020B3E6000001400004004054
:1055600000080040000C00400004014000400140E1
:10557000001800402E5C447269766572735C535467
:105580004D3332463478785F48414C5F44726976D7
:1055900065725C5372635C73746D33326634787811
:1055A0005F68616C5F74696D2E63000010B586B032
:1055B0000446142101A8FAF7BCFE814920688842FC
:1055C00039D100BF002000907E48006840F0010003
:1055D0007C4908600846006800F00100009000BFA8
:1055E00000BF00BF0020009076481438006840F0EB
:1055F00010007449143908600846006800F0100073
:10560000009000BF00BF4FF4206001900220029084
:1056100001200390002004900120059001A96A4810
:10562000FDF750F800220F211820FEF789F9182005
:10563000FEF74CF9C1E02068B0F1804F50D100BFB7
:10564000002000905F48001F006840F001005D49A5
:10565000091F08600846006800F00100009000BFC4
:1056600000BF00BF0020009056481438006840F08A
:1056700001005449143908600846006800F0010030
:10568000009000BF00BF00BF0020009008460068E7
:1056900040F0020008600846006800F00200009038
:1056A00000BF00BF4FF40040019002200290012093
:1056B0000390002004900120059001A94348FDF7C4
:1056C00001F80820019002200290012003900020A0
:1056D00004900120059001A93D48FCF7F3FF6CE020
:1056E0003C492068884232D100BF002000903548F4
:1056F000001F006840F002003249091F0860084698
:10570000006800F00200009000BF00BF00BF002052
:1057100000902C481438006840F0010029491439E1
:1057200008600846006800F00100009000BF00BF5C
:10573000C0200190022002900120039000200490DC
:105740000220059001A92148FCF7BCFF35E0224961
:105750002068884231D100BF002000901948001F06
:10576000006840F004001749091F086008460068F7
:1057700000F00400009000BF00BF00BF00200090B8
:1057800010481438006840F002000E4914390860CF
:105790000846006800F00200009000BF00BFC02073
:1057A000019002200290012003900020049002202A
:1057B000059001A90648FCF785FF06B010BD000062
:1057C0000000014044380240001002400000024046
:1057D0000004024000040040000800402DE9F047AA
:1057E00004460D4694F83E603F20075D94F84280E1
:1057F000432010F804903F49206888421BD020685D
:10580000B0F1804F17D03C492068884213D03B4903
:10581000206888420FD03A49206888420BD0394925
:105820002068884207D038492068884203D0374929
:105830002068884200D104E040F6964134A006F08A
:1058400032FF6DB9012E02D1B8F1010F02D0012053
:10585000BDE8F087022084F83E0084F8420025E08D
:10586000042D0CD1012F02D1B9F1010F01D001207B
:10587000EEE702213F2001554320015516E0012E9D
:1058800007D1012F05D1B8F1010F02D1B9F1010FF4
:1058900001D00120DCE7022084F83E0002213F20F5
:1058A0000155022084F842004320015515B1042D12
:1058B0000CD105E001220021206805F057F810E026
:1058C00001220421206805F051F80AE0012200219C
:1058D000206805F04BF801220421206805F046F805
:1058E00000BF00BF2068006840F001002168086028
:1058F0000020ADE700000140000400400008004027
:10590000000C00400004014000400140001800402D
:105910002E5C447269766572735C53544D33324623
:105920003478785F48414C5F4472697665725C53A5
:1059300072635C73746D3332663478785F68616C5F
:105940005F74696D2E630000704770B5044620686F
:10595000C5682068066906F00200022819D105F022
:105960000200022815D1401F21680861012020771C
:105970002068806900F0030018B12046FFF7E4FFBB
:1059800005E0204600F0CAF8204600F042FB002067
:10599000207706F00400042819D105F0040004283B
:1059A00015D1C043216808610220207720688069F2
:1059B00000F4407018B12046FFF7C6FF05E020460E
:1059C00000F0ACF8204600F024FB0020207706F021
:1059D0000800082819D105F00800082815D1C0438F
:1059E00021680861042020772068C06900F0030066
:1059F00018B12046FFF7A8FF05E0204600F08EF81A
:105A0000204600F006FB0020207706F0100010284A
:105A100019D105F01000102815D1C0432168086184
:105A2000082020772068C06900F4407018B1204633
:105A3000FFF78AFF05E0204600F070F8204600F0EE
:105A4000E8FA0020207706F0010048B105F00100D7
:105A500030B16FF0010021680861204600F0F2FBD0
:105A600006F08000802809D105F08000802805D14B
:105A7000C043216808612046FEF71CFD06F0400087
:105A8000402809D105F04000402805D1C0432168D5
:105A90000861204600F0EEFB06F02000202809D126
:105AA00005F02000202805D1C04321680861204668
:105AB000FEF701FD70BD000010B586B0044614214C
:105AC00001A8FAF736FC1249206888421DD100BFB0
:105AD000002000900F48006840F004000D49086065
:105AE0000846006800F00400009000BF00BF4FF4BB
:105AF0007070019002200290012003900320049016
:105B0000059001A90448FCF7DDFD06B010BD0000BA
:105B10000004014030380240000802407047000095
:105B20002DE9F04104460D46164600273EB1042EED
:105B300005D0082E03D00C2E01D03C2E00D104E05D
:105B400041F282019DA006F0AEFD2868602802D0D7
:105B50002868702800D104E041F2830197A006F084
:105B6000A2FDA86810B1A868022800D104E041F2A3
:105B7000840192A006F097FD286910B128690428D5
:105B800000D104E041F285018CA006F08CFD00BF3D
:105B900094F83C00012802D10220BDE8F0810120E8
:105BA00084F83C0000BF36B1042E51D0082E70D0CE
:105BB0000C2E6FD1C1E08F49206888422BD020681D
:105BC000B0F1804F27D08C492068884223D08B4980
:105BD000206888421FD08A49206888421BD08949A2
:105BE0002068884217D088492068884213D08749A6
:105BF000206888420FD08649206888420BD08549AA
:105C00002068884207D084492068884203D08349AD
:105C10002068884200D104E041F28F0167A006F0BD
:105C200042FD2946206804F037FF2068806940F073
:105C30000800216888612068806920F004002168DC
:105C40008861206880692969084321688861ACE01F
:105C50006849206888421BD02068B0F1804F17D077
:105C600065492068884213D06449206888420FD073
:105C70006349206888420BD062492068884207D077
:105C800061492068884203D062492068884202D175
:105C900006E01DE087E04FF4855148A006F003FDC3
:105CA0002946206804F076FF2068806940F400608F
:105CB000216888612068806920F48060216888619B
:105CC00020688069296940EA0120216888616CE0C8
:105CD00048492068884213D02068B0F1804F0FD027
:105CE0004549206888420BD044492068884207D043
:105CF00043492068884203D042492068884200D145
:105D000004E041F2B1012DA006F0CDFC2946206847
:105D100004F0C2FF2068C06940F008002168C86133
:105D20002068C06920F004002168C8612068C0694B
:105D3000296908432168C86137E02E4920688842F4
:105D400013D02068B0F1804F0FD02B4920688842D3
:105D50000BD02A492068884207D029492068884208
:105D600003D028492068884200D104E041F2C201F2
:105D700012A006F098FC2946206805F00FF820686C
:105D8000C06940F400602168C8612068C06920F4DF
:105D900080602168C8612068C069296940EA0120E3
:105DA0002168C86101E0012700BF00BF00BF0020DB
:105DB00084F83C0000BF3846EFE600002E5C4472D9
:105DC00069766572735C53544D3332463478785F2C
:105DD00048414C5F4472697665725C5372635C73D0
:105DE000746D3332663478785F68616C5F74696DA6
:105DF0002E63000000000140000400400008004045
:105E0000000C0040000401400040014000440140FB
:105E10000048014000180040001C004000200040E5
:105E200010B504460CB9012010BD5E4920688842B7
:105E300033D02068B0F1804F2FD05B492068884272
:105E40002BD05A492068884227D059492068884277
:105E500023D05849206888421FD05749206888427B
:105E60001BD056492068884217D05549206888427F
:105E700013D05449206888420FD053492068884283
:105E80000BD052492068884207D051492068884287
:105E900003D050492068884200D104E040F22C51E0
:105EA0004DA006F000FCA06858B1A068102808D0EA
:105EB000A068202805D0A068402802D0A0686028EB
:105EC00000D104E040F22D5143A006F0ECFB206924
:105ED00038B12069B0F5807F03D02069B0F5007F2C
:105EE00000D104E040F22E513BA006F0DCFB20681C
:105EF000B0F1804F03D02E492068884201D10120A3
:105F000000E0002048B9E06828B1E068B0F5803FC3
:105F100001D2012006E0002004E0E06808B1012081
:105F200000E0002000B104E040F22F512AA006F06A
:105F3000BAFBA06910B1A069802800D104E04FF439
:105F4000A66125A006F0AFFB94F83D0028B900201B
:105F500084F83C00204600F05BF8022084F83D0005
:105F6000211D206804F092FC012084F8460000BF47
:105F700084F83E0001213F20015540200155412079
:105F8000015500BF00BF012084F8420043200155A5
:105F9000442001554520015500BF012084F83D00F3
:105FA000002041E7000001400004004000080040DC
:105FB000000C0040001000400014004000040140AC
:105FC00000400140004401400048014000180040EA
:105FD000001C0040002000402E5C4472697665720F
:105FE000735C53544D3332463478785F48414C5F8C
:105FF0004472697665725C5372635C73746D33329C
:10600000663478785F68616C5F74696D2E63000038
:106010007047704770B504460D4671492068884244
:1060200007D1002D62D0042D60D0082D5ED00C2D3C
:106030005CD02068B0F1804F07D1002D56D0042DE0
:1060400054D0082D52D00C2D50D06649206888427B
:1060500007D1002D4AD0042D48D0082D46D00C2D54
:1060600044D061492068884206D1EDB3042D3DD06B
:10607000082D3BD00C2D39D05C492068884206D1D0
:1060800095B3042D32D0082D30D00C2D2ED0584988
:106090002068884206D13DB3042D27D0082D25D095
:1060A0000C2D23D053492068884202D1E5B1042D3C
:1060B0001CD051492068884200D1ADB14F492068B9
:1060C000884200D185B14E492068884202D15DB135
:1060D000042D0BD04B492068884200D125B14A4994
:1060E0002068884203D100E000E005B904E040F2F6
:1060F000B35146A006F0D7FA15B994F83E000BE06C
:10610000042D02D13F20005D06E0082D02D1402081
:10611000005D01E04120005D012801D0012070BD3B
:106120001DB9022084F83E000EE0042D03D10221A7
:106130003F20015508E0082D03D1022140200155E0
:1061400002E002214120015501222946206804F085
:106150000DFC23492068884203D0254920688842E5
:1061600001D1012000E0002028B12068406C40F4FB
:106170000040216848641A49206888421BD0206882
:10618000B0F1804F17D017492068884213D01649C4
:10619000206888420FD01549206888420BD01449E6
:1061A0002068884207D013492068884203D01449E8
:1061B000206888420CD12068806800F00706062E0F
:1061C0000CD02068006840F001002168086005E0FC
:1061D0002068006840F001002168086000209EE708
:1061E000000001400004004000080040000C004096
:1061F00000040140004001400044014000480140CB
:1062000000180040001C0040002000402E5C44723A
:1062100069766572735C53544D3332463478785FD7
:1062200048414C5F4472697665725C5372635C737B
:10623000746D3332663478785F68616C5F74696D51
:106240002E63000010B5044607492068884201D13A
:10625000FDF798FA05492068884203D1C114044823
:10626000FCF76CFC10BD0000004001400010004035
:10627000000C02407047F8B504460D46164694F8E7
:10628000420020282DD105B10EB90120F8BD012012
:1062900020630020606332462946204605F08EF9CF
:1062A0000746206B012819D100BF0020009020680C
:1062B0000068009020684068009000BF00BF00BFE9
:1062C00000BF21680C3151E8001F41F01000216827
:1062D0000C3141E80002002AF3D100E001273846E2
:1062E000D4E70220D2E7000070B504460E463546DA
:1062F0002D49206888420AD12A462C492C4804F0AE
:1063000053F84FF4807229492A48FFF7B4FF2A490D
:10631000206888420AD12A462849294803F00AFA07
:106320004FF4807225492748FFF7A5FF26492068CA
:10633000884216D1254800784D2809D12348407855
:10634000502805D12A462149194804F02DF803E0C8
:1063500029461E48F9F7EDFF80221C491C48FFF72B
:106360008AFF1C49206888420AD12A461A491B48DC
:1063700004F01AF84FF4007217491948FFF77BFF31
:106380001849206888420DD10120174988702A4693
:106390001649174804F008F84FF4007213491548DD
:1063A000FFF769FF70BD0000001001405C0A00208B
:1063B000801600202C1E0020004C00405C0B0020AA
:1063C000B81900209C1D002000440040800F0020D0
:1063D000741E002000480040001000208C16002091
:1063E000BC1E002000500040380600208014002011
:1063F00098160020E41D002070B50446144920685A
:1064000088420AD12068056820684068C6B24A15EB
:1064100010491148FFF72FFF00BF1049206888423C
:106420000AD12068056820684068C6B280220C49FD
:106430000C48FFF720FF00BF0B492068884205D1B8
:106440002268106822685268D1B200BF70BD000097
:106450000048004000100020BC1E00200044004006
:10646000800F0020741E0020001001402DE9F84F1D
:106470000446206805682068C668206847694FF0B0
:106480000009CA4605F00F09B9F1000F0AD105F05D
:10649000200038B106F0200020B1204604F0A2FE12
:1064A000BDE8F88FB9F1000F7CD007F0010018B9F2
:1064B00006F49070002875D005F0010030B106F4A4
:1064C000807018B1606C40F00100606405F0040059
:1064D00030B107F0010018B1606C40F00200606458
:1064E00005F0020030B107F0010018B1606C40F017
:1064F0000400606405F0080048B106F0200010B9FF
:1065000007F0010018B1606C40F008006064606C36
:10651000002846D005F0200028B106F0200010B178
:10652000204604F05FFE20684069C0F3801A606C6A
:1065300000F0080010B9BAF1000F2DD0204604F089
:106540008DFD2068406900F04000402820D100BF48
:1065500000BF2168143151E8001F21F0400021687C
:10656000143141E80002002AF3D100BFE06B50B1C2
:106570007F48E16B0865E06BFBF73AFD88B1E06BA3
:10658000016D88470DE02046FFF736FF09E009E07E
:106590002046FFF731FF04E02046FFF72DFF0020E3
:1065A00060647DE7206B012878D105F01000002899
:1065B00074D006F010000028FAD000BF0020009030
:1065C00020680068009020684068009000BF00BF0D
:1065D0002068406900F04000402870D1E06B0068FE
:1065E00040681FFA80F8B8F1000F58D0A08D4045E0
:1065F00055DDA4F82E80E06BC069B0F5807F43D0F4
:1066000000BF00BF21680C3151E8001F21F48070E9
:1066100021680C3141E80002002AF3D100BF00BF1D
:1066200000BF2168143151E8001F21F001002168EA
:10663000143141E80002002AF3D100BF00BF00BFBF
:106640002168143151E8001F21F040002168143105
:1066500041E80002002AF3D100BF202084F8420064
:106660000020206300BF00BF21680C3151E8001FEB
:1066700021F0100021680C3141E80002002AF3D11A
:1066800000BFE06BFBF75EFC02206063A08DE28D33
:10669000801A81B22046FFF727FE0EE052E0A08D5F
:1066A00040450AD1E06BC069B0F5807F05D102207A
:1066B0006063A18D2046FFF717FEF1E6FFE7A08D8E
:1066C000E18D401A1FFA80F8E08DD0B3B8F1000FC9
:1066D00037D000BF00BF21680C3151E8001F21F402
:1066E000907021680C3141E80002002AF3D100BF0C
:1066F00000BF00BF2168143151E8001F21F00100E4
:106700002168143141E80002002AF3D100BF2020A3
:1067100084F842000020206300BF00BF21680C31D4
:1067200051E8001F21F0100021680C3141E80002FF
:10673000002AF3D100BF0220606341462046FFF7E4
:10674000D3FDADE605F0800030B106F0800018B151
:10675000204604F09FFFA3E605F0400030B106F0AC
:10676000400018B1204604F0AFFC99E600BF97E660
:10677000BDAE000810B504460CB9012010BDA069DB
:1067800000282AD04949206888420BD0484920680F
:10679000884207D047492068884203D0464920688C
:1067A000884200D104E040F2731144A005F07BFF61
:1067B000A06958B1A069B0F5807F07D0A069B0F595
:1067C000007F03D0A069B0F5407F00D123E04FF4F3
:1067D000BA713AA005F067FF1DE03449206888428D
:1067E00013D03349206888420FD03249206888424C
:1067F0000BD040492068884207D03F492068884232
:1068000003D02D492068884200D104E04FF4BC71C8
:106810002AA005F048FFA06818B1A068B0F5805F15
:1068200000D104E04FF4BD7124A005F03CFFE06905
:1068300018B1E069B0F5004F00D104E040F27B11DF
:106840001EA005F030FF94F8410028B9002084F81C
:106850004000204600F052F8242084F841002068CF
:10686000C06820F400502168C860204604F038FD5C
:106870002068006920F49040216808612068406920
:1068800020F02A00216848612068C06840F4005068
:106890002168C86000206064202084F8410084F8EA
:1068A00042000020606300BF68E700000010014064
:1068B0000044004000480040001401402E5C447237
:1068C00069766572735C53544D3332463478785F21
:1068D00048414C5F4472697665725C5372635C73C5
:1068E000746D3332663478785F68616C5F7561729D
:1068F000742E6300004C00400050004010B586B07C
:106900000446142101A8F9F714FDFC4920688842C7
:1069100075D100BF00200090F948006840F40020C5
:10692000F74908600846006800F40020009000BFA6
:1069300000BF00BF00200090F1481038006840F010
:106940000400EF49103908600846006800F00400B0
:10695000009000BF00BF4FF4406001900220029001
:1069600000200390032004900820059001A9E54829
:10697000FBF7A8FEE448E5490860400548600021AF
:10698000E2488160C1604FF4806101610021416192
:106990008161C16101624162FBF762FC08B1FAF7F3
:1069A0004FFE00BFD948E063846300BFD648303053
:1069B000D74908604FF0006048604021D4488160AA
:1069C0000021C1604FF4806101610021416181615A
:1069D000C16101624162FBF743FC08B1FAF730FE86
:1069E00000BFCB48A063846300BF00220521342090
:1069F000FCF7A6FF3420FCF769FF0CE2FFE7C5496E
:106A0000206888427ED100BF00200090BC4800680A
:106A100040F48010BA4908600846006800F480100D
:106A2000009000BF00BF00BF00200090B4481038A5
:106A3000006840F00400B249103908600846006858
:106A400000F00400009000BF00BF00BF00200090D5
:106A50000846006840F0080008600846006800F03A
:106A60000800009000BF00BF88140190022002902F
:106A700001200390032004900820059001A9A1485B
:106A8000FBF720FE042001900220029001200390D9
:106A9000032004900820059001A99F48FBF712FEEF
:106AA000994830389D490860C005486000219B48DE
:106AB0008160C1604FF480610161002141618161A9
:106AC000C16101624162FBF7CBFB08B1FAF7B8FD87
:106AD00000BF9248E063846300BF8B4878309049E0
:106AE00008604FF00060486040218D4881600021BF
:106AF000C1604FF480610161002141618161C16128
:106B0000016200E013E04162FBF7AAFB08B1FAF76B
:106B100097FD00BF8248A063846300BF0022052167
:106B20003520FCF70DFF3520FCF7D0FE73E17D49E1
:106B30002068884278D100BF002000907048001D76
:106B4000006840F010006E49091D086008460068A2
:106B500000F01000009000BF00BF00BF00200090B8
:106B600067481038006840F0010065491039086036
:106B70000846006800F00100009000BF00BF4FF41D
:106B8000C060019002200290002003900320049036
:106B90000720059001A96448FBF794FD6348644908
:106BA00008604FF000604860002161488160C1606A
:106BB0004FF480610161002141618161C161016225
:106BC0004162FBF74DFB08B1FAF73AFD00BF5848A8
:106BD000E063846300BF55487830564908604FF041
:106BE000006048604021534881600021C1604FF43B
:106BF00080610161002141618161C1610162416285
:106C0000FBF72EFB08B1FAF71BFD00BF4948A06354
:106C1000846300BF002205212520FCF791FE25207A
:106C2000FCF754FEF7E0FFE743492068884264D14F
:106C300000BF002000903248006840F40030304926
:106C400008600846006800F40030009000BF00BFF4
:106C500000BF002000902A481038006840F0010072
:106C60002749103908600846006800F001000090CC
:106C700000BF00BF0420019002200290002003907A
:106C8000032004900720059001A92748FBF71AFD6F
:106C9000082001900220029001200390032004901C
:106CA0000720059001A92048FBF70CFD1648483045
:106CB000224908604FF00060486000211F48816051
:106CC000C1604FF480610161002141618161C16156
:106CD00001624162FBF7C4FA08B1FAF7B1FC00BFE8
:106CE0001648E063846300BF002205212620FCF7DC
:106CF00027FE2620FCF7EAFD8DE021E0004C004055
:106D0000403802400008024040600240041F00205A
:106D1000641F002000500040000C0240C41F0020EF
:106D20002420002000100140000002404064024086
:106D300084200020E4200020004400404421002062
:106D400036492068884266D100BF00200090344850
:106D5000006840F48020324908600846006800F46A
:106D60008020009000BF00BF00BF002000902C4892
:106D70001038006840F002002949103908600846C0
:106D8000006800F00200009000BF00BF08150190ED
:106D90000220029000200390032004900720059019
:106DA00001A92048FBF78EFC4FF4006001900220FF
:106DB000029001200390032004900720059001A970
:106DC0001848FBF77FFC1848184908604FF000602E
:106DD0004860002115488160C1604FF48061016105
:106DE000002141618161C1614FF4003101620021E4
:106DF0004162FBF735FA08B1FAF722FC00BF0B48F5
:106E0000E063846300BF002205212720FCF798FD82
:106E10002720FCF75BFD06B010BD000000480040D5
:106E2000403802400004024028600240A4210020B3
:106E3000704770472DE9F84F04460E4617469946AD
:106E40004FF0000A94F84100202850D106B117B93C
:106E50000120BDE8F88F00206064212084F8410003
:106E6000FBF7DAFE8246A784E784A068B0F5805F6E
:106E700004D1206910B90025B04602E035464FF034
:106E800000081EE05346002280212046CDF80090E5
:106E900004F030FC20B1202084F841000320D8E722
:106EA00045B9B8F80000C0F308002168486008F14F
:106EB000020803E02878216848606D1CE08C401EC1
:106EC000E084E08C0028DDD153460022402120469A
:106ED000CDF8009004F00EFC20B1202084F8410091
:106EE0000320B6E7202084F841000020B1E702200B
:106EF000AFE70000F7B50446154694F84100202896
:106F00003ED1019800B10DB90120FEBD019820626B
:106F1000A584E58400206064212084F8410019489C
:106F2000A16BC8631848A16B08641848A16BC864BA
:106F30000020A16B086501AE23681A1D31682B463D
:106F4000A06BFBF73BFB30B110206064202084F87D
:106F500041000120D9E76FF040002168086000BFC0
:106F600000BF2168143151E8001F41F08000216802
:106F7000143141E80002002AF3D100BF0020C4E729
:106F80000220C2E7F7AF00084FB00008CFAE0008FC
:106F90007047704700BFFEE710B50248FBF744FE9C
:106FA00010BD0000501B002010B50248FBF7A6FEE4
:106FB00010BD0000501B0020C16AB1F52A0F02D19C
:106FC0000121C16205E0C16AB1F12A4F01D1082156
:106FD000C1627047F8B5054600200090AC6B94F88C
:106FE0003D60394800681921B0FBF1F04FF47A7127
:106FF000B0FBF1F0C0EBC00000EB8000009000BFE0
:10700000009820B9206C40F02000206409E000982E
:10701000401E00902068006800F40070B0F5007F0A
:10702000EED000BF606B10B10020616BC863A06B35
:1070300010B10020A16BC8632068006820F4806054
:107040002168086000206085606B10B10020616BD2
:107050000865A06B10B10020A16B0865206800686E
:1070600020F001002168086094F83D0060280AD1F2
:10707000202084F83D00002084F83E002064204653
:10708000FBF7D0FD1EE006F02800282811D120686B
:10709000006840F00100216808602068006840F442
:1070A00080602168086000202063282084F83D006B
:1070B00005E0202084F83D00002084F83E002046B2
:1070C000FBF709FFF8BD0000FC02002001684969D8
:1070D000C1F3C01111B100210268116170470000B5
:1070E0002DE9F041044694F83D6094F83E70102F6D
:1070F00001D0402F07D1222E05D12068006820F44E
:1071000000602168086006F02800282805D10020CA
:107110002063282084F83D0010E02068406800F4D7
:107120000060B0F5006F07D0602E05D0202084F8F5
:107130003D00002084F83E00002020632068406865
:1071400000F40060B0F5006F40D12068406820F482
:10715000006021684860606B90F83500012814D009
:107160004848616B0865606BFAF742FF00285BD006
:107170002068006820F0010021680860202084F861
:107180003D00606B016D88474EE03E48A16B08658D
:10719000A06BFAF72DFF002846D020684069C0F3A5
:1071A000801030B120680069616A0870606A401C14
:1071B00060622068006820F00100216808602020DB
:1071C00084F83D00A06B016D88472DE094F83D00E8
:1071D00060281AD1202084F83D0000202064206817
:1071E0004069C0F3801030B120680069616A08709E
:1071F000606A401C60622068006820F0010021681D
:1072000008602046FBF70EFD0EE020684069C0F3E1
:10721000801030B120680069616A0870606A401CA3
:1072200060622046FBF757FE256C05F0010058B957
:1072300005F00200022807D005F00400042803D05E
:1072400005F00800082805D12068406820F4E060B7
:107250002168486094F83D60206C00F00400042828
:107260000ED1282E0CD10848E06200202063202097
:1072700084F83D00002084F83E002046FBF7A4FF80
:10728000BDE8F081D56F00080000FFFF01460868E7
:107290004069C0F38020B0B16FF480600A6850612B
:1072A00000200863202081F83D00002081F83E0086
:1072B000086C40F00400086400BF002081F83C0026
:1072C00000BF012070470020FCE770B50446E56A66
:1072D000608D042810D12068406820F48060216807
:1072E000486020680069616A0870606A401C6062DA
:1072F000608D401E60857FE0608D03281AD1206874
:10730000406820F4806021684860042D07D0022D79
:1073100005D02068006820F480602168086020683B
:107320000069616A0870606A401C6062608D401E7E
:10733000608561E0608D022854D1012D01D0102DAF
:1073400006D12068006820F480602168086010E0A1
:10735000042D01D0022D06D12068006840F4806021
:107360002168086005E02068006840F4007021682A
:10737000086020680069616A0870606A401C606289
:10738000608D401E608520680069616A0870606ACF
:10739000401C6062608D401E60852068406820F45B
:1073A000407021684860202084F83D0094F83E0039
:1073B000402807D1002084F83E0020632046FBF7D8
:1073C00006FF19E0002084F83E00082D01D0202D92
:1073D00002D10020206301E0122020632046FBF749
:1073E000F4FE09E020680069616A0870606A401C68
:1073F0006062608D401E608570BD70B5044694F873
:107400003D0022287AD1E66A658D032D13D92068C4
:107410000069616A0870606A401C6062608D401E8D
:107420006085608D032868D12068406820F4806002
:107430002168486061E0E06A022858D0012D01D03F
:10744000002D54D1204600F037FFA0BB2068006813
:1074500020F48060216808602068406820F4E060C3
:107460002168486020680069616A0870606A401C91
:107470006062608D401E6085202084F83D0094F895
:107480003E00402807D1002084F83E0020632046BB
:10749000FBF79DFE31E0002084F83E00082E01D06D
:1074A000202E02D10020206301E01220206320461C
:1074B000FBF78BFE21E0FFE72068406820F4E060E6
:1074C0002168486020680069616A0870606A401C31
:1074D0006062608D401E6085202084F83D000020A1
:1074E00084F83E002046FBF7F6FC06E006E0206844
:1074F000406820F480602168486000BF70BD70B5AE
:107500000446E56A94F83D00212847D1608D50B1CA
:10751000606A007821680861606A401C6062608D62
:10752000401E60853AE0082D16D0202D14D015F5A8
:10753000803F11D02068406820F4E06021684860F6
:1075400011202063002084F83E00202084F83D00B4
:107550002046FBF73BFE21E02068406820F4E06015
:10756000216848602068006840F400702168086065
:1075700000202063202084F83D0094F83E0040283D
:1075800006D1002084F83E002046FBF721FE05E0EE
:10759000002084F83E002046FBF718FE70BD2DE960
:1075A000F041044694F83D5094F83E70E66A208D10
:1075B000B0BB212D3CD1082E16D0202E14D016F5AC
:1075C000803F11D02068406820F4E0602168486066
:1075D00011202063002084F83E00202084F83D0024
:1075E0002046FBF7F3FD44E02068406820F4E060AB
:1075F000216848602068006840F4007021680860D5
:1076000000202063202084F83D0094F83E004028AC
:1076100007D1002084F83E002046FBF7D9FD28E082
:1076200006E0002084F83E002046FBF7CFFD20E076
:10763000212D03D0402F1CD1222D1AD1608D30B9BD
:107640002068406820F480602168486011E094F868
:107650003E00402803D1204600F0A5F909E0606A09
:10766000007821680861606A401C6062608D401E7D
:107670006085BDE8F081416CC9B202681161416B5F
:1076800011B1416BC96B21B9816B41B1816BC96B80
:1076900029B10168496841F400610268516070478E
:1076A00038B590F83E20C16A036B90F83D40222C1B
:1076B00073D1046D64B9402A0AD100BF002400943C
:1076C0000468646900940468A469009400BF1AE126
:1076D000046DC4B90469B4F5404F14D100BF00244F
:1076E00000940468646900940468A469009400BF6D
:1076F00000BF0468246844F4807405682C60046D3D
:10770000641C0465FFE0448D8CB900BF0024009424
:107710000468646900940468A469009400BF00BF11
:107720000468246844F4007405682C60DDE0448D2E
:10773000012C72D111F5803F30D10468246824F403
:10774000806405682C600468646804F40064B4F51F
:10775000006F10D10468246824F4806405682C60EC
:1077600000BF002400940468646900940468A4695C
:10777000009400BFB9E000BF00240094046864696D
:1077800000940468A469009400BF00BF04682468E2
:1077900044F4007405682C60A7E0A9E0082923D010
:1077A000202921D0122B01D101291DD104290AD071
:1077B000022908D0102906D00468246824F48064C3
:1077C00005682C6005E00468246844F4806405685A
:1077D0002C6000BF0024009404686469009404686D
:1077E000A469009400BF80E00468246824F48064E5
:1077F00005682C6000BF002400940468646900944C
:107800000468A469009400BF00BF0468246844F4BD
:10781000007405682C6068E0FFE7448D022C3BD1C2
:10782000042910D002290ED010290CD00468246835
:1078300024F4806405682C600468246844F40064BF
:1078400005682C6005E00468246844F480640568D9
:107850002C600468646804F40064B4F5006F10D10F
:1078600011F5803F07D0012905D0082903D0102940
:1078700001D0202905D10468646844F48054056867
:107880006C6000BF0024009404686469009404687C
:10789000A469009400BF28E00468246844F480646C
:1078A00005682C600468646804F40064B4F5006F33
:1078B00010D111F5803F07D0012905D0082903D048
:1078C000102901D0202905D10468646844F480544B
:1078D00005686C6000BF002400940468646900942B
:1078E0000468A469009400BF00BF002404650AE096
:1078F00000BF002400940468646900940468A469CB
:10790000009400BF00BF38BD90F83E1040290ED152
:10791000016D29B9416C01F0FE010268116141E07D
:10792000416CC9B241F00101026811613AE001699C
:10793000B1F5804F20D190F83D10212905D1416C3F
:1079400001F0FE010268116105E0416CC9B241F02D
:10795000010102681161416B11B1416BC96B21B921
:10796000816BF9B1816BC96BE1B10168496841F480
:1079700000610268516015E0016D41B9416C01F48C
:107980004071F02242EAE111026811610AE0016DE2
:10799000012907D1416C01F44071F12242EAE11161
:1079A00002681161704770B5044694F83D50206D2F
:1079B00098B9E06C012807D1A06CC0B221680861B9
:1079C000206D801C206550E0A06CC0F3072021686A
:1079D0000861206D401C206547E0206D012807D11B
:1079E000A06CC0B221680861206D401C20653CE09D
:1079F000206D022836D1222D09D12068006840F47C
:107A0000807021680860206D401C20652DE0608D2D
:107A100060B1212D0AD1606A007821680861606A2E
:107A2000401C6062608D401E60851EE0608DE0B984
:107A3000212D1AD12068406820F4E0602168486058
:107A40002068006840F4007021680860002020630E
:107A5000202084F83D00002084F83E002046FBF7FB
:107A6000B7FB02E02046FFF731FB70BD2DE9F8437C
:107A700004460F4615469946DDE9088620680068E9
:107A800040F48060216808602068006840F48070DD
:107A900021680860434600224FF0011120460096FD
:107AA00000F0E9FA60B12068006800F48070B0F579
:107AB000807F02D14FF4007020640320BDE8F8837A
:107AC00007F0FE0021680861334642463E492046E1
:107AD00000F030FB08B10120F0E700BF002000906B
:107AE00020684069009020688069009000BF00BF56
:107AF00032464146204600F007FC50B1206C042875
:107B000005D12068006840F40070216808600120F9
:107B1000D4E7B9F1010F03D1E8B22168086117E099
:107B2000C5F307202168086132464146204600F02F
:107B3000EBFB50B1206C042805D12068006840F4AC
:107B40000070216808600120B8E7E8B22168086188
:107B500032464146204600F0D7FB50B1206C042845
:107B600005D12068006840F4007021680860012099
:107B7000A4E72068006840F48070216808604346EC
:107B800000224FF001112046009600F074FA58B11F
:107B90002068006800F48070B0F5807F02D14FF457
:107BA00000702064032089E7F8B240F001002168EA
:107BB0000861334642460449204600F0BBFA08B14A
:107BC00001207BE7002079E7020001002DE9F8435E
:107BD0000446884615469946DDE90867206800682E
:107BE00040F4807021680860334600224FF0011194
:107BF0002046009700F03FFA60B12068006800F46A
:107C00008070B0F5807F02D14FF4007020640320B3
:107C1000BDE8F88308F0FE00216808613B46324663
:107C20002149204600F086FA08B10120F0E700BFA4
:107C300000200090206840690090206880690090D2
:107C400000BF00BF3A463146204600F05DFB50B110
:107C5000206C042805D12068006840F40070216879
:107C600008600120D4E7B9F1010F03D1E8B221681F
:107C7000086117E0C5F30720216808613A463146DC
:107C8000204600F041FB50B1206C042805D120684B
:107C9000006840F40070216808600120B8E7E8B28D
:107CA000216808610020B3E702000100418D49B15D
:107CB00001680969426A1170416A491C4162418D3B
:107CC000491E4185704770B5044694F83D50608D5B
:107CD000D8B120680069616A0870606A401C6062FF
:107CE000608D401E6085608D78B92A2D0DD1206889
:107CF000406820F4806021684860222020632820AA
:107D000084F83D002046FBF73BFD70BD418D49B135
:107D1000416A097802681161416A491C4162418DDA
:107D2000491E4185704770B5044694F83D50608DFA
:107D3000D8B1606A007821680861606A401C60629E
:107D4000608D401E6085608D78B9292D0DD1206829
:107D5000406820F48060216848602120206328204A
:107D600084F83D002046FBF70CFD70BDF8B50446D5
:107D70000D46002794F83D0000F0280028281CD16B
:107D80002068406820F4806021684860C5F3800066
:107D900000B90127C5F3C01010B9A08986B201E06F
:107DA000208B86B200BF002084F83C0000BF324622
:107DB00039462046FAF737FF0FE000BF0020009059
:107DC00020684069009020688069009000BF00BF73
:107DD00000BF002084F83C0000BFF8BD70B5044629
:107DE00094F83D50E66A082E01D0202E1FD1282D90
:107DF0001DD12348E0622068406820F4E0602168DB
:107E000048606FF48060216848612068006820F451
:107E100080602168086000202063202084F83D00F5
:107E2000002084F83E002046FBF7CEF926E0212D05
:107E300020D11348E06221202063202084F83D00F7
:107E4000002084F83E002068406820F4E06021684B
:107E500048606FF48060216848612068006820F401
:107E60008060216808602046FFF730F92046FBF764
:107E700088FC03E06FF480602168486170BD0000F9
:107E80000000FFFF38B5044694F83D502068406874
:107E900020F4E0602168486000BF00200090206866
:107EA000406900902068006840F001002168086087
:107EB00000BF00BF2068006820F48060216808606F
:107EC0002068406800F40060B0F5006F42D1222DB8
:107ED00001D02A2D1FD1A06B006840686085608D9D
:107EE00018B1206C40F0040020642068406820F441
:107EF000006021684860A06BFAF78EF8012829D04D
:107F00004148A16B0865A06BFAF772F810B3A06B3B
:107F1000016D88471EE0606B006840686085608D79
:107F200018B1206C40F0040020642068406820F400
:107F3000006021684860606BFAF76EF8012809D08C
:107F40003148616B0865606BFAF752F810B1606BED
:107F5000016D8847608D18B320684069C0F38000C8
:107F600048B120680069616A0870606A401C6062FC
:107F7000608D401E608520684069C0F3801048B164
:107F800020680069616A0870606A401C6062608DE8
:107F9000401E6085608D18B1206C40F004002064A4
:107FA000206C18B12046FFF79BF82BE02A2D07D153
:107FB00000202063282084F83D002046FBF7E0FBEA
:107FC00094F83D0028280DD11048E062002020637D
:107FD000202084F83D00002084F83E002046FBF776
:107FE000F3F80FE0206B222801D0222D0AD10020C7
:107FF0002063202084F83D00002084F83E002046C5
:10800000FBF7BEFB38BD0000D56F00080000FFFF86
:1080100070B504460D46164625E02046FFF736F9B2
:1080200008B1012070BD681CE8B1FAF7F5FD801BAE
:10803000A84200D8BDB920684069C0F3800090B95B
:1080400000202063202084F83D00002084F83E00BA
:10805000206C40F02000206400BF002084F83C0029
:1080600000BF0120DEE720684069C0F380000028DF
:10807000D3D00020D6E72DE9F04104460D4617463F
:108080001E46DDF8188038E0701CA8B3FAF7C4FD6E
:10809000A0EB0800B04200D876BBC5F3074001282A
:1080A0000AD120684069A9B20840A9B2884201D12A
:1080B00001200BE0002009E020688069A9B2084097
:1080C000A9B2884201D1012000E00020B84214D1B9
:1080D00000202063202084F83D00002084F83E002A
:1080E000206C40F02000206400BF002084F83C0099
:1080F00000BF0120BDE8F081FFE7C5F3074001287C
:108100000AD120684069A9B20840A9B2884201D1C9
:1081100001200BE0002009E020688069A9B2084036
:10812000A9B2884201D1012000E00020B842ABD0C2
:108130000020DFE72DE9F04104460D4616461F46B4
:1081400058E020684069C0F38020E8B120680068EA
:1081500040F40070216808606FF480602168486115
:1081600000202063202084F83D00002084F83E0099
:10817000206C40F00400206400BF002084F83C0024
:1081800000BF0120BDE8F081701C90B3FAF744FDF8
:10819000C01BB04200D866BBC5F3074001280AD116
:1081A00020684069A9B20840A9B2884201D10120E3
:1081B0000BE0002009E020688069A9B20840A9B25C
:1081C000884201D1012000E0002090B90020206306
:1081D000202084F83D00002084F83E00206C40F010
:1081E0002000206400BF002084F83C0000BF012074
:1081F000C8E7FFE7C5F3074001280AD120684069B6
:10820000A9B20840A9B2884201D101200BE00020A8
:1082100009E020688069A9B20840A9B2884201D16A
:10822000012000E0002000288BD00020AAE770B5D4
:1082300004460D46164637E020684069C0F300103A
:10824000A0B16FF010002168486100202063202059
:1082500084F83D00002084F83E00206C206400BFBC
:10826000002084F83C0000BF012070BDFAF7D4FC68
:10827000801BA84200D8BDB920684069C0F38010B7
:1082800090B900202063202084F83D00002084F86D
:108290003E00206C40F02000206400BF002084F8E5
:1082A0003C0000BF0120E0E720684069C0F3801077
:1082B0000028C1D00020D8E708B501460020009072
:1082C000104800681922B0FBF2F04FF47A72B0FB4C
:1082D000F2F000EB8000009000BF0098401E00907C
:1082E000009828B9086C40F020000864012008BDFF
:1082F0000868006800F40070B0F5007FEDD0002041
:10830000F5E70000FC02002070B504460D46164655
:1083100025E02046FEF7BAFF08B1012070BD681CB9
:10832000E8B1FAF779FC801BA84200D8BDB92068F3
:108330004069C0F3C01090B900202063202084F869
:108340003D00002084F83E00206C40F020002064B6
:1083500000BF002084F83C0000BF0120DEE7206859
:108360004069C0F3C0100028D3D00020D6E7000039
:1083700038B55248524908605248486052488860AF
:1083800008465249086068204F4981F845002C2270
:108390004E494D48F7F7B4FF4B4804F03AFF00242C
:1083A000494804F067FF044634B1224648A15048CA
:1083B00003F000FA002038BD00208DF800000120F5
:1083C0008DF8010003214048009A07F0C6FC0446DE
:1083D00024B1224647A1464803F0ECF901220321CB
:1083E000394804F027FE044624B1224647A14048FC
:1083F00003F0E0F9344804F05BFE044624B1224661
:1084000048A13B4803F0D6F9012211212E4804F07F
:1084100030FE044634B1224648A1354803F0CAF97B
:108420000020C8E70022AC21274807F0A3FC04463F
:108430000022BE21244807F09DFC044334B12246AB
:1084400046A12B4803F0B6F90020B4E701211E48ED
:1084500004F022FE044634B1224647A1244803F02A
:10846000A9F90020A7E70121174804F0F1FD04460F
:1084700034B1224647A11E4803F09CF900209AE738
:10848000114807F0A5FB044634B1224648A118481C
:1084900003F090F900208EE70B4807F0A3FB044699
:1084A00054B1224648A1124803F084F94D491048BE
:1084B00003F080F900207EE701207CE7CDFC000876
:1084C0006807002089FC0008F40600203C07002013
:1084D000496E697469616C697A6520444D50206603
:1084E00061696C65643A202564210D0A0000000072
:1084F00004220020536574444C5046206661696C28
:1085000065643A202564210D0A000000456E444C44
:108510005046206661696C65643A202564210D0A25
:1085200000000000476574467373206661696C65DE
:10853000643A202564210D0A00000000456E616246
:108540006C6520444D502053656E736F72206661D8
:10855000696C65643A202564210D0A005365742016
:10856000444D502072617465206661696C65643A9F
:10857000202564210D0A0000456E61626C6520466D
:1085800049464F206661696C65643A202564210D77
:108590000A000000456E61626C6520444D50206603
:1085A00061696C65643A202564210D0A00000000B1
:1085B000526573657420444D50206661696C656432
:1085C0003A202564210D0A005265736574204649DE
:1085D000464F206661696C65643A202564210D0A66
:1085E00000000000C450010810B52DED048B00BF41
:1085F0006B496C4807F0D0FA6A4890F844000C28A0
:1086000000D1F5E7674890F8440020B1654890F83C
:1086100044000C287ED16248008800F400600028E5
:1086200079DD5F48008800F400400028F8DD5C49EF
:10863000486A04F005FA5C4880ED000A5849886AE7
:1086400004F0FEF9594880ED000A5549C86A04F063
:10865000F7F9574880ED000A534890ED000A20EEE4
:10866000000A5248D0ED000A90ED001A00EE810A8F
:108670004F48D0ED000A90ED001A00EE810AF7EEA7
:10868000000A30EEC00A10EE101A0846F8F750F84B
:1086900041EC190BB0EE490AF0EE690A03F018FB41
:1086A000B0EE408AF0EE608A51EC180BF8F76CF8E7
:1086B000404908603A4880883F4908803848C08867
:1086C0003E490880364800893D490880394890ED88
:1086D000000A3C4880ED000A334890ED000A394812
:1086E00080ED010A314890ED000A364880ED020A1B
:1086F0002F4890ED000A334880ED030A2E48B0F968
:10870000000000EE100AB8EEC00A2F4880ED000A03
:108710002A4801E041E03EE0B0F9000000EE100A16
:10872000B8EEC00A284880ED010A0846B0F90000FA
:1087300000EE100AB8EEC00A234880ED020A214973
:1087400004F046F82048D0ED000AB0EE600A03F0CD
:10875000ABFF1D48D0ED000AB0EE600A07F00AFD3D
:108760001A49184807F076F918480C38D0ED050A70
:10877000B0EE600A03F0DEFF14480C38D0ED050AB5
:10878000B0EE600A07F004FD114804F05FFD01201F
:10879000BDEC048B10BD0020FAE70020F8E70000D4
:1087A00074070020F4060020B0010020B40100206E
:1087B000B8010020BC010020C0010020C20100203F
:1087C000C4010020080800201808002030080020FC
:1087D0008008002038B50546002400200090694636
:1087E000284600F021F904460CB1204638BD9DF81A
:1087F0000000EA2801D00420F8E72046F6E7F8B5A3
:1088000006460D4600240021304600F035FD0446A2
:108810000CB12046F8BD01236A460321304600F022
:10882000A0F804460CB12046F4E735B19DF80000ED
:1088300020F080008030009004E09DF8000020F0DF
:108840008000009001236A460321304600F09DF825
:1088500004460CB12046DDE72046DBE7F8B50646C6
:108860000D4600240021304600F006FD04460CB100
:108870002046F8BD01236A460321304600F071F816
:1088800004460CB12046F4E735B19DF8000020F015
:1088900040004030009004E09DF8000020F04000CF
:1088A000009001236A460321304600F06EF804462A
:1088B0000CB12046DDE72046DBE7F8B507460D465C
:1088C0001646002405F0030008B90720F8BD05F09E
:1088D000010000B30221384600F0CEFC044301231E
:1088E0006A461421384600F03CF8044336B19DF83E
:1088F000000020F00100401C009004E09DF8000002
:1089000020F00100009001236A461421384600F04F
:108910003CF8044300BF05F0020000B302213846D2
:1089200000F0AAFC044301236A461946384600F0C9
:1089300018F8044336B19DF8000020F00100401CF7
:10894000009004E09DF8000020F001000090012359
:108950006A461946384600F018F8044300BF20461E
:10896000B4E72DE9F04104460D4616461F4620683F
:10897000406810B90220BDE8F08120683A463146CF
:10898000D0E901C32846E047F5E72DE9F041044668
:108990000D4616461F462068006810B90220BDE843
:1089A000F08120683A463146D0F800C083682846F6
:1089B000E047F4E710B50446902343F2DD72024924
:1089C000204605F01FF810BD781601087CB5064654
:1089D0000D4600240021304600F04EFC04460CB148
:1089E00020467CBD012301AA70213046FFF7B9FF64
:1089F00004460CB12046F4E79DF8040000F01F0087
:108A0000019001236A4671213046FFF7AAFF044610
:108A10000CB12046E5E79DF800009DF8041040EAFF
:108A2000012028802046DCE770B505460C460CB9CD
:108A3000032070BD0021284600F01EFC01232246C1
:108A400000212846FFF78DFFF3E72DE9FF4F85B0A2
:108A5000894692469B460024B9F1000F09D0B9F12E
:108A6000010F0CD0B9F1020F0FD0B9F1030F18D1DB
:108A700011E00325042605274FF0060815E0072519
:108A8000082609274FF00A080FE00B250C260D27B2
:108A90004FF00E0809E00F25102611274FF012089D
:108AA00003E0032009B0BDE8F08F00BF0321059863
:108AB00000F0E2FB04460CB12046F3E79DF81000FD
:108AC0006AF306000490139830B19DF8100020F06E
:108AD00080008030049004E09DF8100020F08000B9
:108AE0000490012304AA29460598FFF74EFF044687
:108AF0000CB12046D6E7139860B91898019001236D
:108B000001AA41460598FFF740FF04460CB12046F4
:108B1000C8E700BFCDF80CB0012303AA3146059881
:108B2000FFF733FF04460CB12046BBE79DF8081061
:108B3000129860F3030102919DF80810149860F3F5
:108B4000C71102919DF80810159860F34511029124
:108B50009DF80810169860F3041102919DF8081012
:108B6000179860F386110291012302AA39460598ED
:108B7000FFF70BFF04460CB1204693E7204691E730
:108B80002DE9FF4F83B09846DDF844900024B9F1F9
:108B9000000F01D0802000E000209DF81010084355
:108BA00004900321039800F067FB0446012304AA04
:108BB00013210398FFF7E9FE04461CB1204607B0D5
:108BC000BDE8F08F0321039800F056FB0446012313
:108BD00005AA14210398FFF7D8FE04460CB12046DD
:108BE000EDE79DF8080020F08000803002909DF8AD
:108BF000080020F0400002909DF8080020F01F00BF
:108C000002901298C0439DF8081060F3451102913C
:108C10000026002560E0B9F1000F0FD10321039871
:108C200000F02AFB044608EB0502012316210398F5
:108C3000FFF7ABFE04460CB12046C0E703210398C2
:108C400000F01AFB0446012302AA15210398FFF73E
:108C50009CFE04460CB12046B1E74FF47A7A002717
:108C6000BB4617E00021039800F006FB04460123F1
:108C700001AA17210398FFF774FE04469DF804002B
:108C8000C0F3801B574501D3012000E0002040EADB
:108C90000B0B7F1CBBF1000FE4D09DF80400C0F368
:108CA0000016574501D3012000E00020064306B11D
:108CB00015E0B9F1000F0CD00321039800F0DCFAA5
:108CC000044608EB0502012317210398FFF749FE2C
:108CD0000446681C85B200BF109885429BDB00BF2C
:108CE0000EB101206BE7204669E77CB506460D46CC
:108CF00000240021304600F057F804460CB120460D
:108D00007CBD0321304600F0B7FA04460CB1204682
:108D1000F6E7012301AA19463046FFF722FE044672
:108D20000CB12046ECE79DF8040020F00F00C01DB8
:108D300001909DF8040020F01000103001900123F4
:108D400001AA19463046FFF720FE04460CB1204622
:108D5000D6E70021304600F08FFA04460CB12046D9
:108D6000CEE701236A4603213046FFF7FAFD0446A9
:108D70000CB12046C4E735B19DF8000020F020007A
:108D80002030009004E09DF8000020F020000090CA
:108D900001236A4603213046FFF7F7FD04460CB174
:108DA0002046ADE72046ABE7F8B506460D46002461
:108DB0000021304600F060FA04460CB12046F8BDB0
:108DC00001236A460F213046FFF7CBFD04460CB164
:108DD0002046F4E79DF8000065F341000090012370
:108DE0006A460F213046FFF7D0FD04460CB12046FD
:108DF000E5E72046E3E738B505460024002128468C
:108E000000F03AFA04460CB1204638BD01236A4608
:108E100003212846FFF7A5FD04460CB12046F4E7E0
:108E20009DF8000020F00200801C009001236A469B
:108E300003212846FFF7A9FD04460CB12046E4E7CC
:108E40002046E2E7FEB504460D4616461F460120C1
:108E5000009001903B463246294602902046FFF79B
:108E60008FFEFEBDFEB504460D4616461F46012088
:108E70000021CDE900013B463246294602902046BA
:108E8000FFF77EFEFEBD2DE9FF4107460D46144665
:108E900000260021384600F0EFF90646002D7DD06F
:108EA00028789DF80C1060F30001039128784108A0
:108EB0009DF80C0061F341000390287881089DF82B
:108EC0000C0061F3820003902878C1089DF80C0023
:108ED00061F3C30003909DF80C0020F07000039034
:108EE000287801099DF80C0061F3C71003902878D9
:108EF00041099DF8080061F3000002909DF8080008
:108F000020F0FE000290287881099DF8040061F3AA
:108F1000041001902878C1099DF8040061F3C30092
:108F2000019068789DF8041060F3820101916878DF
:108F300041089DF8040061F34100019068788108C0
:108F40009DF8040061F3000001909DF8040020F0FA
:108F5000E00001906878C1089DF8000061F30410FA
:108F60000090687801099DF8000061F3C30000904B
:108F7000687841099DF8000061F3820000906878EC
:108F800081099DF8000061F3410000906878C109F3
:108F90009DF8000061F30000009000E02EE09DF8D5
:108FA000000020F0E0000090012303AA10213846C1
:108FB000FFF7EBFC06461EB1304604B0BDE8F08179
:108FC000012302AA11213846FFF7DFFC06460EB145
:108FD0003046F2E7012301AA12213846FFF7D5FCFB
:108FE00006460EB13046E8E701236A4613213846AB
:108FF000FFF7CBFC06460EB13046DEE7002C7DD0F5
:10900000012303AA10213846FFF7ABFC06460EB138
:109010003046D2E7012302AA11213846FFF7A1FC0E
:1090200006460EB13046C8E7012301AA1221384690
:10903000FFF797FC06460EB13046BEE701236A46AD
:1090400013213846FFF78DFC06460EB13046B4E7D3
:109050009DF80C00217860F3000121709DF80C0050
:109060004108207861F3410020709DF80C008108D0
:10907000207861F3820020709DF80C00C1082078F0
:1090800061F3C30020709DF80C00C109207861F3E2
:10909000041020709DF80800217860F345112170BC
:1090A0009DF804000109207861F3861020709DF876
:1090B0000400C108207861F3C71020709DF80400F7
:1090C0008108607861F3000060709DF80400410839
:1090D000607861F3410060709DF80400617860F38E
:1090E000820161709DF800000109607861F3C3009E
:1090F00060709DF80000C108607800E016E061F340
:10910000041060709DF800008108607861F34510DC
:1091100060709DF800004108607861F3861060700F
:109120009DF80000617860F3C7116170304644E734
:10913000F8B506460D4600240021304600F09CF8A4
:1091400001236A4606213046FFF70BFC04460CB1AA
:109150002046F8BD35B19DF8000020F020002030F9
:10916000009004E09DF8000020F020000090012312
:109170006A4606213046FFF708FC04460CB120463B
:10918000E7E72046E5E72DE9F04107460D4616469C
:1091900000240021384600F06FF8044614B1204640
:1091A000BDE8F08133462A4672213846FFF7D9FBE5
:1091B00004460CB12046F3E72046F1E738B50546F2
:1091C00000240021284600F057F804460CB1204640
:1091D00038BD01236A4603212846FFF7C2FB044637
:1091E0000CB12046F4E79DF8000020F0080008309C
:1091F000009001236A4603212846FFF7C6FB044678
:109200000CB12046E4E72046E2E738B505460024E5
:109210000021284600F030F804460CB1204638BD45
:1092200001236A4668212846FFF79BFB04460CB1E0
:109230002046F4E79DF8000020F01F001F3000904A
:1092400001236A4668212846FFF79FFB04460CB1BC
:109250002046E4E79DF8000020F01F001E3000903B
:1092600001236A4668212846FFF78FFB04460CB1AC
:109270002046D4E72046D2E713B504469DF8040003
:10928000032801DD03201CBDA0799DF8041088424D
:1092900001D10020F7E79DF80400A0719DF80400BB
:1092A000302101EA00100190012301AA7F2120460C
:1092B000FFF76BFBE7E7F8B506460D4600240021F3
:1092C0003046FFF7D9FF01236A4606213046FFF7F3
:1092D00048FB04460CB12046F8BD9DF8000065F33C
:1092E0000200009001236A4606213046FFF74DFB3D
:1092F00004460CB12046EFE72046EDE777B581B094
:1093000006460D46002405F0030010B9072004B0FE
:1093100070BD05F00100D0B102213046FFF7ACFF6F
:10932000044301236A4614213046FFF71AFB044325
:109330009DF80C109DF8000061F3C500009001231A
:109340006A4614213046FFF720FB044300BF05F0B6
:109350000200D0B102213046FFF78EFF0443012303
:109360006A4619463046FFF7FCFA04439DF80D1093
:109370009DF8000061F3C500009001236A4619467C
:109380003046FFF702FB044300BF2046BFE7F8B5B5
:1093900005460C460026287908B90820F8BD201299
:1093A0008DF80000E0B28DF8010002212846FFF799
:1093B00063FF06460EB13046F0E702236A465021AD
:1093C0002846FFF7E2FA06463046E7E777B581B070
:1093D00006460D46002405F0030010B9072004B02E
:1093E00070BD05F00100D0B102213046FFF744FF07
:1093F000044301236A4614213046FFF7B2FA0443BE
:109400009DF80C009DF8001060F3420100910123CB
:109410006A4614213046FFF7B8FA044300BF05F04E
:109420000200D8B102213046FFF726FF0443012392
:109430006A4619463046FFF794FA04439DF80C003B
:1094400081089DF8000061F34200009001236A4604
:1094500019463046FFF799FA044300BF2046BEE79D
:10946000F8B507460C461546002604F0130008B967
:109470000720F8BD00213846FFF7FEFE06460EB174
:109480003046F6E701236A4605213846FFF769FAB8
:1094900006460EB13046ECE704F0010020B19DF81D
:1094A000000065F34510009004F0020020B19DF823
:1094B000000065F30410009004F0100020B19DF846
:1094C000000065F38610009001236A4605213846A6
:1094D000FFF75BFA06460EB13046CAE73046C8E7EA
:1094E00077B583B006460D46002405F0030010B999
:1094F000072006B070BD05F00100E0B10221304642
:10950000FFF7BAFE0443BDF814000002C0B2029097
:10951000BDF81400C0B20190012302AA1021304608
:10952000FFF733FA0443012301AA11213046FFF764
:109530002CFA044300BF05F0020078B10221304646
:10954000FFF79AFE04439DF816000290012302AA39
:1095500000213046FFF719FA044300BF2046C8E750
:10956000F8B506460D46002400213046FFF784FE7C
:1095700001236A4606213046FFF7F3F904460CB191
:109580002046F8BD35B19DF8000020F04000403085
:10959000009004E09DF8000020F0400000900123BE
:1095A0006A4606213046FFF7F0F904460CB1204622
:1095B000E7E72046E5E738B50546002400212846C0
:1095C000FFF75AFE01236A4606212846FFF7C9F92C
:1095D00004460CB1204638BD9DF8000020F0800004
:1095E0008030009001236A4606212846FFF7CDF916
:1095F00004460CB12046EEE72046ECE730B587B0D4
:10960000044600251C216846F6F793FE1CB9042584
:10961000284607B030BD204603F044F9A068016831
:109620006420884728A1204603F024F9A068016837
:10963000642088476068C21C25A1204603F076F9A3
:10964000A0680168C8208847606800F1110223A162
:10965000204603F06BF9A0680168C820884761685C
:10966000CB1D01F1160020A20B2102F0DDF81C2118
:109670006846F6F75EFE606800F116031CA2192129
:10968000684602F0D1F81EA1204603F0F3F8054623
:10969000A0680168C82088471FA1204603F0EAF8A7
:1096A0000546A0680168C82088471FA1204603F02E
:1096B000E1F8A06801684FF47A708847012061687A
:1096C00008702846A5E7000041540D0A000000007C
:1096D00041542B4D41430D0A0000000041542B4DD5
:1096E000414444520D0A000025732C36000000004E
:1096F00041542B4E4554494425730D0A0000000087
:1097000041542B4E4554494430413139313332456F
:109710002C360D0A0000000041542B4D41444452A8
:10972000303030320D0A000041542B52455345541D
:109730000D0A00002DE9F04104460D4616460027AB
:1097400004B11DB904273846BDE8F081606800788F
:10975000012807D10127324629460B4800F024FE94
:109760003846F1E76068407801280AD1002003E01C
:10977000295C064A1154401CB042F9DB02206168A2
:1097800048703846E0E70000680F0020FD1900200F
:109790000A490B4801624FF4804009498883074910
:1097A000084801624FF4005006498883034906487F
:1097B00001624FF40040044988837047000C024066
:1097C0004C1A0020701A0020941A002070B504462C
:1097D000F9F722FA0546207802280AD1A068281A4B
:1097E0006168884236D3A560A18B206AF9F7A6F993
:1097F00030E0207803281DD1E06868B9A069291AF3
:109800006069814226D3A18B0022206AF9F7CAF948
:10981000A5610120E0601DE0A069291A206981424C
:1098200018D3A18B0122206AF9F7BCF9A5610020A9
:10983000E0600FE02078012805D1A18B0022206A8A
:10984000F9F7B0F906E0207820B9A18B0122206A4F
:10985000F9F7A8F970BD00001FB500200090019035
:10986000029003901548164908604FF48030486014
:109870000021134881600161017680F82010C162E7
:10988000104981620021C1600121C161002180F87D
:10989000301001214161F8F72FF808B1F7F7D0FE39
:1098A000082000900120019004200290694604489D
:1098B000F7F70AFF08B1F7F7C3FE1FBD002001400C
:1098C000081B00200100000F08B500BF0020009019
:1098D0002E48006840F480002C4908600846006863
:1098E00000F48000009000BF00BF00BF0020009087
:1098F0000846006840F4001008600846006800F45C
:109900000010009000BF00BF002205210B20FAF7D5
:1099100017F80B20F9F7DAFF002205210C20FAF7DF
:109920000FF80C20F9F7D2FF002205210D20FAF7DD
:1099300007F80D20F9F7CAFF002205210F20F9F7DB
:10994000FFFF0F20F9F7C2FF002205211020F9F7D1
:10995000F7FF1020F9F7BAFF002205212F20F9F7B1
:10996000EFFF2F20F9F7B2FF002205213A20F9F787
:10997000E7FF3A20F9F7AAFF002205214620F9F770
:10998000DFFF4620F9F7A2FF08BD00003038024093
:1099900000B587B0142102A8F6F7CBFC00BF002069
:1099A00001906C48006840F010006A490860084661
:1099B000006800F01000019000BF00BF00BF002051
:1099C00001900846006840F0800008600846006882
:1099D00000F08000019000BF00BF00BF0020019098
:1099E0000846006840F0040008600846006800F07F
:1099F0000400019000BF00BF00BF00200190084696
:109A0000006840F0010008600846006800F00100AE
:109A1000019000BF00BF00BF002001900846006811
:109A200040F0020008600846006800F00200019063
:109A300000BF00BF00BF002001900846006840F052
:109A4000080008600846006800F00800019000BFA8
:109A500000BF002207214048F9F7A4F800220121A5
:109A60003E48F9F79FF800224FF4E0413C48F9F7EF
:109A700099F8002241F608413A48F9F793F8012293
:109A80004FF460413748F9F78DF800224FF48071A8
:109A90003548F9F787F807200290012003900490D9
:109AA0000020059002A92C48F8F70CFE1020029027
:109AB000002003900120049002A92748F8F702FE35
:109AC00001200290039004900020059002A92348F1
:109AD000F8F7F8FD4FF4E040029001200390049065
:109AE0000020059002A91E48F8F7ECFD4FF48060B5
:109AF00002900120039000200490059002A91948CB
:109B0000F8F7E0FD4FF40060029001200390002080
:109B100004900320059002A91248F8F7D3FD4FF2F4
:109B2000080002900120039004900020059002A9F3
:109B30000C48F8F7C7FD4FF48070029001200390A5
:109B400004900020059002A90748F8F7BBFD07B074
:109B500000BD000030380240001002400008024002
:109B600000040240000C02400000024010B50C4806
:109B70000C4908600C4848604FF4804109488160F6
:109B80000021C1604FF48041016100214161816188
:109B9000C1610162F9F7A0F908B1F7F751FD10BDF5
:109BA00000540040501B0020801A060000B58BB006
:109BB000242102A8F6F7BDFB002000900190184870
:109BC00018490860002048600021164881604FF65F
:109BD000FF71C16000210161416181610320029038
:109BE000002003900120049000200590069007902B
:109BF00001200890002009900A9002A90948FBF76B
:109C000059FB08B1F7F71CFD002000900190694650
:109C10000448FAF715FD08B1F7F712FD0BB000BDC7
:109C200000000140A41B002000B58BB0242102A835
:109C3000F6F77FFB0020009001904FF0804017491D
:109C4000086000204860002114488160491EC160FE
:109C50000021016181610120029000200390012018
:109C600004900020059006900790012008900020A5
:109C700009900A9002A90948FBF71CFB08B1F7F705
:109C8000DFFC00200090019069460448FAF7D8FCF8
:109C900008B1F7F7D5FC0BB000BD0000EC1B0020AD
:109CA00000B58BB0242102A8F6F743FB00200090FA
:109CB00001901848184908600020486000211648A3
:109CC00081604FF6FF71C160002101618161032055
:109CD000029000200390012004900020059006903F
:109CE000079001200890002009900A9002A90A48D4
:109CF000FBF7E0FA08B1F7F7A3FC00200090019011
:109D000069460548FAF79CFC08B1F7F799FC0BB0D7
:109D100000BD000000040040341C002000B58BB0E2
:109D2000242102A8F6F705FB0020009001901848B6
:109D300018490860002048600021164881604FF6ED
:109D4000FF71C16000210161816103200290002048
:109D500003900120049000200590069002200790B7
:109D600001200890002009900A9002A90948FBF7F9
:109D7000A1FA08B1F7F764FC002000900190694651
:109D80000448FAF75DFC08B1F7F75AFC0BB000BDC8
:109D9000000800407C1C00201CB5002000900190B1
:109DA0000E480F4908605320486000210C4881602C
:109DB00040F2F311C16080218161FAF70DFD08B115
:109DC000F7F73EFC00200090019069460448FAF73E
:109DD00037FC08B1F7F734FC1CBD00000010004050
:109DE000C41C00201CB50020009001900E480F49B3
:109DF00008605320486000210C48816042F20F71D6
:109E0000C16080218161FAF7E7FC08B1F7F718FC1F
:109E100000200090019069460448FAF711FC08B14F
:109E2000F7F70EFC1CBD0000001400400C1D0020C4
:109E300000B595B0002011901290139014900F90DF
:109E400010901C2108A8F6F774FA20216846F6F74E
:109E500070FA3748374908600020486000213548CB
:109E6000816044F29F11C160002101614161802144
:109E70008161FAF7B1FC08B1F7F7E2FB4FF48050CB
:109E8000119011A92B48FAF749FF08B1F7F7D8FB51
:109E90002848FBF7C5FF08B1F7F7D2FB00200F9069
:109EA00010900FA92348FAF7CBFB08B1F7F7C8FBCE
:109EB00060200890002009900A900B900C900D9063
:109EC0000E90002208A91B48FBF72AFE08B1F7F7FD
:109ED000B7FB042208A91748FBF722FE08B1F7F7E1
:109EE000AFFB082208A91348FBF71AFE08B1F7F7E1
:109EF000A7FB0C2208A90F48FBF712FE08B1F7F7E1
:109F00009FFB0020009001900290039004904FF47A
:109F1000005005900020079069460648FAF7CCFAF1
:109F200008B1F7F78DFB0348FBF7C6FD15B000BD80
:109F300000040140541D002010B50B480B49086077
:109F40004FF416504860002108488160C1600161EB
:109F50000C21416100218161C161FCF70BFC08B15A
:109F6000F7F76EFB10BD0000004C00409C1D002068
:109F700010B50B480B4908604FF4E13048600021F0
:109F800008488160C16001610C214161002181614B
:109F9000C161FCF7EFFB08B1F7F752FB10BD000001
:109FA00000500040E41D002010B50B480B4908602C
:109FB0004FF4E1304860002108488160C1600161D0
:109FC0000C21416100218161C161FCF7D3FB08B123
:109FD000F7F736FB10BD0000001001402C1E0020DA
:109FE00010B50B480B4908604FF4E1304860002180
:109FF00008488160C16001610C21416100218161DB
:10A00000C161FCF7B7FB08B1F7F71AFB10BD000000
:10A0100000440040741E002010B50B480B49086036
:10A020004FF4E1304860002108488160C16001615F
:10A030000C21416100218161C161FCF79BFB08B1EA
:10A04000F7F7FEFA10BD000000480040BC1E0020DB
:10A0500000BFFEE710B500210748FBF7DBFF042136
:10A060000548FBF7D7FF08210348FBF7D3FF0C2176
:10A070000148FBF7CFFF10BD541D0020002006490A
:10A080000968486304490968886303490968C86323
:10A090000149096808647047541D002010B5F7F79E
:10A0A000D3FA0446194890ED000AF2EE080AB4EE1D
:10A0B000E00AF1EE10FA1CD290ED000AF1EE040A6B
:10A0C000B4EEE00AF1EE10FA13DD00210C2000F0EE
:10A0D000FFF90021082000F0FBF90021042000F026
:10A0E000F7F90021084600F0F3F96420F7F73AF990
:10A0F00010BD1CB10648007B012804D1FFF7BEFF4C
:10A1000000200449087000BFF2E700008801002029
:10A1100038060020CC1A002000BFFEE72DE9F34FDF
:10A120002DED028BB9B00C46012084F835003B9828
:10A1300000F05EF9054600203890062D06DA84F816
:10A14000350039B0BDEC028BBDE8FC8F012084F8EE
:10A15000350000203690379082462CE03B9800F086
:10A1600011F90290681E85B202984D2822D1012D66
:10A1700020DB3B9800F006F90190681E85B201983B
:10A18000502816D1042D03DA002084F83500D8E7D2
:10A1900004220DF1DA013B9800F0E1F8281F85B2A6
:10A1A0004D208DF8D80050208DF8D9004FF0010ACD
:10A1B00003E000BF00BF022DD0DA00BFBAF1000FEC
:10A1C00003D1002084F83500BBE70020349035909F
:10A1D000DDF8DA00349034A8F6F704F9461C002EB6
:10A1E00001DD802E03DD002084F83500A9E7701C16
:10A1F000854203DA002084F83500A2E7842113A801
:10A20000F6F797F8B2B213A93B9800F0A8F800202F
:10A2100013A98855A81B85B23B9800F0B3F8804677
:10A22000444981F80080681E85B2B8F10A0F03D056
:10A23000002084F8350084E7402103A8F6F779F878
:10A2400000270DF14C0B38AA3BA15846F6F790F8C1
:10A2500081460AE038467F1C03A941F8209038AABD
:10A2600035A10020F6F784F88146B9F1000F01D03E
:10A27000102FEFDB0B2F03DA002084F8350060E7A6
:10A280000398F6F7AFF820600498F6F7ABF8606033
:10A290000598F6F7A7F8A0600698F6F7A3F8E0602F
:10A2A0000798F6F79FF86061089801F0F5FCB0EEAA
:10A2B000408AF0EE608A51EC180BF6F765FAA0615F
:10A2C000099801F0E9FCB0EE408AF0EE608A51ECAA
:10A2D000180BF6F759FAE0610A98F6F783F820624E
:10A2E0000B98F6F77FF860620C98F6F77BF8A0629F
:10A2F0000D98F6F777F8E0620C2F01DB012000E003
:10A30000002084F8340094F8340060B10E9801F015
:10A31000C3FCB0EE408AF0EE608A51EC180BF6F701
:10A3200033FA206303E09FED050A84ED0C0A012057
:10A3300007E70000FC0100202C00000000000000E6
:10A340000021C18001818172C172704710B503463E
:10A350000C461C609A801846FFF7F2FF10BD2DE9ED
:10A36000F04107460D461646A846002406E038464A
:10A3700000F008F808F80400601C84B2B442F6DB70
:10A38000BDE8F0810146CB880A68D05CCA88521CBF
:10A3900092B2CA808B889A4205D18A7A82F00102F1
:10A3A0008A720022CA8070472DE9F04107460D46A7
:10A3B0001646A846002406E018F80410384600F0B7
:10A3C00006F8601C84B2B442F6DBBDE8F081038974
:10A3D0000268D1540289521C92B2028183889A4247
:10A3E00005D1C27A82F00102C27200220281704756
:10A3F00001460889CA88904204DD0889CA88801A03
:10A4000080B270470889CA88904206DA8888CA886C
:10A41000801A0A89104480B2F3E7C87A8A7A904297
:10A4200001D08888EDE70020EBE70000154A82EDB7
:10A43000000AC2ED010A9060D16082ED041AD26870
:10A440009200104B9B685A4301EE902AF8EEE11AF5
:10A450000D4AC2ED001A0B4AD2ED041A9FED0B2AE9
:10A4600061EE821A0A4AC2ED001A064AD2ED001ABB
:10A47000084AC2ED001A034AD2ED011A064AC2ED9B
:10A48000001A704748040020F0000020DA0F49400D
:10A49000F4000020F8000020FC00002010B501703E
:10A4A000022901D1426012E003290FD1642A04D3AA
:10A4B0000A2404610024446109E00A23B2FBF3F496
:10A4C00004610369C3F10A04446100E000BF10BDE8
:10A4D00030B5034600220C1E01DB254600E0654234
:10A4E0002846154C6468641C844200D230BD0029A3
:10A4F00001DD012205E0002902DA4FF0FF3200E021
:10A5000000228BB1042B0BD0082B05D00C2B0FD1C4
:10A51000094CE260A0600CE0074C6261206108E039
:10A52000054CE261A06104E0034C6262206200E03D
:10A5300000BF00BF00BFD9E7CC1A002010B52648E5
:10A5400090ED000AF3EE060AB4EEE00AF1EE10FA1E
:10A5500012DB4FF4FA7200212048FFF79FFF4FF4FF
:10A56000FA7202211E48FFF799FF4FF4FA72002198
:10A570001C48FFF793FF2EE0174890ED000AF3EE1A
:10A58000040AB4EEE00AF1EE10FA12DB4FF4FA72AC
:10A5900000211248FFF782FF4FF4FA7200211048A1
:10A5A000FFF77CFF4FF4FA7202210E48FFF776FFA7
:10A5B00011E04FF4FA7202210848FFF76FFF4FF4E1
:10A5C000FA7200210648FFF769FF4FF4FA72002182
:10A5D0000448FFF763FF10BD880100204C1A0020DB
:10A5E000701A0020941A002005A10D4801F0E2F82D
:10A5F00000BF0A2004F038FBFFF750FDF9E7000028
:10A60000746865206D6964646C652063617220669E
:10A610006972737420697320626567696E21000036
:10A620000422002000BF0A2004F01EFBFDF7DCFF1F
:10A630000446F8E700BF642004F016FB0E48FFF75D
:10A64000C5F80E48FFF7C2F80D48FFF7BFF8F6F758
:10A65000D3FDF7F705F80B4880ED000AFFF76EFF12
:10A660000948C078012804D1C8210846F6F75CFEE5
:10A67000E1E7F6F787FEDEE74C1A0020701A0020AB
:10A68000941A002088010020380600201CB51448C8
:10A690001449154B154ACDE900101549154804F029
:10A6A000E0F814484068816A124888471249134804
:10A6B00002F036FB00BF322004F0D6FA10491148F0
:10A6C000FFF72CFD0E4A10490A4804F009F918B9A1
:10A6D00001200D490870EEE700200B490870EAE7F9
:10A6E000340200201C0200202C0200202402002042
:10A6F00060020020B8190020640100203806002004
:10A70000EC09002080160020A802002010B50022CD
:10A710001146012004F0FEFA1249886000200882E8
:10A720001149012006F078F90E49C864002008702C
:10A730000E4890ED010A084680ED0C0A0B4890ED9A
:10A74000020A084680ED0D0A9FED090A80ED120A03
:10A750009FED070A80ED100A002008734873887384
:10A7600010BD000074040020C4040020380600203E
:10A770000000000010B54FF0E020006906F026FD53
:10A78000012801D006F0CEF810BD000000B593B04E
:10A79000302107A8F5F7CDFD142102A8F5F7C9FD72
:10A7A00000BF002001902448006840F080502249FA
:10A7B00008600846006800F08050019000BF00BFAC
:10A7C00000BF002001901D48006840F480401B49F4
:10A7D00008600846006800F48040019000BF00BF98
:10A7E000012007900004089002200D9041050E9171
:10A7F00004210F91A821109102211191042112919D
:10A8000007A8F9F74BFB08B1F6F71AFF0F200290E3
:10A8100002200390002004904FF4A05005904FF4C4
:10A8200080500690052102A8F9F738F908B1F6F72B
:10A8300007FF13B000BD0000403802400070004028
:10A840000348006840F47000014908607047000048
:10A8500088ED00E010B50348FBF777F80248FBF7F6
:10A8600074F810BDA41B0020A423002010B50248DA
:10A87000FBF76BF810BD0000C41C002010B50248A7
:10A88000FBF763F810BD00000C1D002010B5026836
:10A890002B4B98420ED0B0F1804F0BD0294B9842F1
:10A8A00008D0294B984205D0284B984202D0284B1B
:10A8B000984203D122F070024B681A43204B984211
:10A8C00020D0B0F1804F1DD01E4B98421AD01E4BA5
:10A8D000984217D01D4B984214D01D4B984211D06E
:10A8E0001C4B98420ED01C4B98420BD01B4B9842ED
:10A8F00008D01B4B984205D01A4B984202D01A4BF5
:10A90000984203D122F44072CB681A4322F08003AC
:10A910004C6943EA04028B68C3620B688362084B8C
:10A92000984202D00A4B984201D10B690363036835
:10A9300043F00403036001234361026010BD000083
:10A94000000001400004004000080040000C0040EE
:10A950000004014000400140004401400048014023
:10A9600000180040001C0040002000402DE9F0418C
:10A9700004460D4616462548844220D0B4F1804F47
:10A980001DD0234884421AD02248844217D022483E
:10A99000844214D02148844211D0214884420ED0F0
:10A9A000204884420BD02048844208D01F4884426B
:10A9B00005D01F48844202D01E48844200D104E0E2
:10A9C00041F69C511CA001F06EFE3DB1042D05D056
:10A9D000082D03D00C2D01D03C2D00D104E041F610
:10A9E0009D5115A001F05FFE05F01F01012000FA46
:10A9F00001F7206AB8432062206A05F01F0106FAB9
:10AA000001F108432062BDE8F08100000000014030
:10AA10000004004000080040000C00400004014019
:10AA2000004001400044014000480140001800403F
:10AA3000001C0040002000402E5C44726976657264
:10AA4000735C53544D3332463478785F48414C5FE1
:10AA50004472697665725C5372635C73746D3332F1
:10AA6000663478785F68616C5F74696D2E6300008E
:10AA700030B50C46816821F47F4142EA0325254325
:10AA80002943816030BD0A46816821F0700142F09F
:10AA900007031943816070472DE9F04104460D46D4
:10AAA000266A206A20F0010020626768D4F81880C6
:10AAB00028F0700828F00308286840EA080826F003
:10AAC0000206A86806432348844200D103E02248D6
:10AAD000844211D100BFE86810B1E868082800D1AD
:10AAE00004E041F6CD211DA001F0DDFD26F00806B1
:10AAF000E868064326F004061648844202D0164849
:10AB000084421FD1A869B0F5007F01D0A86900B9BF
:10AB100004E041F6DA2111A001F0C5FD6869B0F545
:10AB2000807F01D0686900B904E041F6DB210BA009
:10AB300001F0B9FD27F4807727F4007768690743AF
:10AB4000A86907436760C4F8188068686063266274
:10AB5000BDE8F08100000140000401402E5C447219
:10AB600069766572735C53544D3332463478785F3E
:10AB700048414C5F4472697665725C5372635C73E2
:10AB8000746D3332663478785F68616C5F74696DB8
:10AB90002E6300002DE9F04104460D46266A206A26
:10ABA00020F0100020626768D4F8188028F4E0488C
:10ABB00028F44078286848EA002826F02006A8688B
:10ABC00046EA00162448844200D103E02348844228
:10ABD00012D100BFE86810B1E868082800D104E08D
:10ABE00041F619311EA001F05EFD26F08006E868EE
:10ABF00046EA001626F040061748844202D017485D
:10AC0000844221D1A869B0F5007F01D0A86900B9BC
:10AC100004E041F6263112A001F045FD6869B0F567
:10AC2000807F01D0686900B904E041F627310CA0AB
:10AC300001F039FD27F4806727F40067686947EA67
:10AC40008007A86947EA80076760C4F818806868C9
:10AC5000A0632662BDE8F0810000014000040140CD
:10AC60002E5C447269766572735C53544D33324680
:10AC70003478785F48414C5F4472697665725C5302
:10AC800072635C73746D3332663478785F68616CBC
:10AC90005F74696D2E6300002DE9F04104460D4696
:10ACA000266A206A20F4807020626768D4F81C80CD
:10ACB00028F0700828F00308286840EA080826F4FD
:10ACC0000076A86846EA00262448844200D103E0C2
:10ACD0002348844212D100BFE86810B1E868082810
:10ACE00000D104E041F664311EA001F0DCFC26F442
:10ACF0000066E86846EA002626F480661748844223
:10AD000002D01748844221D1A869B0F5007F01D054
:10AD1000A86900B904E041F6713112A001F0C3FC4A
:10AD20006869B0F5807F01D0686900B904E041F638
:10AD300072310CA001F0B7FC27F4805727F40057BC
:10AD4000686947EA0017A86947EA00176760C4F80E
:10AD50001C806868E0632662BDE8F0810000014065
:10AD6000000401402E5C447269766572735C535432
:10AD70004D3332463478785F48414C5F447269768F
:10AD800065725C5372635C73746D333266347878C9
:10AD90005F68616C5F74696D2E6300002DE9F0419E
:10ADA00004460D46276A206A20F480502062D4F8B9
:10ADB0000480E66926F4E04626F44076286846EAF0
:10ADC000002627F40057A86847EA00370F48844256
:10ADD00002D00F48844210D16869B0F5807F01D05D
:10ADE000686900B904E041F6B1310AA001F05BFCEA
:10ADF00028F48048686948EA8018C4F80480E6614D
:10AE0000686820642762BDE8F0810000000001400E
:10AE1000000401402E5C447269766572735C535481
:10AE20004D3332463478785F48414C5F44726976DE
:10AE300065725C5372635C73746D33326634787818
:10AE40005F68616C5F74696D2E63000030B50B46FE
:10AE50001446026A056A25F001050562816921F040
:10AE6000F00141EA041122F00A021A4381610262F0
:10AE700030BD30B50B461446026A056A25F0100550
:10AE80000562816921F4704141EA043122F0A00297
:10AE900042EA03128161026230BD000010B502482F
:10AEA000FBF7E4FA10BD00009C1D002010B502481D
:10AEB000FBF7DCFA10BD0000E41D002070B504466D
:10AEC000A56B0020E8852846FBF796FA70BD70B5A3
:10AED00006460025B46B20684069C0F3C01594F89D
:10AEE0004100212805D125B10020E084204600F052
:10AEF000FBF820684069C0F3801594F842002228CE
:10AF000005D125B10020E085204600F0A7F8606C4F
:10AF100040F0100060642046FBF76EFA70BD70B51B
:10AF20000546AC6B2868006800F48070002842D1A8
:10AF3000E08500BF00BF21680C3151E8001F21F4FB
:10AF4000807021680C3141E80002002AF3D100BF73
:10AF500000BF00BF2168143151E8001F21F001003B
:10AF60002168143141E80002002AF3D100BF00BF7C
:10AF700000BF2168143151E8001F21F04000216812
:10AF8000143141E80002002AF3D100BF202084F8E8
:10AF90004200206B01280ED100BF00BF21680C3198
:10AFA00051E8001F21F0100021680C3141E8000237
:10AFB000002AF3D100BF00206063206B012804D178
:10AFC000A18D2046FBF790F902E02046FBF730FF09
:10AFD00070BD70B50546AC6B01206063206B012825
:10AFE00005D1A08D41082046FBF77EF902E02046FE
:10AFF000FBF71FFF70BD70B50546AC6B2868006895
:10B0000000F48070F8B90020E08400BF00BF216820
:10B01000143151E8001F21F080002168143141E80B
:10B020000002002AF3D100BF00BF00BF21680C312D
:10B0300051E8001F41F0400021680C3141E8000256
:10B04000002AF3D102E02046FBF7A2FF70BD70B5E5
:10B050000446A56B2846FBF79CFF70BD00BF00BFF0
:10B0600002680C3252E8002F22F4907102680C3210
:10B0700042E80013002BF3D100BF00BF00BF0268FD
:10B08000143252E8002F22F001010268143242E823
:10B090000013002BF3D100BF016B01290ED100BFBB
:10B0A00000BF02680C3252E8002F22F01001026843
:10B0B0000C3242E80013002BF3D100BF202180F8AE
:10B0C000421000210163704710B504462068C06833
:10B0D00020F040002168C860202084F8410020460C
:10B0E000FBF756FF002010BD00BF00BF02680C3206
:10B0F00052E8002F22F0C00102680C3242E800132F
:10B10000002BF3D100BF202180F8411070470000D0
:10B1100010B580221E491F48FFF718F980221E49EA
:10B120001E48FFF713F980221D491E48FFF70EF94C
:10B1300080221D491D48FFF709F94FF400721C4990
:10B140001C48FFF703F94FF400721B491B48FFF737
:10B15000FDF84FF480721A491A48FBF78CF84FF447
:10B16000807219491948FBF786F880221849194856
:10B17000FBF781F84FF4007217491848FBF77BF88A
:10B180004FF400720C491648FBF775F810BD00002B
:10B190005C0C00205C0F00205C0D0020680F00207C
:10B1A0005C0E0020740F002000120020801600208A
:10B1B000801200208C160020801400209816002099
:10B1C0005C0A00202C1E00205C0B00209C1D00202F
:10B1D000800F0020741E002000100020BC1E0020E4
:10B1E000E41D0020F8B504460025002694F842002E
:10B1F000222873D1A068B0F5805F0BD1206948B9CF
:10B20000A66A20684068C0F308003080A06A801CED
:10B21000A06214E0A56AA068B0F5805F03D0A068C2
:10B2200028B9206918B920684068287004E02068AF
:10B23000406800F07F002870A06A401CA062E08D8A
:10B24000401E80B2E085002846D12068C06820F00A
:10B2500020002168C8602068C06820F480702168E0
:10B26000C8602068406920F0010021684861202002
:10B2700084F8420000206063206B012826D1002062
:10B28000206300BF00BF21680C3151E8001F21F08E
:10B29000100021680C3141E80002002AF3D100BF00
:10B2A0002068006800F0100010280AD100BF0020BC
:10B2B000009020680068009020684068009000BFFF
:10B2C00000BFA18D2046FBF70FF802E02046FBF7F8
:10B2D000AFFD0020F8BD01E00020FBE70220F9E708
:10B2E0002DE9FC5F0446A4496068884200D804E068
:10B2F00040F69961A1A001F0D6F9E06818B1E068C4
:10B30000B0F5005F00D104E040F69A619BA001F027
:10B31000CAF9206938B12069B0F5806F03D020697F
:10B32000B0F5C06F00D104E040F69B6193A001F03E
:10B33000BAF94FF6F3716069084010B9606900B15D
:10B3400004E040F69C618DA001F0ADF92068006931
:10B3500020F44050E1680843216808612169A06831
:10B36000084361690843E16940EA010A2068C0684E
:10B3700049F20C61884340EA0A002168C8602068ED
:10B38000406920F44070A1690843216848618949F7
:10B390002068884203D088492068884203D1F8F7A2
:10B3A00015FD814602E0F8F701FD8146E069B0F540
:10B3B000004F70D102206168A0FB015003461920A4
:10B3C000A9FB00712A463846F4F75AFF6421B0FB06
:10B3D000F1F0070102206168A0FB0150034619202B
:10B3E000A9FB00B001462A465846F4F749FF8046BB
:10B3F00002206168A0FB01511920A9FB00B084461E
:10B400002A460B4658466146F4F73AFF6421B0FBE2
:10B41000F1F000EBC00101EB0010A8EB800032213D
:10B4200001EBC0006421B0FBF1F000F0F80007EB85
:10B43000400702206168A0FB015003461920A9FBC8
:10B4400000B001462A465846F4F71AFF804602200B
:10B450006168A0FB01511920A9FB00B084462A466F
:10B460000B4658466146F4F70BFF6421B0FBF1F040
:10B4700000EBC00101EB0010A8EB8000322101EBD2
:10B48000C0006421B0FBF1F000F0070038442168EF
:10B4900088606FE0FFE704206168A0FB015003466D
:10B4A0001920A9FB007001462A463846F4F7E8FE49
:10B4B000834604206168A0FB015003461920A9FBC4
:10B4C000007001462A463846F4F7DAFE6421B0FBE4
:10B4D000F1F000EBC00101EB0010ABEB800032217A
:10B4E00001EB00106421B0FBF1F000F0F00B042040
:10B4F0006168A0FB01511920A9FB007080462A4613
:10B500000B4638464146F4F7BBFE6421B0FBF1F030
:10B510000BEB001B04206168A0FB01511920A9FB63
:10B52000007080462A460B4638464146F4F7A8FE8E
:10B53000074604206168A0FB01510B461920A9FBB6
:10B5400000012A46CDE90001F4F79AFE6421B0FB20
:10B55000F1F000EBC00101EB0010A7EB80003221FD
:10B5600001EB00106421B0FBF1F000F00F00584433
:10B5700021688860BDE8FC9FA037A0002E5C447263
:10B5800069766572735C53544D3332463478785F14
:10B5900048414C5F4472697665725C5372635C73B8
:10B5A000746D3332663478785F68616C5F75617290
:10B5B000742E6300001001400014014077B581B083
:10B5C000044615460298A062A585002060642220EA
:10B5D00084F842002C48E16BC8632C48E16B086496
:10B5E0002B48E16BC8640020E16B086502AE32684D
:10B5F0002368191D2B46E06BF6F7E0FF38B11020E9
:10B600006064202084F84200012004B070BD00BFB7
:10B61000002000902068006800902068406800903A
:10B6200000BF00BF206970B100BF00BF21680C31AE
:10B6300051E8001F41F4807021680C3141E800029C
:10B64000002AF3D100BF00BF00BF2168143151E8C8
:10B65000001F41F001002168143141E80002002A76
:10B66000F3D100BF00BF00BF2168143151E8001FB3
:10B6700041F040002168143141E80002002AF3D172
:10B6800000BF0020C1E700001FAF0008D3AF0008D3
:10B69000CFAE0008014691F84100212828D18868E2
:10B6A000B0F5805F0BD1086948B90A6A1088C0F309
:10B6B00008000B685860086A801C086205E00B6A85
:10B6C000581C086218780B685860C88C401E80B2FD
:10B6D000C88458B90868C06820F080000B68D8603A
:10B6E0000868C06840F040000B68D86000207047D0
:10B6F0000220FCE72DE9F84304460D46174698461C
:10B70000089E31E0701C70B3F7F786FAA0EB0800D2
:10B71000B04200D816B90320BDE8F8832068C0689D
:10B7200000F00400F8B1802D1ED0402D1CD0206800
:10B730000068C0F3C000B0B100BF002000902068D6
:10B740000068009020684068009000BF00BF20465D
:10B75000FFF784FC0820606400BF002084F84000EC
:10B7600000BF0120D8E7FFE7206800682840A84212
:10B7700001D1012000E00020B842C3D00020CBE777
:10B7800010B50248FAF772FE10BD00002C1E002012
:10B7900010B50248FAF76AFE10BD0000741E0020C2
:10B7A00010B50248FAF762FE10BD0000BC1E002072
:10B7B00000BFFEE70FB438B5044606A800904FF46A
:10B7C00096712046009B059A00F05AF80546AAB2E9
:10B7D0002146204600F006F80020009038BC5DF8B5
:10B7E00014FB00002DE9F04107460C461546F7F71B
:10B7F00013FA064606E0F7F70FFA801BB0F57A7FDA
:10B8000000D904E0074890F841002028F3D100BF98
:10B810004FF47A732A4621460248FBF70BFBBDE83A
:10B82000F08100002C1E00200FB41CB50246002041
:10B8300007AC00290BD0491ECDE90021054B6A4613
:10B840002146069800F088FB009A002111701CBC6C
:10B850005DF814FB87C600080FB4084B10B504A9A7
:10B8600002AA039800F078FB044602A9002000F029
:10B8700015FF204610BC5DF814FB00009DC60008B3
:10B880007CB5044600201D46164600290BD0491EF3
:10B89000CDE90041044B6A462946304600F05CFB86
:10B8A000009A002111707CBD87C600084100080283
:10B8B00018BF04200A0E18BF40F001004FF07F426D
:10B8C00032EA010108BF40F00200012808BF05204C
:10B8D0007047000002480068C0F302207047000073
:10B8E0000CED00E010B5002804DB0A07130E054A32
:10B8F000135406E00A07140E034A00F00F031B1F3F
:10B90000D45410BD00E400E018ED00E0004870479A
:10B9100090030020EFF305807047000010B54FF052
:10B920000E402DED028BB0EE408A18EE104A00EB6F
:10B930004400B0F1506F4AD84FF0FC40B0EB440FD8
:10B9400022D2B0EEC80AF7EE000A30EEC00AF6EED8
:10B95000000A60EE208A18EE900A04F06AFA01EEFE
:10B96000100A14F0004F1DBFDFED2D0A9FED2D0AC8
:10B97000B1EE411ADFED2C0A08BF9FED2C0AF8EE5C
:10B98000001A21EE218A05E0DFED290A68EE088A17
:10B99000B0EE600A9FED271ADFED271A30EE080A95
:10B9A00048EE811A9FED251A08EEA11ADFED241A40
:10B9B00048EE811A9FED231A08EEA11A68EE281AA4
:10B9C000BDEC028B01EE810A30EE200A10BD4FF073
:10B9D000E440B0EB440F0CD918EE100AFFF766FFF5
:10B9E000042808BF00F0C0F9B0EE480ABDEC028B95
:10B9F00010BD4FF07F40B0EB440F07D2B0EE480AC5
:10BA0000BDEC028BBDE8104000F09FB9012000F0B2
:10BA1000D3F9BDEC028BBDE8104000F09DB90000E9
:10BA20000000C9BF22AAFDB90000C93F22AAFD3902
:10BA30000000000024FE1C3DC78AD83C1E67383D2C
:10BA40001B93993DAFAA2A3E10EE100A10B510EED6
:10BA5000901A4FF0684202EB40032DED028BB3F1D8
:10BA6000654F3CBF02EB4102B2F1654F7CD200BF93
:10BA7000C0F3C753C1F3C7529A1A1B2A09DD10F04D
:10BA8000004F14BF9FED6E0A9FED6E0ABDEC028B56
:10BA900010BD12F11A0F1BDA11F0004F09D010F08F
:10BAA000004F0CBF9FED680A9FED680ABDEC028B4A
:10BAB00010BD80EE208A18EE100AFFF7F7FE04286A
:10BAC00008BF00F051F9B0EE480ABDEC028B10BD82
:10BAD0004200B2EB410F37D910F0004F19BFDFED34
:10BAE0005C1A9FED5C1ADFED5C1A9FED5C1AB0EEFC
:10BAF000602A0A46F1EE400A80F00041B0EE420AA8
:10BB000010460A1A5200B2F1807F34D2484010F039
:10BB1000004FDFED532A9FED533A1DBFBEEE002AC2
:10BB200071EEE21A31EE431AB6EE002A04BF71EE4E
:10BB3000A21A31EE031AF0EE402A42EE602A40EEDD
:10BB4000020A82EEA02A18E011F0004F04BF9FED18
:10BB5000461AF0EE411AD4D010F0004F1CBFDFEDB2
:10BB6000431A9FED431A00E026E004BFDFED411ABF
:10BB70009FED411AC5E780EE202A22EE020ADFED92
:10BB80003F0ADFED3F2ABDEC028B40EE202ADFEDBD
:10BB90003D0A40EE220ADFED3C2A40EE202ADFED8E
:10BBA0003B0A40EE220A22EE000A00EE201A31EE95
:10BBB000020A30EE210A10BD4FF07F42B2EB400F77
:10BBC00028BFB2EB410F05D2BDEC028BBDE810409F
:10BBD00000F0BEB840EA01035B0008BF41F0FF413E
:10BBE0000BD0B2EB400F08BFB2EB410F08D120F0F1
:10BBF000804000EE100A21F0804100EE901A37E7F5
:10BC0000B2EB400F12BF5FEA410240F0FF4001F08B
:10BC100000413FF42DAF4A0092EA40033FF528AFC0
:10BC2000002AACBF9FED1A1A9FED1A1A20EE010AE6
:10BC300060EE810A10EE100A10EE901A18E700006C
:10BC4000DB0FC9BFDB0FC93FDB0F4940DB0F49C02A
:10BC50000000C9BF22AAFDB90000C93F22AAFD39D0
:10BC60000060ED3EC30ACE3700000000000049C06E
:10BC700022AA7DBA0000494022AA7D3A2DAD65BDB9
:10BC80008FB8D53D0FB511BE61C84C3EA8AAAABE5B
:10BC90000000804F0000802F30B583B0044600F0D4
:10BCA00075F89FED090B05468DED000B002221462E
:10BCB0006846F4F706FE284600F07EF89DED000B7E
:10BCC00003B030BD000000000000000000000000D4
:10BCD00000B52DED048BB0EE409AF0EE609A83B083
:10BCE00051EC190BF4F7ECFE41EC180B18EE100AAE
:10BCF00018EE901A8DED008B002818BF0120084324
:10BD000020F00040C0F17F6000F1E040C00F14D08F
:10BD100019EE101A19EE900A8DED009B002918BF3C
:10BD20000121084320F00040C0F17F6000F1E040B5
:10BD3000C00F04BF012000F03FF8B0EE480A03B086
:10BD4000F0EE680ABDEC048B00BD30EE000A7047CF
:10BD500030EE200A70470000DFED020A80EEA00AF4
:10BD600070470000000000009FED020A20EE000A6C
:10BD7000704700000000001010B505F037FA10BD44
:10BD800010B50446204602F06FFF10BD0148006860
:10BD9000704700009003002002E008C8121F08C18D
:10BDA000002AFAD170477047002001E001C1121F3C
:10BDB000002AFBD17047000001490860704700006D
:10BDC000900300202DE9FF5F82B00021DDE90430FF
:10BDD000020DDDF840B0034318D044F61050A2F233
:10BDE000FF3242431514119801281FD0A5EB0B0018
:10BDF000401C5FEA000A4FF000064E4FDFF8389112
:10BE0000B046504615D5CAF1000413E0119801243C
:10BE10004AA3012801D16FEA0B010298119AC0E9E7
:10BE20000031C0E9024206B0BDE8F09FCBF100004E
:10BE3000DFE704460021404A491842EB0450CDE9AF
:10BE4000001012E0E00707D032463B464046494624
:10BE5000F4F77CFB8046894632463B46104619463D
:10BE6000F4F774FB06460F466410002CEAD1DDE9B6
:10BE70000401DDE90023BAF1000F06DAF4F766FBEE
:10BE800042464B46F4F762FB05E0F4F7D1FB42462D
:10BE90004B46F4F7CDFB04460E460022284BF4F740
:10BEA0005BFC03D84FF0FF30014607E00022254B32
:10BEB00020463146F4F7A3FAF4F753FE102409E0C4
:10BEC000002C0ADB0A220023F4F7DAF9039B303254
:10BED0001A55641E50EA0102F2D1641C039AC4F19F
:10BEE00011031444119A012A03D0012208430DD1F1
:10BEF0000AE0084304D000204FF0110B119072E7C4
:10BF0000A3EB0B056D1E0DE05B4504DD4FF0000259
:10BF100005F1010504E003DA4FF00002A5F1010587
:10BF2000002AECD002981199C0E90231C0E900451D
:10BF300079E70000000014400000F03F30000000EE
:10BF40000000F0430000E03F30380A2801D2012011
:10BF500070470020704700002DE9FF4F95B09B46C9
:10BF60008946064600250FE2252877D1002427467A
:10BF7000F84A0121059400E0044316F8013F203BF4
:10BF800001FA03F01042F7D130782A2811D06FF06F
:10BF90002F033078A0F13002092A16D8059A44F010
:10BFA000020402EB820203EB42021044761C05906D
:10BFB000EFE759F8042B0592002A03DA504244F4C3
:10BFC0000054059044F00204761C30782E2816D1D7
:10BFD00016F8010F44F004042A280DD06FF02F0248
:10BFE0003078A0F13003092B09D807EB870302EB67
:10BFF0004303C718761CF3E759F8047B761C3078A6
:10C000006C280FD006DC4C2817D068280DD06A2881
:10C0100014D104E0742810D07A280FD10DE044F434
:10C0200000140AE044F4801401E044F440147278EF
:10C03000824202D104F58014761C761C3078662882
:10C040000BD013DC582877D009DC002875D04528A0
:10C05000F6D04628F4D047281AD19DE118E063288D
:10C0600035D0642879D0652812D195E1702873D035
:10C0700008DC6728F1D069286FD06E280DD06F28B2
:10C0800006D1B5E073282CD0752875D0782874D0E7
:10C090005A46179990476D1C75E1C4F30250022867
:10C0A00009D003280DD0D9F8001004280DD00D6058
:10C0B00009F1040967E1D9F80010EA17C1E9005253
:10C0C000F6E7D9F800100D80F2E70D70F0E719F8E7
:10C0D000041B8DF8001000208DF80100EA460120B5
:10C0E00003E059F804AB4FF0FF3061074FF0000157
:10C0F00002D40DE008F101018846B9420FDA80450B
:10C10000F8DB1AF808100029F4D108E008F1010161
:10C1100088468142FADB1AF808100029F6D1059802
:10C120005B46A0EB080721463846179A00F094FAC0
:10C13000284400EB080507E04DE029E10DE01AF87E
:10C14000010B5A4617999047B8F10108F7D25B46A0
:10C1500021463846179A13E142E00A220092C4F3BE
:10C1600002524FF0000A022A08D059F804CB032AE1
:10C170004FEAEC710AD00DE029E02AE009F107014D
:10C1800021F00702F2E802C1914609E00FFA8CFCA7
:10C190004FEAEC71042A03D14FFA8CFC4FEAEC71A0
:10C1A000002907DA0A460021DCF1000C61EB0201EC
:10C1B0002D2202E0220504D52B228DF80420012235
:10C1C00003E0E20701D02022F7E7904659E00A2178
:10C1D00002E010220DE010214FF0000A00910BE068
:10C1E00010224FF0000A44F004040827009203E0F4
:10C1F00008224FF0000A0092C4F30252022A05D02E
:10C2000059F804CB0021032A08D009E009F10701FD
:10C2100021F00702F2E802C1914605E01FFA8CFC0A
:10C22000042A01D10CF0FF0C4FF00008220728D59A
:10C23000702806D0009B83F0100353EA0A0305D050
:10C240000EE040228DF80420012208E05CEA0102A1
:10C2500006D030228DF804208DF805000222904689
:10C26000009B83F0080353EA0A030AD15CEA010247
:10C2700001D1620705D530228DF804204FF0010866
:10C280007F1E582804D034A003900EA802900DE021
:10C2900036A0F9E753466046009AF3F7F1FF84466B
:10C2A0000398825C0298401E029002705CEA0100D2
:10C2B000F0D1029806A9081A00F1200A600702D5F9
:10C2C00024F4803400E00127574502DDA7EB0A0083
:10C2D00000E0002000EB0A01009005984144401A5C
:10C2E0000590E00306D45B462146179A059800F0B6
:10C2F000B3F90544002706E001A85A46C05D179926
:10C3000090476D1C7F1C4745F6DBE0030CD55B4670
:10C310002146179A059800F09FF9054404E0302063
:10C320005A46179990476D1C0099481E00900029A5
:10C33000F5DC08E0029802995A460078491C0291FF
:10C34000179990476D1CBAF10001AAF1010AF1DCBE
:10C3500065E10000092801003031323334353637C9
:10C360003839616263646566000000003031323341
:10C3700034353637383941424344454600000000E1
:10C3800000F058F90544761C307800287FF4ECADB5
:10C3900019B02846BDE8F08F620700D4062709F1DE
:10C3A000070222F0070CFCE80223E14603F00048F4
:10C3B0005FEA080C02D00FF2702C0DE05FEA045C1B
:10C3C00002D50FF2682C07E05FEAC47C02D00FF2BE
:10C3D000602C01E0AFF2700C4FF0FF3823F0004307
:10C3E000CDF850C065280CD006DC452809D0462879
:10C3F0001DD047283DD13DE0662818D067287ED162
:10C4000038E00021112F01DB112000E0781CCDE97C
:10C41000000106A90EA8FFF7D5FCDDE90F010E9A71
:10C4200003910021009207F1010A04914DE04FF0C1
:10C4300000400097CDE9011006A90EA8FFF7C2FC45
:10C44000DDE90F0203920E9B11990022DDF80CA08A
:10C450000093049211B9791C00EB010AB7EB0A00B2
:10C4600004D4C0F1FF3007F1010A0490AAEB0700E1
:10C47000019044E0012F00DA01270021112F01DD96
:10C48000112000E03846CDE9000106A90EA8FFF70B
:10C4900099FCDDE90F010E9A0391002104910092AD
:10C4A000BA4621070CD40399514500DA8A46BAF1FD
:10C4B000010F05DD009AAAF10101515C302908D075
:10C4C000B84202DA10F1040F06DA0121CDE90110B9
:10C4D00015E0AAF10101E9E7002805DC049901440F
:10C4E0000491AAEB000102E0411C514500DD8A469F
:10C4F0000499401A401C01904FF000400290200720
:10C5000004D40198504501DBCDF8048000208DF85B
:10C510004F0002980DF14F07B0F1004F25D02B20AE
:10C520000E9002984FF0020800280CDA4042029068
:10C530002D200E9007E00A210298F4F741F93031DE
:10C54000029007F8011DB8F10001A8F10108F2DC22
:10C5500002980028EFD1791E0E980870307800F00C
:10C56000200040F0450007F8020D12A8C01B00F1A2
:10C5700007081498007800B1012000EB0A01019827
:10C5800001EBE07105984144401A401E0590E0031C
:10C5900006D45B462146179A059800F05DF80544DD
:10C5A0001498007818B15A46179990476D1CE0030B
:10C5B00024D55B462146179A059800F04DF80544AE
:10C5C0001CE00498002807DBDDE90301884203DD55
:10C5D0000098405C179901E0179930205A4690471F
:10C5E000049805F10105401C04900198401E01903B
:10C5F00004D12E205A46179990476D1CBAF10001BC
:10C60000AAF1010ADDDC05E017F8010B5A4617997B
:10C6100090476D1CB8F10001A8F10108F4DC5B46FD
:10C620002146179A0598ABE62D0000002B0000006C
:10C63000200000002DE9F041044600251E46174663
:10C64000880404D405E039462020B0476D1C641EE0
:10C65000F9D52846BDE8F0812DE9F04104460025D2
:10C660001E469046C80301D5302700E020278804E5
:10C6700004D505E041463846B0476D1C641EF9D527
:10C680002846BDE8F0814A68002A06D00A68531C93
:10C690000B6010704868401E486070470A68531C61
:10C6A0000B601070704770471D480079012808D151
:10C6B00000201C490860DFED1C0A1C48C0ED000A80
:10C6C00070471848006838280CDA1848D0ED000A7E
:10C6D00070EE800AC0ED000A12480068401C114943
:10C6E00008601BE00F480068382817D10F4890ED0C
:10C6F000001ADFED0F1A81EE212AF0EE420A0848F7
:10C70000C0ED000A012006490871002005490860B3
:10C710009FED051A054880ED001A00BF00BFCFE766
:10C7200024080020D001002000000000CC010020DF
:10C73000000060421D48007F012808D100201C49EC
:10C740000860DFED1C0A1C48C0ED000A704718485D
:10C7500000680E280CDA1848D0ED000A70EE800A46
:10C76000C0ED000A12480068401C114908601BE037
:10C770000F4800680E2817D10F4890ED001AF2EE0E
:10C780000C1A81EE212AF0EE420A0848C0ED060A92
:10C790000120064908770020054908609FED051A29
:10C7A000054880ED001A00BF00BFCFE72408002035
:10C7B000D801002000000000D401002010B504467C
:10C7C0002046FCF707F884F8440094F8440010BDB4
:10C7D000D1ED011A91ED032A61EE821A91ED002A42
:10C7E000D1ED022A42EE621AB0EE002A61EE821A00
:10C7F000B0EE610AD1ED001A91ED012A61EE821AC4
:10C8000091ED022AD1ED032A42EE221AB0EE002A5F
:10C8100061EE821AF0EE610AD1ED011A61EEA11A01
:10C8200091ED022AD1ED022A42EE221AB7EE002A39
:10C83000F0EE002A02EEE12AB0EE421AD0ED001A24
:10C840009FED0B2A40EE421AC0ED001AD0ED011AFE
:10C850009FED072A40EEC21AC0ED011AD0ED021A70
:10C860009FED032A41EE421AC0ED021A7047000004
:10C8700000007A442DE9F04104460D460026606828
:10C88000407818B101263046BDE8F0812846F3F71C
:10C890005BFD87B2E0683A462946436820469847E0
:10C8A0003046F1E710B5044615A12046FFF7E2FF38
:10C8B000A06801686420884713A12046FFF7DAFFCB
:10C8C000A06801684FF4FA7088470DA12046FFF771
:10C8D000D1FFA0680168642088470EA12046FFF7B9
:10C8E000C9FFA0680168642088470DA12046FFF7B2
:10C8F000C1FFA068016864208847002010BD0000C7
:10C9000041540D0A0000000041542B524553455438
:10C910000D0A000041542B524F4C45320D0A0000C5
:10C9200041542B454E4C4F47300D0A002DE9F0473E
:10C9300004460D4616460027B946B846A168486821
:10C94000804707460AE0A16848688047C01B28283E
:10C9500004D94FF001094846BDE8F0876068407887
:10C960000028F0D10120616848702946234803F06F
:10C97000DBF92248F3F7E8FC1FFA80FAE068524638
:10C980001E49436820469847A16848688047074683
:10C990000CE0A16848688047C01B282806D9002001
:10C9A000616848704FF001094846D5E760684078F3
:10C9B0000128EED06068407802281DD12846F3F7A0
:10C9C000C3FCA0F1030803F053FC0D48F3F7BCFCD3
:10C9D000A0EB0800A0F1010A094800EB080152464B
:10C9E0003046F3F7E7FC00206168487003F06AFC0A
:10C9F0004FF000094846AFE74846ADE7E41900208C
:10CA0000FD19002070B504460D4629462046FCF766
:10CA1000A7FD84F8440094F8440070BD2DE9F0416E
:10CA200004460D4616461F463B46324629462046DA
:10CA3000FBF7ABFF84F8440094F84400BDE8F081B4
:10CA400010B52DED048B04462046F3F760FE41EC53
:10CA5000190B9FED070B53EC102BF3F7E9FD41EC9D
:10CA6000180BF3F791FE00EE100ABDEC048B10BD1D
:10CA7000000000000000D04170B52DED028B04468F
:10CA80006078082879D2DFE800F0AE041D3A5979C1
:10CA90008A9D64215848F3F74CFC58480068F3F726
:10CAA00047FE41EC180B53EC182B55A15248FEF7EA
:10CAB000D3FE5148F3F748FC85B229464E48226917
:10CAC000904791E064214C48F3F733FC524890EDD5
:10CAD000020A10EE101A0846F3F72AFE41EC180B72
:10CAE00053EC182B4DA14448FEF7B6FE4248F3F72D
:10CAF0002BFC85B2294640482269904774E06421A6
:10CB00003D48F3F716FCE078401CE070E07802281E
:10CB100001D10020E070E07808B146A000E046A016
:10CB2000024646A13448FEF797FE3348F3F70CFC63
:10CB300085B2294630482269904755E0207B401C49
:10CB40002073207B022801D10020207364212A4811
:10CB5000F3F7EFFB207B08B13BA000E03DA00246CD
:10CB60003FA12548FEF778FE2348F3F7EDFB85B299
:10CB7000294621482269904736E034E064211E4866
:10CB8000F3F7D7FB3BA11C48FEF766FE1A48F3F704
:10CB9000DBFB85B2294618482269904724E0012032
:10CBA000A07364211448F3F7C4FB39A11248FEF7BF
:10CBB00053FE1148F3F7C8FB85B229460E48226997
:10CBC000904711E064210C48F3F7B3FB37A10A4802
:10CBD000FEF742FE0848F3F7B7FB85B22946064840
:10CBE0002269904700E000BF00BF0820607001206C
:10CBF000BDEC028B70BD00005806002088010020AB
:10CC000042617474657279206C6576656C20697315
:10CC100020252E3166760A00800800205069746352
:10CC20006820616E676C6520697320252E31660A65
:10CC3000000000004F4E00004F464600416C6172FC
:10CC40006D2025730A000000416374697661746584
:10CC50006400000044656163746976617465640012
:10CC60004F6E652D6B65792073746F702025730A84
:10CC7000000000004F6E652D6B6579207374617242
:10CC8000742072656365697665642E0A0000000091
:10CC90004F6E652D6B65792072657475726E2072AA
:10CCA000656365697665642E0A0000002B2B2B00F6
:10CCB00070B504460D4604B10DB9002070BD00BF2B
:10CCC0002089E188884205D1E07AA17A884201D1A1
:10CCD000012000E0002008B10020EFE72046FDF72A
:10CCE00087FB0646324629462046FDF738FB0120E1
:10CCF000E4E7014609B90520704708204870002084
:10CD00008870C870087348738873B0EE000A81EDAC
:10CD1000010AB0EE000A81ED020A0120ECE70000F2
:10CD200070B504460D46012604B12DB914A1224860
:10CD3000FEF740FD052070BD207828B11FA11E48D8
:10CD4000FEF738FD0420F6E7656125482061254897
:10CD5000A0612548E0612046FFF7CBFF012E07D0F8
:10CD60000020606121A11448FEF724FD3046E2E76F
:10CD7000122127A022699047012020703046DAE76F
:10CD80004572726F723A20496E76616C69642069EF
:10CD90006E70757420706172616D65746572732058
:10CDA000666F722044545520696E7374616E7469A5
:10CDB0006174696F6E2E0A00042200204572726F42
:10CDC000723A2044545520616C726561647920691F
:10CDD0006E697469616C697A65642E0A00000000EE
:10CDE0001DD0000825CE000879CA00084572726F70
:10CDF000723A2044545520696E697469616C697A8D
:10CE00006174696F6E206661696C65642E0A00004A
:10CE1000546865206361722069732072656164796A
:10CE20002E0A000070B504460D464448807801285B
:10CE30002ED129464248FFF73BFF18B941A14A4885
:10CE4000FEF7B8FC2A4649A14748FEF7B3FC28463E
:10CE5000F3F77AFA86B2324629462046F4F772FB97
:10CE600028B162784BA14048FEF7A4FC03E058A12A
:10CE70003D48FEF79FFC31462846F3F75AFA6169B0
:10CE8000486880475D49086000202C49887000BFD1
:10CE900061694868804759490968401A5849884279
:10CEA0004BD964215748F3F744FA57A15548FEF788
:10CEB000D3FC5448F3F748FA86B231465148226908
:10CEC0009047606901684FF4FA70884764214D48C3
:10CED000F3F72FFA4DA14B48FEF7BEFC4948F3F794
:10CEE00033FA86B231464748226990476069016843
:10CEF0004FF4FA70884764214248F3F71AFA44A1C4
:10CF00004048FEF7A9FC3F48F3F71EFA86B23146C7
:10CF10003C4822699047606901684FF4FA7088477D
:10CF20003848F3F711FA86B23146364822699047FD
:10CF30006169486880473149086070BD3806002043
:10CF4000981600204E6F20646174612072656365DD
:10CF5000697665642066726F6D2072696E67206203
:10CF600075666665722E0A000422002044617461B1
:10CF70002072656365697665642066726F6D2072E4
:10CF8000696E67206275666665723A202573200AAD
:10CF9000000000005061727365642076616C696402
:10CFA000206672616D652066726F6D2072696E67B2
:10CFB000206275666665722E2053746174652075F3
:10CFC00070646174656420746F3A2025640A0000FF
:10CFD0004661696C656420746F20706172736520AE
:10CFE0006672616D652066726F6D2072696E672072
:10CFF0006275666665722E0A0000000060010020FE
:10D00000E0930400580600202B2B2B0061746B006A
:10D0100041542B5057520D0A0000000070B50446D1
:10D020000D462A4621460248F9F764FF012070BDEB
:10D03000E41D002070B504460D46164632462946CA
:10D040002046FBF73AFC84F8440094F8440070BD95
:10D0500070B504460D462079012808D1294620469E
:10D06000FBF7CDFB84F8440094F8440070BD082021
:10D07000FCE770B504460E4615462079012809D113
:10D080002A463146204600F095FB84F8440094F887
:10D09000440070BD0820FCE770B504460D462946E3
:10D0A0002046FBF7DBFB84F8440094F8440070BD95
:10D0B000FEB506460EB90320FEBD374606F12C0527
:10D0C000002402213846FCF7D7F80443012302AAC2
:10D0D00014213846FBF745FC04439DF8080041083D
:10D0E000287D61F30100287502213846FCF7C4F859
:10D0F0000443012301AA19463846FBF732FC0443D6
:10D100009DF804004108287D61F383002875012300
:10D110006A4615213846FBF724FC04432046CBE73A
:10D12000014890ED020A704724080020034890ED62
:10D13000030AD0ED040A90ED051A70472408002078
:10D14000014890ED080A7047240800202DE9FF4FA0
:10D1500087B004460D461646DDF868B015AF97E86F
:10D1600080071998CDE9050BCDE9039A14988DE84D
:10D1700081013246294620460A9BFBF766FC84F86B
:10D18000440094F844000BB0BDE8F08F70B504463D
:10D190000D4629462046FBF7A8FD84F8440094F884
:10D1A000440070BD70B504460D4629462046FBF785
:10D1B000FBFD84F8440094F8440070BD10B50446AB
:10D1C0002046FBF718FE84F8440094F8440010BD94
:10D1D000F8B504460D461646002000906B463246D0
:10D1E00029462046FBF72EFE84F844009DF80000F7
:10D1F000F8BD7FB504460D46164603AB32462946B8
:10D200002046FBF72FFE84F8440094F8440004B055
:10D2100070BD10B50446206808B9032010BD012078
:10D22000207100206071FF20A071E0710020A060DB
:10D23000207320616061A061E0612179204602F0E5
:10D2400017FE84F8440094F84400E7E710B504465C
:10D25000FFF766FF84ED000AFFF768FF84ED010A1F
:10D26000C4ED020A84ED031AFFF76AFF84ED040A95
:10D2700010BD000070B59CB006463079012802D080
:10D2800008201CB070BD0025002400200121CDE93C
:10D2900003010A22CDE90510CDE9002103230C2268
:10D2A000029101463046FFF751FF0446AC4200DDD3
:10D2B00025460120002103910491CDE90510CDE917
:10D2C000000131230C22014602903046FFF73EFF59
:10D2D0000446AC4200DD25460321304602F018FD2D
:10D2E0000446AC4200DD254604201B9001231BAA06
:10D2F00000213046FFF792FB0446AC4200DD254694
:10D300000121304602F01DFD0446AC4200DD2546F9
:10D310000021304602F0FCFC0446AC4200DD25460C
:10D3200040201A9001231AAA07213046FFF776FB06
:10D330000446AC4200DD254601221321304602F0AE
:10D340005DFD0446AC4200DD254600213046FFF776
:10D35000A3FE0446AC4200DD254600213046FFF71F
:10D3600077FE0446AC4200DD25469DF8640020F0BF
:10D370000300401C19909DF8640020F00C000C3054
:10D38000199003213046199A02F018FD0446AC4268
:10D3900000DD25460021304602F0BAFC0446AC42CE
:10D3A00000DD254600201890012318AA662130468A
:10D3B000FFF734FB0446AC4200DD2546012318AAE2
:10D3C00067213046FFF72AFB0446AC4200DD2546C4
:10D3D0000021304600F0BCF90446AC4200DD254691
:10D3E000304602F0FFFB0446AC4200DD2546132028
:10D3F0008DF85E00ADF85C0003213046179A02F00C
:10D400000BFD0446AC4200DD25464FF4805130460A
:10D4100002F0C3FC0446AC4200DD2546304601F074
:10D4200091FA0446AC4200DD25464FF48051304667
:10D4300002F0B3FC0446AC4200DD25460021304634
:10D4400002F066FC0446AC4200DD254648201690FA
:10D45000012316AA75213046FFF7E0FA0446AC42D4
:10D4600000DD25460021304602F052FC0446AC4265
:10D4700000DD2546E4201590012315AA262130461B
:10D48000FFF7CCFA0446AC4200DD2546A6A00068B2
:10D49000149014AB04224FF4F071304603F068F995
:10D4A0000446AC4200DD2546A0A00068139013ABF3
:10D4B000042240F2F441304603F05AF90446AC42EB
:10D4C00000DD25460020129099A00068119099A0D7
:10D4D0000068109011AB04224FF4B871304603F08D
:10D4E00047F90446AC4200DD254612AB04224FF456
:10D4F000BA71304603F03CF90446AC4200DD2546E3
:10D5000012AB04224FF4BC71304603F031F90446EB
:10D51000AC4200DD254612AB04224FF4BE7130460A
:10D5200003F026F90446AC4200DD254610AB042288
:10D530004FF4C071304603F01BF90446AC4200DDE5
:10D54000254612AB04224FF4C271304603F010F9A5
:10D550000446AC4200DD254612AB04224FF4C471F0
:10D56000304603F005F90446AC4200DD254612AB17
:10D5700004224FF4C671304603F0FAF80446AC4278
:10D5800000DD254610AB04224FF4C871304603F08D
:10D59000EFF80446AC4200DD254600200F9066A05F
:10D5A00000680E900EAB04224FF45061304603F039
:10D5B000DFF80446AC4200DD25460FAB042240F6FE
:10D5C0000451304603F0D4F80446AC4200DD254651
:10D5D0000FAB042240F60851304603F0C9F8044668
:10D5E000AC4200DD25460FAB042240F60C5130461C
:10D5F00003F0BEF80446AC4200DD25460EAB042223
:10D600004FF45161304603F0B3F80446AC4200DDFC
:10D6100025460FAB042240F61451304603F0A8F81B
:10D620000446AC4200DD25460FAB042240F61851FB
:10D63000304603F09DF80446AC4200DD25460FABB2
:10D64000042240F61C51304603F092F80446AC42E6
:10D6500000DD25460EAB04224FF45261304603F044
:10D6600087F80446AC4200DD2546032213213046EC
:10D6700002F0B1FB0446AC4200DD25462FA0006855
:10D680000D900DAB042240F28C41304603F070F84F
:10D690000446AC4200DD254629A000680C900CAB86
:10D6A00004224FF48671304603F062F80446AC421F
:10D6B00000DD254623A000680B900BAB04224FF43D
:10D6C000B661304603F054F80446AC4200DD25460E
:10D6D0001DA000680A900AAB04224FF4B8613046DE
:10D6E00003F046F80446AC4200DD254600200990D0
:10D6F00009AB022240F2E451304603F039F8044607
:10D70000AC4200DD254611A00068089008AB02225B
:10D7100040F20E71304603F02BF80446AC4200DDB7
:10D7200025462846ADE50000040000000004000086
:10D7300009999999F666666740000000100000009C
:10D7400003A49249349249250B6DB6DB00450000D5
:10D7500038B504460D466A4600212046FBF793FB88
:10D7600084F8440094F8440010B194F8440038BDA3
:10D770009DF8000065F345108DF800006A46694683
:10D780002046FBF780FB84F8440094F8440010B175
:10D7900094F84400EBE79DF80000C0F34010A84265
:10D7A00005D0012084F8440094F84400DFE794F8A1
:10D7B0004400DCE72DE9F74F82B005464FF0000842
:10D7C0000027BB46287918B9082005B0BDE8F08FBE
:10D7D000039802F01FFA8146B9F12C0F01DB0720F4
:10D7E000F3E7844830F819404FF6FF70844201D1C6
:10D7F0000720EAE7B9F1200F0CDA012000FA09F658
:10D80000049818B92869B043286111E028693043A9
:10D8100028610DE0A9F12000012101FA00F6049829
:10D8200018B96869B043686102E0686930436861AB
:10D830000024002032E0012101FA00F6296931407C
:10D8400019B16C4931F810100C436969314029B1A4
:10D85000684A00F1200132F811100C43664931404A
:10D8600011B906F4DD6119B14BF0020B47F40077F2
:10D870006249314019B940F61801314019B14BF0F5
:10D88000010B47F480775E49314011B906F08401FD
:10D8900019B14BF0080B47F08007401C2028CADB69
:10D8A00000212846FBF75CFE8046B8F1000F01D04E
:10D8B00040468AE700212846FBF73AFC8046B8F14B
:10D8C000000F01D0404680E74FF0000A04F400400A
:10D8D000002801DD4AF4804A04F04000002803DCFF
:10D8E00004F48040002801DD4AF4005A04F02000CE
:10D8F00000280BDC04F40050002807DC04F48060EE
:10D90000002803DC04F48070002801DD4AF4805A0A
:10D9100020128DF80400E0B28DF805002C8401ABD4
:10D9200002224021284600F02FFF8046B8F1000F68
:10D9300001D0404649E74FEA2A208DF804000AF05A
:10D94000FF008DF80500A5F822A001AB02224221BC
:10D95000284600F019FF8046B8F1000F01D040467C
:10D9600033E74FEA2B208DF804000BF0FF008DF811
:10D970000500A5F824B001AB02228A21284600F058
:10D9800003FF8046B8F1000F01D040461DE704F4C4
:10D990008060002801DD47F0400704F010000028F7
:10D9A0000BDC04F00100002807DC04F00200002872
:10D9B00003DC04F00400002801DD47F4005704F400
:10D9C0008070002801DD47F0080738128DF8040048
:10D9D000F8B28DF80500EF8401AB02224E212846F3
:10D9E00000F0D2FE8046B8F1000F01D04046ECE6D0
:10D9F0004046EAE6284F01080A8E9EE2188E01E6AC
:10DA00000C4810832DE9FF4F85B081468A46934626
:10DA100000270020009099F8040018B9082009B0E8
:10DA2000BDE8F08F99F8050008B10020F7E7002164
:10DA30004846FBF795FD07460FB13846EFE7002152
:10DA40004846FBF775FB07460FB13846E7E7D04677
:10DA50005D46089E1CE0102D01DC2C4600E01024E1
:10DA6000F0B22044B0F5807F03DDF0B22044A0F591
:10DA70008074434622463146484600F085FE0746FC
:10DA80000FB13846CBE7A044281B85B2301986B2C7
:10DA9000002DE0DCD0465D46089E25E0102D01DC1F
:10DAA0002C4600E01024F0B22044B0F5807F03DD66
:10DAB000F0B22044A0F5807401AB224631464846BE
:10DAC00000F064FC074617B10098401C0090224605
:10DAD000414601A8F2F73FFC08B109209FE7A044A6
:10DAE000281B85B2301986B2002DD7DC009838B9D2
:10DAF00006A11148FDF75EFE012089F8050003E04C
:10DB00000EA10D48FDF756FE384688E7444D5020DB
:10DB10004669726D776172652077617320757064F4
:10DB200061746564207375636365737366756C6C8B
:10DB3000792E2E0D0A00000004220020444D5020B2
:10DB40004669726D7761726520776173206E6F74BC
:10DB500020757064617465642073756363657373A5
:10DB600066756C6C792E2E0D0A0000002DE9F041CF
:10DB700086B007460C460025387918B9082006B04B
:10DB8000BDE8F08101A93846FAF720FF05460DB13E
:10DB90002846F4E7BDF80400022801DA0A20EEE77F
:10DBA000002020800026022202A93846FBF7EBFA6B
:10DBB00005460DB12846E2E7002008E002A9095C0D
:10DBC0000822A2EBC002914031438EB2401C0228D1
:10DBD000F4DB2680BDF80400801E80B20190002096
:10DBE0006080207800F0080000282EDDBDF80400D9
:10DBF000022807DA01A93846FAF7E8FE05460DB112
:10DC00002846BCE7BDF80400022801DA0B20B6E77D
:10DC10000026022202A93846FBF7B5FA05460DB1E7
:10DC20002846ACE7002008E002A9095C0822A2EB24
:10DC3000C002914031438EB2401C0228F4DB668062
:10DC4000BDF80400801E80B20190208800F40040DE
:10DC500000282BDDBDF80400062807DA01A93846A4
:10DC6000FAF7B4FE05460DB1284688E7BDF8040072
:10DC7000062801DA0B2082E7062202A93846FBF7C4
:10DC800082FA05460DB1284679E7002007E002A98F
:10DC90000A5CFE4951F82030211DCA54401C062858
:10DCA000F5DBBDF80400801F80B20190208800F4ED
:10DCB000804000282CDDBDF804000C2807DA01A9FB
:10DCC0003846FAF783FE05460DB1284657E7BDF8FA
:10DCD00004000C2801DA0B2051E70C2202A9384677
:10DCE000FBF751FA05460DB1284648E7002008E049
:10DCF00002A90A5CE64951F8203004F10A01CA542D
:10DD0000401C0C28F4DBBDF804000C3880B20190F4
:10DD1000208800F4005000282CDDBDF804000628FF
:10DD200007DA01A93846FAF751FE05460DB1284633
:10DD300025E7BDF80400062801DA0B201FE70622BC
:10DD400002A93846FBF71FFA05460DB1284616E72B
:10DD5000002008E002A90A5CCC4951F8203004F107
:10DD60001601CA54401C0628F4DBBDF80400801FCD
:10DD700080B20190208800F48050002829DDBDF891
:10DD80000400082807DA01A93846FAF71FFE0546FD
:10DD90000DB12846F3E6BDF80400082801DA0B208F
:10DDA000EDE6082202A93846FBF7EDF905460DB16C
:10DDB0002846E4E6002005E002A90A5C04F11C0103
:10DDC0000A54401C0828F7DBBDF80400083880B26C
:10DDD0000190208800F4006000282CDDBDF80400CC
:10DDE0000C2807DA01A93846FAF7F0FD05460DB10F
:10DDF0002846C4E6BDF804000C2801DA0B20BEE674
:10DE00000C2202A93846FBF7BEF905460DB128469B
:10DE1000B5E6002008E002A90A5C9E4951F82030CE
:10DE200004F12401CA54401C0C28F4DBBDF80400A2
:10DE30000C3880B20190208800F4806000282CDD2E
:10DE4000BDF804000E2807DA01A93846FAF7BEFD2E
:10DE500005460DB1284692E6BDF804000E2801DA09
:10DE60000B208CE60E2202A93846FBF78CF90546FA
:10DE70000DB1284683E6002008E002A90A5C864925
:10DE800051F8203004F13001CA54401C0E28F4DB54
:10DE9000BDF804000E3880B20190208800F40070B4
:10DEA00000282CDDBDF80400062807DA01A9384651
:10DEB000FAF78CFD05460DB1284660E6BDF8040072
:10DEC000062801DA0B205AE6062202A93846FBF79B
:10DED0005AF905460DB1284651E6002008E002A98E
:10DEE0000A5C6A4951F8203004F14001CA54401CD0
:10DEF0000628F4DBBDF80400801F80B20190208862
:10DF000000F4807000282CDDBDF804000E2807DA2C
:10DF100001A93846FAF75AFD05460DB128462EE606
:10DF2000BDF804000E2801DA0B2028E60E2202A913
:10DF30003846FBF728F905460DB128461FE60020B4
:10DF400008E002A90A5C544951F8203004F1480164
:10DF5000CA54401C0E28F4DBBDF804000E3880B211
:10DF60000190207800F08000002829DDBDF8040031
:10DF7000062807DA01A93846FAF728FD05460DB14B
:10DF80002846FCE5BDF80400062801DA0B20F6E57A
:10DF9000062202A93846FBF7F6F805460DB12846D9
:10DFA000EDE5002005E002A90A5C04F158010A54DD
:10DFB000401C0628F7DBBDF80400801F80B20190EA
:10DFC000207800F0200000282CDDBDF804000C288B
:10DFD00007DA01A93846FAF7F9FC05460DB12846DB
:10DFE000CDE5BDF804000C2801DA0B20C7E50C22B2
:10DFF00002A93846FBF7C7F805460DB12846BEE52D
:10E00000002008E002A90A5C224951F8203004F1FE
:10E010006C01CA54401C0C28F4DBBDF804000C3819
:10E0200080B20190207800F0100000283ADDBDF8A1
:10E030000400042807DA01A93846FAF7C7FC0546A8
:10E040000DB128469BE5BDF80400042801DA0B2039
:10E0500095E5042202A93846FBF795F805460DB16F
:10E0600028468CE54FF00008002008E002A9095C72
:10E070001822A2EBC002914041EA0808401C042883
:10E08000F4DBC4F87880BDF8040007E0C04E010856
:10E09000D84E0108904E0108584E0108001F80B26A
:10E0A000019000BF608800F4804000282FDDBDF89B
:10E0B0000400022807DA01A93846FAF787FC05466A
:10E0C0000DB128465BE5BDF80400022801DA0B20FB
:10E0D00055E50026022202A93846FBF754F805460A
:10E0E0000DB128464BE5002008E002A9095C082292
:10E0F000A2EBC002914031438EB2401C0228F4DBF7
:10E10000A4F87C60BDF80400801E80B20190608895
:10E1100000F4005000282FDDBDF80400022807DAC3
:10E1200001A93846FAF752FC05460DB1284626E506
:10E13000BDF80400022801DA0B2020E500260222A7
:10E1400002A93846FBF71FF805460DB1284616E52B
:10E15000002008E002A9095C0822A2EBC00291405D
:10E1600031438EB2401C0228F4DBA4F87E60BDF877
:10E170000400801E80B20190608800F48050002866
:10E180002FDDBDF80400022807DA01A93846FAF7A6
:10E190001DFC05460DB12846F1E4BDF80400022837
:10E1A00001DA0B20EBE40026022202A93846FAF736
:10E1B000EAFF05460DB12846E1E4002008E002A987
:10E1C000095C0822A2EBC002914031438EB2401C90
:10E1D0000228F4DBA4F88060BDF80400801E80B241
:10E1E0000190608800F4806000282FDDBDF80400F5
:10E1F000022807DA01A93846FAF7E8FB05460DB10F
:10E200002846BCE4BDF80400022801DA0B20B6E47D
:10E210000026022202A93846FAF7B5FF05460DB1DD
:10E220002846ACE4002008E002A9095C0822A2EB21
:10E23000C002914031438EB2401C0228F4DBA4F8A6
:10E240008460BDF80400801E80B20190A07800F0C8
:10E25000800000282CDDBDF80400062807DA01A99B
:10E260003846FAF7B3FB05460DB1284687E4BDF8FA
:10E270000400062801DA0B2081E4062202A93846B0
:10E28000FAF781FF05460DB1284678E4002008E042
:10E2900002A90A5C3B4951F8203004F18801CA54B4
:10E2A000401C0628F4DBBDF80400801F80B20190FA
:10E2B000A07800F0400000282CDDBDF80400022802
:10E2C00007DA01A93846FAF781FB05460DB1284661
:10E2D00055E4BDF80400022801DA0B204FE40222C5
:10E2E00002A93846FAF74FFF05460DB1284646E425
:10E2F000002008E002A90A5C234951F8203004F10B
:10E300009001CA54401C0228F4DBBDF80400801EB2
:10E3100080B20190BDF80400022807DA01A938464E
:10E32000FAF754FB05460DB1284628E4BDF8040071
:10E33000022801DA0B2022E40026022202A9384634
:10E34000FAF721FF05460DB1284618E4002008E041
:10E3500002A9095C0822A2EBC002914031438EB2AF
:10E36000401C0228F4DBA4F89260BDF80400801E73
:10E3700080B20190BDF80400002801DD0C2008E403
:10E38000284606E4084F0108204F01082DE9FC4704
:10E3900080460E461746994600240025B9F1000F25
:10E3A00002D10620BDE8FC8700214046FAF764FF51
:10E3B00004460CB12046F5E73012019098F80700AA
:10E3C0009DF8041088420DD09DF8040088F80700DD
:10E3D000012301AA7E214046FAF7D7FA04460CB180
:10E3E0002046DFE722E0F0B2009001236A467C215C
:10E3F0004046FAF7CAFA04460CB12046D2E7781B29
:10E40000102802D8A7EB050A01E04FF0100A09EB2B
:10E41000050253467D214046FAF7A3FA04460CB1A3
:10E420002046BFE7554406EB0A0086B2BD42DAD368
:10E430002046B7E72DE9FC410646884615460024EC
:10E440000027307910B90820BDE8FC8128128DF82A
:10E450000400E8B28DF8050000200090002130464D
:10E46000FBF77EF804460CB12046EDE7002130466C
:10E47000FAF75EFE04460CB12046E5E74046B8F1E7
:10E48000B40F17D00CDCA8285FD004DCA0283ED045
:10E49000A42878D14AE0AC2866D0B228F9D173E03C
:10E4A000B63809286FD2DFE800F07EAB14AB8DAB35
:10E4B00023AB9C0001AB0222B421304600F064F98A
:10E4C00004466B4602229421304600F05DF907466F
:10E4D00098E001AB0222B821304600F055F904461D
:10E4E0006B4602229821304600F04EF9074689E03B
:10E4F00001AB0222BC21304600F046F904466B46CF
:10E5000002229C21304600F03FF907467AE001AB39
:10E510000222A021304600F037F904466B46022261
:10E520008021304600F030F907466BE001AB022253
:10E53000A421304600F028F904466B4602228421CB
:10E54000304600F021F907465CE001AB0222A82129
:10E55000304600F019F904466B4602228821304605
:10E5600000F012F907464DE001AB0222AC21304623
:10E5700000F00AF904466B4602228C21304600F076
:10E5800003F907463EE03BE001AB0222B2213046F0
:10E5900000F0FAF804466B4602229221304600F061
:10E5A000F3F807462EE001AB0222B621304600F018
:10E5B000EBF804466B4602229621304600F0E4F860
:10E5C00007461FE001AB0222BA21304600F0DCF81A
:10E5D00004466B4602229A21304600F0D5F80746E1
:10E5E00010E001AB0222BE21304600F0CDF8044617
:10E5F0006B4602229E21304600F0C6F8074601E035
:10E600000F2400BF00BFA74200DD3C4620461BE7A9
:10E610002DE9F04F8BB007468846914600200890C0
:10E62000387918B908200BB0BDE8F08F4FF0040915
:10E6300001213846FAF720FE0890012307AA282175
:10E640003846FAF78EF90890089808B10898EAE772
:10E650009DF91C00387300BF00BF9DF81C0000F03E
:10E660008000B0B34A464FF0010A0020099050469E
:10E670000999F1F736FE424B4FF283028C46A0FB1C
:10E68000031E0CFB03E300FB023208F10100C31779
:10E69000A1FB00CE02FB00E001FB0300CDE900C0BE
:10E6A0009DF81C0000F07F0040F2F641081AC117E7
:10E6B00002460B46CDE9020160460199F1F7E0FD03
:10E6C000304A0023CDE90401F1F7DAFD05460E4694
:10E6D00034E0FFE74A464FF0010B00200A9058460D
:10E6E0000A99F1F7FEFD264B4FF283028C46A0FB00
:10E6F000031E0CFB03E300FB023208F101004FEAAA
:10E70000E07CA1FB003E02FB00E001FB0C00CDE938
:10E7100000309DF91C0000F2F640C11702460B467E
:10E72000CDE90201DDE90001F1F7AAFD154A002358
:10E73000CDE90401F1F7A4FD05460E466FF0004156
:10E740000020491BB04102D26FF0004400E02C468B
:10E75000BC60200E8DF81800200C8DF81900200ADE
:10E760008DF81A00E0B28DF81B0006AB04224FF4BE
:10E770009871384600F008F80890089853E70000B0
:10E78000AF756656A08601002DE9FC4780460E460F
:10E790001746994600240025B9F1000F02D1062042
:10E7A000BDE8FC8700214046FAF766FD04460CB13F
:10E7B0002046F5E73012019098F807009DF8041004
:10E7C00088420DD09DF8040088F80700012301AAB3
:10E7D0007E214046FAF7D9F804460CB12046DFE71F
:10E7E00022E0F0B2009001236A467C214046FAF70D
:10E7F000CCF804460CB12046D2E7781B102802D88A
:10E80000A7EB050A01E04FF0100A09EB0502534699
:10E810007D214046FAF7B9F804460CB12046BFE71F
:10E82000554406EB0A0086B2BD42DAD32046B7E76C
:10E8300070B5044600250CB9042070BD012060703D
:10E84000002021690870E1680870616808706168DB
:10E85000496A00231A46C869194602F0DBF92846BE
:10E86000EBE72DE9F04704460D4616461F46DDE965
:10E8700008894FF0000A44B13DB136B12FB1B8F16B
:10E88000000F02D0B9F1000F02D10420BDE8F087DB
:10E89000207818B14FF0030A5046F7E7E660276189
:10E8A0006560C4F80880C4F8149003220021012098
:10E8B00002F0C7F86168496AC8612046FFF7B8FFEF
:10E8C000BAF1000F07D000206060E0602061A06016
:10E8D00060615046DAE7012020705046D6E700001C
:10E8E0002DE9F04105460C4617466868406A124912
:10E8F000026A284690476868406A007A012802D177
:10E900000E49487315E06868406A007A022810D101
:10E910000A4948730420E0800320A072E0720120BD
:10E92000207007484068406A2146426A284690475E
:10E9300006463046BDE8F081680F002074040020D0
:10E94000B819002010B504462079012807D12046C7
:10E95000FAF730F884F8440094F8440010BD082019
:10E96000FCE770B504460D4629462046FAF7E0FB61
:10E9700084F8440094F8440070BD2DE9F041044649
:10E9800000250021204601F018F9074694F844506C
:10E9900015B12846BDE8F0810121204601F00DF9AE
:10E9A000064694F844500DB12846F3E7482F07D1A6
:10E9B000092E05D1002584F8445094F84400E9E775
:10E9C000042584F8445094F84400E3E7F4F7E6FEA5
:10E9D000FBF7DCFEFAF7DCFFFAF776FFFBF7E4FA69
:10E9E000FBF7C4F8FBF7A8FAFBF716FBFAF734FFBE
:10E9F000FBF71EFAFBF7F6F9FBF7CEF9FBF7F0FA97
:10EA0000FBF712F9FBF74CF9FBF788F9FBF7CEF8A7
:10EA1000FBF7AEFA01F022FB00F036F90F4A0021B5
:10EA20000F4800F0DDF90F4908600F4A00210F4838
:10EA300000F0D6F90E4908600E4A00210E4800F099
:10EA4000CFF90E4908600E4A00210E4800F0C8F9BF
:10EA50000D49086000F02EF900BFFEE78C4F010859
:10EA6000E9A50008DC020020B04F01088DA60008CF
:10EA7000E0020020D44F010825A60008E40200208F
:10EA8000F84F010835A60008E802002010B502F092
:10EA9000ADFB10BD704710B50446204600F0E4F809
:10EAA00010BDFEB506460D4606B10DB90120FEBDEE
:10EAB00000BF2889E988884205D1E87AA97A884286
:10EAC00001D1012000E0002008B10120EFE7284635
:10EAD000FBF758FC044600BFF12C18D12846FBF781
:10EAE00087FC0B2801D20120E1E72846FBF74AFC0E
:10EAF0000446DD2C0AD14FF2DD10ADF800002846A7
:10EB0000FBF740FC04468DF8024002E0E4E70120F8
:10EB1000CDE72846FBF736FC04462846FBF732FCD7
:10EB2000074647EA0420ADF803002846FBF72AFC15
:10EB300004462846FBF726FC074647EA0420ADF8C2
:10EB400005002846FBF71EFC04468DF807402846C2
:10EB5000FBF718FC04468DF808402846FBF712FC2A
:10EB600004468DF809402846FBF70CFC044628466D
:10EB7000FBF708FC074647EA0420ADF80A00BDF899
:10EB80000A0040F60A51884201D001208FE77068E0
:10EB9000406A9DE80E000EC0002088E770B505466B
:10EBA0000C46E08808B9012070BD207808B9012022
:10EBB000FAE712211848F1F7BCFB4120164908700A
:10EBC000542048700D2088700A20C8706078087141
:10EBD000A0784871E07888712079C87160790872EE
:10EBE000E088000A4872A0798872207AC872607A38
:10EBF0000873A07A4873E07A8873A089000AC87302
:10EC0000207B087400204874E86812224368284674
:10EC100098470020C8E70000161A002010B50446E7
:10EC20002046FAF7EBFCC0B210BD03460020704747
:10EC300070B504460D4616460CB105B10EB9042058
:10EC400070BDE068007808B10320F9E701F010FB1F
:10EC5000324629460348F8F74DF901F033FB00200E
:10EC6000EEE700009C1D002070B50546FCF752FE43
:10EC700010B16FF0050404E0002415B1284601F03E
:10EC80004FFC204670BD000010B5FCF743FE10B1EC
:10EC90006FF0050409E00648006820B90120044926
:10ECA0000860002401E04FF0FF34204610BD000052
:10ECB0000C03002070B5FCF72DFE10B16FF00504B9
:10ECC0001FE011480068012819D100BF801F0021F2
:10ECD000002804DB0A07130E0C4A135406E00A0747
:10ECE000150E0B4A00F00F031B1FD55400BF00BFC9
:10ECF00002200549086001F08FFC002401E04FF07C
:10ED0000FF34204670BD00000C03002000E400E04A
:10ED100018ED00E02DE9F84305460F4614464FF084
:10ED20000008FCF7F7FD002857D1002D55D0AF4261
:10ED300053D8461E64B1A06820B1E068502801D3C2
:10ED4000012606E0A06820B9E06810B9002600E0BE
:10ED50000026701C002840D0012D23D1012E09D19E
:10ED600003200090002211460120A36801F096FEC6
:10ED7000804605E003220021012001F062FE80466A
:10ED8000B8F1000F1CD0DFB100231A4619464046E7
:10ED900001F040FF012813D0404601F069FB4FF01D
:10EDA00000080DE0012E06D139462846A26801F080
:10EDB00001FE804604E03946284601F0CDFD80463C
:10EDC000B8F1000F09D014B1D4F8009001E04FF071
:10EDD00000094946404601F035FB4046BDE8F8834E
:10EDE0002DE9FF4780468946144600200390FCF732
:10EDF00091FD00284ED1B8F1000F4BD08026182588
:10EE00008246471E44B3206808B1D4F800A0A06928
:10EE100000B1A5692DB1382D03D8207900F001008B
:10EE200018B1002004B0BDE8F087606908B16069DE
:10EE30008608A06840B1E0685C2805D3206918B155
:10EE4000606908B1012708E0A06830B9E06820B91E
:10EE5000206910B9002700E00027012F0CD121699B
:10EE6000A0684B463246CDE90051029051464046DB
:10EE700002F04EF903900DE067B903A8B2B24B4619
:10EE80005146CDE90050404602F010F9012801D06A
:10EE9000002003900398C5E72DE9F04105460E4692
:10EEA0001648076816480068001D01F07FF9681CC5
:10EEB00038B936B112480168091D124801F0CCF981
:10EEC0001AE07C190E4800684460BC4207D20C4826
:10EED0000168091D0C48006801F0A4F90CE008481D
:10EEE0000168091D0948006801F09CF9084800689C
:10EEF000844201D206480460BDE8F081500300203E
:10EF00003C030020946B00204403002040030020B9
:10EF10006C03002010B5044601F0AAF924480068EB
:10EF2000401C234908602348006840B92148046018
:10EF30000846006801280DD100F00CFA0AE01E48CE
:10EF4000006838B91B480068C06AE16A884201D885
:10EF50001848046019480068401C184908600846B1
:10EF6000006860641649E06A0968884202D9144959
:10EF7000E06A0860E16A01EB8101124A02EB81005C
:10EF8000211D01F069F901F09DF90B48006868B195
:10EF900008480068C06AE16A884207D24FF0805092
:10EFA00009490860BFF34F8FBFF36F8F10BD00009A
:10EFB0004C0300203C03002058030020680300207D
:10EFC00054030020E466002004ED00E008B501F0E1
:10EFD0004FF912480068E8B9114801F013F91148D7
:10EFE00001F010F90E48104908600E480F490860FA
:10EFF00000200F4B0F4A102100900A2001F04EFD17
:10F00000064908600846006820B10BA10348006863
:10F0100001F018FA01F056F908BD00008003002045
:10F02000A86B0020BC6B0020780300207C0300202C
:10F03000D06B0020206C0020546D72510000000045
:10F0400010B516E001F014F90C48C068C468201D22
:10F0500001F0ACF80A480068401E094908600948F8
:10F060000068401E0749086001F02CF9204600F0B6
:10F070005FF8044800680028E4D110BD806B0020D0
:10F080004C0300204803002070B504460D46206C58
:10F0900070B1216CE0680144E160D4E9021088425B
:10F0A00001D32168E1602846226CE168F1F728F974
:10F0B00070BD2DE9F04104460F4615464FF000089B
:10F0C000A66B206C48B9206800282CD1A06802F0FB
:10F0D00035F980460020A06025E07DB93946226CD4
:10F0E0006068F1F70DF9216C606808446060D4E94C
:10F0F0000101884217D32068606014E03946226C11
:10F10000E068F1F7FDF8216CE068411AE1602168E0
:10F11000E068884203D2216CA068411AE160022DA8
:10F1200001D106B1761E701CA0634046BDE8F08197
:10F1300010B5044694F8590030B9206B01F0E0F89E
:10F14000204601F0DDF81AE094F85900012803D1B7
:10F15000204601F0D5F812E094F85900022801D1B8
:10F16000012000E0002050B900BF502080F311883A
:10F17000BFF34F8FBFF36F8F00BF00BFFEE710BD1F
:10F180000146084A126812680AB9012200E000220A
:10F190000A600A6822B9034A1268D268106800E05F
:10F1A000002070477803002030B54FF470531748A3
:10F1B00000F007042CB1C01D20F00700134C041B05
:10F1C0001B1B0246124C22600024114D6C60D018AB
:10F1D000083820F007000F4C206000240D4D2D68EA
:10F1E0006C600C4D2D682C601146441A4C60094C23
:10F1F00024680C60084D4C682C60084D4C682C60ED
:10F200004FF00044064D2C6030BD0000A42A0020C1
:10F210001003002018030020200300201C030020FE
:10F220002C03002000BFFFF70BFF064800680128F1
:10F23000F9D94FF0805004490860BFF34F8FBFF3F6
:10F240006F8FF0E7E466002004ED00E010B504469F
:10F2500054B10020A06020600021E16000231A4624
:10F260001946204601F0D6FC10BD2DE9F0410646B6
:10F270000D4617469846069C0DB9246000E02760AD
:10F28000E66325640121204601F078FC84F84C8077
:10F29000BDE8F0812DE9F05F82460E4690469B4620
:10F2A0000A9F0C9C4FEA8801A522206BF1F73AF8DF
:10F2B000A8F10100216B01EB800929F0070909F091
:10F2C000070008B9012000E0002050B900BF50201D
:10F2D00080F31188BFF34F8FBFF36F8F00BF00BF64
:10F2E000FEE786B1002507E0715D04F13400415569
:10F2F000705D00B902E06D1C102DF5D300BF002138
:10F300004320015502E0002084F83400382F00D358
:10F310003727E762E76400202065201D00F07FFFAB
:10F3200004F1180000F07BFF2461C7F13800A061F0
:10F3300064620020606584F858005A465146484689
:10F3400000F072FB20600B9808B10B980460BDE8D8
:10F35000F09F000010B5002407E004EB84010F4A81
:10F3600002EB810000F04EFF641C382CF5D30C48F2
:10F3700000F048FF0B4800F045FF0B4800F042FF4B
:10F380000A4800F03FFF0A4800F03CFF04480949E2
:10F39000086004480849086010BD0000E4660020C9
:10F3A000446B0020586B00206C6B0020806B0020A9
:10F3B000946B0020400300204403002010B5014658
:10F3C000164800E0006803688B42FBD3024643689E
:10F3D00013448B4204D143684C6823444360014684
:10F3E0000A464B6813440468A34211D10C4C0368CD
:10F3F0002468A34208D04B680468646823444B60C7
:10F4000003681B680B6005E0054B1B680B6001E09F
:10F4100003680B60884200D0016010BD100300201B
:10F42000180300202DE9F04104460D4616461F46FC
:10F430004FF0000865602461B5420CD8F01BA1694B
:10F44000884202D34FF0010811E0211D09480068ED
:10F4500000F0E8FE0BE0BE4204D2BD4202D34FF002
:10F46000010804E0211D0448006800F0DBFE40466E
:10F47000BDE8F0817C0300207803002070B50546CC
:10F4800000F0F6FEA86B08B9012400E0002400F0AB
:10F4900019FF204670BD70B5054600F0E9FEA86B67
:10F4A000E96B884201D1012400E0002400F00AFF4A
:10F4B000204670BDF8B505460F461A480068C0687A
:10F4C000C468201D00F072FE94F8280000F00400CB
:10F4D000E8B1A06941192B463A462046FFF7A2FF42
:10F4E000D8B1002003462A4601460090204602F08B
:10F4F00081F8064656B900BF502080F31188BFF34B
:10F500004F8FBFF36F8F00BF00BFFEE705E094F899
:10F51000280020F0010084F828002046216A88474E
:10F52000F8BD000078030020F0B587B0A0E0039894
:10F53000002811DA04AE56B900BF502080F31188BC
:10F54000BFF34F8FBFF36F8F00BF00BFFEE7D6E959
:10F550000020B168904700BF03980028E6DB059CB7
:10F56000606908B9012000E0002010B9201D00F0FA
:10F570001DFE02A800F0DEF8054603980A2875D2A1
:10F58000DFE800F009050739416306083A4200BF89
:10F5900000BF00BF00BF94F8280040F0010084F8CD
:10F5A00028000498A269811803462A462046FFF7DE
:10F5B00039FFF8B12046216A884794F8280000F006
:10F5C0000400B8B1002000900498A16942180023FB
:10F5D0001946204602F00EF8074657B900BF5020E2
:10F5E00080F31188BFF34F8FBFF36F8F00BF00BF51
:10F5F000FEE700BF3BE000BF94F8280020F00100C8
:10F6000084F8280033E000BF94F8280040F001009F
:10F6100084F828000498A061A06908B1012000E0E6
:10F62000002050B900BF502080F31188BFF34F8FE6
:10F63000BFF36F8F00BF00BFFEE7A06941192B46E3
:10F640002A462046FFF7EEFE11E094F8280000F06D
:10F65000020018B9204600F053FE05E094F8280097
:10F6600020F0010084F8280001E0FFE700BF00BFA0
:10F67000002203A90448006801F01EFC00287FF462
:10F6800056AF07B0F0BD000080030020F8B5054676
:10F690000C4601F01DF8684600F04CF8064600984C
:10F6A00020BB44B9B54206D801F0E6FE31462846F3
:10F6B000FFF700FF1CE03CB10E480068006808B985
:10F6C000012000E000200446A91B22460A480068E9
:10F6D00000F000FF01F0D0FE50B94FF08050074914
:10F6E0000860BFF34F8FBFF36F8F01E001F0C4FEDE
:10F6F000F8BD00007C0300208003002004ED00E042
:10F700000A490968096809B9012100E0002121B10D
:10F710004FF0FF31064A116006E004490968C968E4
:10F72000C868034A41681160704700004003002028
:10F730006C03002070B5044601F058FD05460748EB
:10F740000068854204D200F00BF80120206001E03F
:10F750000020206001480560284670BD8803002015
:10F760002DE9F84334E025480068C068056823485F
:10F770000068C068C468201D00F018FD2046216A9A
:10F78000884794F8280000F0040008B3A0694619DF
:10F79000AE4207D966602461211D1848006800F058
:10F7A00041FD15E0002003462A4601460090204610
:10F7B00001F020FF074657B900BF502080F31188A1
:10F7C000BFF34F8FBFF36F8F00BF00BFFEE700BFD7
:10F7D0000A480068006808B9012000E000200028FD
:10F7E000C1D00648D0F80080054800680349086089
:10F7F0000348C0F80080BDE8F883000078030020CB
:10F800007C0300200E480068401C08B9012000E07D
:10F81000002050B900BF502080F31188BFF34F8FF4
:10F82000BFF36F8F00BF00BFFEE700BF502080F323
:10F830001188BFF34F8FBFF36F8F00BF00BFFEE78C
:10F840003003002008B500BF6846FFF799FC044666
:10F8500020460099FFF71AFFFFF766FEF4E770B540
:10F86000044600F005FD94F9455010E0606A08B9BF
:10F87000012000E0002038B904F1240001F0B0FDBF
:10F8800018B100F087FE00E003E0681E45B2002DCD
:10F89000ECDC00BFFF2084F8450000F013FD00F011
:10F8A000E7FC94F9445010E0206908B9012000E019
:10F8B000002048B904F1100001F092FD08B100F0F9
:10F8C00069FE681E45B200E001E0002DECDC00BFDF
:10F8D000FF2084F8440000F0F5FC70BD2DE9F041F4
:10F8E00004464FF0000800F0F3FE4948006808B9EC
:10F8F000FFF75AFC474800682040002870D1D4B177
:10F90000083404F00700B0B104F00700C0F10800AB
:10F91000044404F0070008B9012000E0002050B9B9
:10F9200000BF502080F31188BFF34F8FBFF36F8F5C
:10F9300000BF00BFFEE7002C52D037480068844269
:10F940004ED8364E3046056801E02E462D68686870
:10F95000A04202D228680028F7D12D4800688542CD
:10F960003ED0306800F10808286830606868001BE5
:10F97000102819D92F1907F0070008B9012000E055
:10F98000002050B900BF502080F31188BFF34F8F83
:10F99000BFF36F8F00BF00BFFEE76868001B786091
:10F9A0006C603846FFF70AFD1B4968680968081A49
:10F9B000194908600846006819490968884203D255
:10F9C00015480068164908601249686809680843C4
:10F9D00068600020286013480068401C11490860D6
:10F9E00001F04AFD08F0070008B9012000E00020FE
:10F9F00050B900BF502080F31188BFF34F8FBFF381
:10FA00006F8F00BF00BFFEE74046BDE8F0810000F9
:10FA1000180300202C0300201C03002010030020EA
:10FA20002003002024030020001F4FF08073036098
:10FA3000001F21F001030360001F054B0360143811
:10FA40000260001F6FF0020303602038704700005F
:10FA500005F8000870B52DED028B04460D4694EDB7
:10FA6000011A21EE011AD4ED021A94ED022A01EED8
:10FA7000821AF7EE001AB0EE002A42EE411AF0EEBA
:10FA8000610A94ED001AD4ED011A21EE211AD4ED89
:10FA9000021A94ED032A01EE821AF0EE001A21EE0A
:10FAA000211AB0EE410AFBF7CFFFDFED390A20EE55
:10FAB000200ADFED380A80EE201A85ED001A94ED59
:10FAC000000AD4ED020A20EE200AD4ED030A94EDD8
:10FAD000011A00EEC10AF0EE000A20EE200AB0EE94
:10FAE000408AB7EE000AB4EEC08AF1EE10FA03DDE8
:10FAF000B7EE000AB0EE408ABFEE000AB4EEC08A4C
:10FB0000F1EE10FA03D2BFEE000AB0EE408AB0EE7A
:10FB1000480AFBF703FFDFED1E0A20EE200ADFEDA7
:10FB20001D0A80EE201A85ED011A94ED021A21EECD
:10FB3000011AD4ED031A94ED032A01EE821AF7EEAE
:10FB4000001AB0EE002A42EE411AF0EE610A94ED7E
:10FB5000001AD4ED031A21EE211AD4ED011A94ED06
:10FB6000022A01EE821AF0EE001A21EE211AB0EEFE
:10FB7000410AFBF769FFDFED060A20EE200ADFED00
:10FB8000050A80EE201A85ED021ABDEC028B70BDCD
:10FB900000003443DA0F494070B504460D46207921
:10FBA000012808D129462046FDF7E0FF84F84400EB
:10FBB00094F8440070BD0820FCE770B505460C467B
:10FBC00022460C212846FDF703FB0646304670BD51
:10FBD00010B504462046F9F7F1FA84F8440094F889
:10FBE000440010BD10B504462046F9F70EFB84F81A
:10FBF000440094F8440010BD70B5044601252B461E
:10FC000032220C212046FDF7F4FA84F8440094F8DF
:10FC1000440070BD0146142933D2DFE801F00A0C1C
:10FC20000E10121416181A1C1E20222426282A2C04
:10FC30002E30012070470420FCE72A20FAE72B2011
:10FC4000F8E70E20F6E71020F4E72F20F2E7122065
:10FC5000F0E71320EEE70F20ECE70B20EAE7142093
:10FC6000E8E70220E6E71120E4E72E20E2E729207A
:10FC7000E0E70920DEE70A20DCE70320DAE72D20B1
:10FC8000D8E72C20D6E700002DE9FE4306460F46B4
:10FC900090461C4614B90320BDE8FE8394F84590B5
:10FCA0004FF47A711FFA88F0CDE9007002914FEAA3
:10FCB0004901012332460448F3F78CFA05460DB991
:10FCC0000020E9E70620E7E7501B00202DE9FE436E
:10FCD00006460F4690461C4614B90320BDE8FE8335
:10FCE00094F845904FF47A711FFA88F0CDE90070CE
:10FCF00002914FEA4901012332460448F3F714FC0C
:10FD000005460DB90020E9E70620E7E7501B002073
:10FD100070B504460D4629462046F9F7ADFA84F839
:10FD2000440094F8440070BD70B504460D46192196
:10FD30002046F0F7FEFA192229462046F0F73AFB52
:10FD400070BD70B504460D4629462046F9F7B3FA52
:10FD500084F8440094F8440070BD37B504460D465D
:10FD600029462046029AF9F7C9FA84F8440094F823
:10FD700044003EBD70B504460E4615462079012864
:10FD800009D1AAB231462046FEF754FB84F844005C
:10FD900094F8440070BD0820FCE770B504460D4699
:10FDA0002079012808D129462046F9F7F0FA84F88D
:10FDB000440094F8440070BD0820FCE737B50446C1
:10FDC0000D4629462046029AF9F700FB84F84400C4
:10FDD00094F844003EBD70B504460D4616462079A1
:10FDE000012809D1324629462046FEF711FC84F845
:10FDF000440094F8440070BD0820FCE770B5044648
:10FE00000D461646324629462046F9F729FB84F866
:10FE1000440094F8440070BD37B504460D462946A9
:10FE20002046029AF9F75CFB84F8440094F84400F9
:10FE30003EBD10B500EE100A2DED028BB1EEC08A6A
:10FE400018EE100A20F00040C0F1FF40C00F0AD0A9
:10FE500010EE100A20F00040C0F1FF40C00F04BFB8
:10FE60000120FBF7A9FF18EE100ABDEC028B10BDB4
:10FE70007CB504460E4600252046FCF79FFC05464F
:10FE800025B184F8445094F844007CBD204600F02D
:10FE9000DAF8054625B184F8445094F84400F4E7B4
:10FEA0004FF4FA70F1F7ABFB00212046FCF7AAFDF6
:10FEB000054625B184F8445094F84400E5E7002154
:10FEC0002046FEF74EFD054625B184F8445094F8CF
:10FED0004400DAE73146204600F059F8054625B1DE
:10FEE00084F8445094F84400CFE716B194F84400E5
:10FEF000CBE7002203212046FFF780FF054625B10E
:10FF000084F8445094F84400BFE79DF8040020F0C2
:10FF1000030001909DF8040020F00C0001900321E3
:10FF20002046019AFFF74AFF054625B184F8445060
:10FF300094F84400A9E707208DF800008DF801002F
:10FF400003212046009AFFF708FF054625B184F8F3
:10FF5000445094F8440098E7002201212046FDF720
:10FF600069F8054625B184F8445094F844008CE7BC
:10FF7000002202212046FDF75DF8054625B184F8F0
:10FF8000445094F8440080E794F844007DE7F0B5CD
:10FF900089B004460F46002500212046FDF702F9EE
:10FFA00001212046FDF7F2F82046FFF725FE002646
:10FFB0000DE0701CC6B22046FEF7DFFC054605B911
:10FFC00007E02046FDF7FAF80A20F1F718FB0A2EA1
:10FFD000EFDB00BF0A2E06D1042084F8440094F819
:10FFE000440009B0F0BD17B194F84400F9E79DF85A
:10FFF000200020F01F000830089008AA3121204678
:020000040801F1
:1000000000F0CDFB054625B184F8445094F8440037
:10001000E7E7002003900490059006900120092254
:10002000CDE9002010230C22002102902046FDF78C
:100030008DF8054625B184F8445094F84400D0E783
:1000400094F84400CDE710B504462046F9F7B3FA1A
:1000500084F8440094F8440010BD000070B52DED04
:10006000028BF1F795F9F9F7F5FFF9F791FB4FF4EA
:10007000FA7200212C48FAF711FA4FF4FA720221B1
:100080002A48FAF70BFA4FF4FA7200212848FAF7D7
:1000900005FAFBF73DF84FF4C8720023962164205F
:1000A000F1F752F923A12A48FBF784FBF1F7D8FABC
:1000B00010EE106A3046F0F73BFB41EC180B53ECA6
:1000C000182B24A12248FBF775FB4FF49670F2F72A
:1000D000E5FAF1F79BFA00BFF8F74AF90446012563
:1000E00010E00A20F2F7DAFAF8F742F904466D1C3C
:1000F000042D07DD24B940F66E713220F1F714F9B2
:10010000012501E0002CECD000BF01221146184867
:10011000F2F748FD012202211548F2F743FDFAF7F4
:10012000F5FABDEC028B70BD4C1A0020701A00204D
:10013000941A0020566F66612B205561727433202B
:10014000496E69742053756363657373210D0A00EA
:10015000042200204261747465727920566F6C74B9
:100160006167653A20252E303366560D0A0000007F
:1001700000100240F0EE400A044890ED000A30EE14
:10018000C00A80ED020A90ED020A704724080020A0
:10019000F0EE400A044890ED060A30EEC00A80ED09
:1001A000080A90ED080A70472408002001460A69F1
:1001B000D1E901309860D1E9010358605068884264
:1001C00001D188685060002008611068401E1060EE
:1001D00010687047034B0360034B0B608023136070
:1001E00070470000EC23002048240020034B0360EC
:1001F000034B0B604FF48073136070474826002058
:10020000A426002000F1080141604FF0FF31816019
:1002100000F10801C1600161002101607047002107
:100220000161704710B502460B685C1C0CB910697F
:1002300007E002F1080000E04068446824689C423E
:10024000FAD944684C604C68A160886041600A61DA
:100250001468641C146010BD42684A6093688B6027
:10026000936859609160086103685B1C0360704784
:1002700000BF502080F31188BFF34F8FBFF36F8F03
:1002800000BF0E480068401C0C4908600846006822
:10029000012812D10A480068C0B208B9012000E064
:1002A000002050B900BF502080F31188BFF34F8F5A
:1002B000BFF36F8F00BF00BFFEE770473003002021
:1002C00004ED00E00D48006850B900BF502080F3F5
:1002D0001188BFF34F8FBFF36F8F00BF00BFFEE7E2
:1002E00006480068401E054908600846006820B9B5
:1002F000002080F3118800BF00BF7047300300204A
:1003000070B506463546002E44D0083D2C4622499D
:1003100060680968084008B1012000E0002050B979
:1003200000BF502080F31188BFF34F8FBFF36F8F52
:1003300000BF00BFFEE7206808B9012000E00020F0
:1003400050B900BF502080F31188BFF34F8FBFF327
:100350006F8F00BF00BFFEE70F4960680968084063
:10036000C0B12068B0B90C49606809688843606012
:1003700000F0AEF909496068096808440749086057
:100380002046FFF71BF806480068401C0449086037
:1003900001F072F870BD00002C0300201C03002047
:1003A0002803002000204FF0E02108618861064802
:1003B00000684FF47A71B0FBF1F0401E4FF0E0217D
:1003C0004861072008617047FC02002070B5EFF714
:1003D00041FF0446102C16D304F1E02090F8F053AE
:1003E00015480078854201DB012000E0002050B96B
:1003F00000BF502080F31188BFF34F8FBFF36F8F82
:1004000000BF00BFFEE70D48006800F4E0600C4943
:100410000968884201D8012000E0002050B900BFDF
:10042000502080F31188BFF34F8FBFF36F8F00BF51
:1004300000BFFEE770BD0000340300200CED00E0BB
:1004400038030020024600200BE0084B53F8303000
:1004500033B9064B43F8301003EBC0035A6002E097
:10046000401C0828F1D300BF70470000A46600209C
:1004700070B50446254655B900BF502080F3118859
:10048000BFF34F8FBFF36F8F00BF00BFFEE728465B
:1004900000F008F895F8460010B92846FFF730FF3D
:1004A00070BD0000014600200EE0094A02EBC002C8
:1004B00052688A4207D10022054B43F8302003EBF3
:1004C000C0035A6002E0401C0828EED300BF70470A
:1004D000A46600202DE9F04105460E4617462C463D
:1004E000FFF7C6FE94F94400401C10B9002084F8C0
:1004F000440094F94500401C10B9002084F84500E0
:10050000FFF7E0FEA06B28B93A46314604F124001B
:1005100000F062F82046FFF7A2F9BDE8F081000084
:1005200070B504460025D4B11248006808B901200E
:1005300000E0002050B900BF502080F31188BFF3C5
:100540004F8FBFF36F8F00BF00BFFEE700F0C0F812
:1005500000212046FEF7A0FC00F08EFF05463DB9C5
:100560004FF0805004490860BFF34F8FBFF36F8F87
:1005700070BD00007403002004ED00E00349096829
:10058000016003490968416070470000640300206E
:1005900050030020012001490860704760030020DB
:1005A00070B504460D4654B900BF502080F3118841
:1005B000BFF34F8FBFF36F8F00BF00BFFEE705484B
:1005C000016818312046FFF72DFE01212846FEF76D
:1005D00063FC70BD3C03002070B505460E46144612
:1005E00055B900BF502080F31188BFF34F8FBFF380
:1005F0006F8F00BF00BFFEE706480168183128462C
:10060000FFF72AFE0CB14FF0FF3621463046FEF7C9
:1006100043FC70BD3C03002010B586B0002005905F
:10062000049003AA04A905A8FFF7D4FD0022DDE980
:1006300004101346CDE9002102901EA11F48039A21
:1006400000F066FD1E4908600846006808B10124F4
:1006500000E00024012C02D100F090FF0446012CA0
:1006600015D100BF502080F31188BFF34F8FBFF327
:100670006F8F00BF4FF0FF30124908600120124910
:10068000086000201149086000F098F810E0601C34
:1006900008B1012000E0002050B900BF502080F3D5
:1006A0001188BFF34F8FBFF36F8F00BF00BFFEE70E
:1006B00006B010BD49444C450000000025F200087A
:1006C000700300206C03002058030020500300201A
:1006D00002480068401C014908607047740300200C
:1006E0001E48006818B101201D49086034E0002050
:1006F0001B4908601B4801680CE051B900BF50203D
:1007000080F31188BFF34F8FBFF36F8F00BF00BF1F
:10071000FEE7491E01EB8100134A52F8200008B998
:10072000012000E000200028E7D101EB81020E4B00
:1007300003EB820042685268426000F1080243689D
:10074000934202D14268526842604268D268074BC5
:100750001A600448016000BF704700007403002065
:100760006003002054030020E46600203C030020C6
:100770002DE9F04104460D4616461F462079012812
:100780000BD13B46324629462046FDF7FDFF84F853
:10079000440094F84400BDE8F0810820FBE770B500
:1007A00004460D46164633782A460C212046FCF7AF
:1007B00020FD84F8440094F8440070BD1CB55248F4
:1007C00000685249884201D0012000E0002050B961
:1007D00000BF502080F31188BFF34F8FBFF36F8F9E
:1007E00000BF00BFFEE7484800684849491E8842EC
:1007F00001D0012000E0002050B900BF502080F35C
:100800001188BFF34F8FBFF36F8F00BF00BFFEE7AC
:100810003F49084600780190FF200A4610700846BC
:10082000007800909DF8000000F0F0009DF8002096
:10083000904201D1012000E0002050B900BF5020BB
:1008400080F31188BFF34F8FBFF36F8F00BF00BFDE
:10085000FEE79DF8000000F050002E4A10700720BF
:100860002D4A106009E02C480068401E2A4A10609A
:100870009DF800004006000E00909DF8000000F07A
:1008800080008028EFD024480068C0F107000428C9
:1008900001D1012000E0002050B900BF502080F3BA
:1008A0001188BFF34F8FBFF36F8F00BF00BFFEE70C
:1008B000194800680002184A10601046008800F4C9
:1008C000E0601060124A019810700F4820300068F4
:1008D00040F470000C49203108600846006840F080
:1008E00070400860FFF75EFD00200C490860EFF7DC
:1008F00079FC0B48006840F0404009490860EFF778
:100900005DFC00201CBD000000ED00E071C20F4145
:1009100000E400E03403002038030020300300200E
:1009200034EF00E010B500BF502080F31188BFF312
:100930004F8FBFF36F8F00BF00F05EFC18B14FF018
:1009400080500449086000BF002080F3118800BF78
:1009500010BD000004ED00E070B505460E460DB177
:10096000012000E0002050B900BF502080F3118822
:10097000BFF34F8FBFF36F8F00BF00BFFEE7AE42E4
:1009800001D8012000E0002050B900BF502080F3C2
:100990001188BFF34F8FBFF36F8F00BF00BFFEE71B
:1009A00002220021284600F04CF8044604B1A66358
:1009B000204670BDF8B505460E4617460DB101201C
:1009C00000E0002050B900BF502080F31188BFF331
:1009D0004F8FBFF36F8F00BF00BFFEE7AE4201D85D
:1009E000012000E0002050B900BF502080F31188A2
:1009F000BFF34F8FBFF36F8F00BF00BFFEE7022032
:100A00003B46002211460090284600F047F8044675
:100A100004B1A6632046F8BD2DE9F84304460D460F
:100A200001274FF000082B460022114601200094B8
:100A300000F034F806463046FEF708FC3046BDE8C4
:100A4000F8832DE9F84305460E4617460DB10120FF
:100A500000E0002050B900BF502080F31188BFF3A0
:100A60004F8FBFF36F8F00BF00BFFEE705FB06F897
:100A700008F15000FEF732FF044664B1A14609F1C7
:100A80005009002084F846003B464A463146284635
:100A90000094FEF7EAFB2046BDE8F8832DE9F84311
:100AA00080460E4617461D46DDF82090B8F1000F2F
:100AB00001D0012000E0002050B900BF502080F399
:100AC0001188BFF34F8FBFF36F8F00BF00BFFEE7EA
:100AD0000DB1012000E0002050B900BF502080F38C
:100AE0001188BFF34F8FBFF36F8F00BF00BFFEE7CA
:100AF00007B10EB1012000E0002050B900BF502026
:100B000080F31188BFF34F8FBFF36F8F00BF00BF1B
:100B1000FEE707B90EB9012000E0002050B900BF80
:100B2000502080F31188BFF34F8FBFF36F8F00BF4A
:100B300000BFFEE7502000900098502801D101200E
:100B400000E0002050B900BF502080F31188BFF3AF
:100B50004F8FBFF36F8F00BF00BFFEE700BF2C4673
:100B60004CB1012084F846004B463A463146404697
:100B70000094FEF77AFB2046BDE8F88370B5054681
:100B80000E462C4654B900BF502080F31188BFF3A5
:100B90004F8FBFF36F8F00BF00BFFEE7FFF768FB0B
:100BA000D4E90F12206801FB0200A0600020A063BE
:100BB00020686060E06B401E226C216800FB02111F
:100BC000E160FF2084F8440084F845009EB9206964
:100BD00008B9012000E00020A8B904F1100000F0DD
:100BE000FFFB80B14FF0805009490860BFF34F8F81
:100BF000BFF36F8F07E004F11000FFF703FB04F170
:100C00002400FFF7FFFAFFF75DFB012070BD000035
:100C100004ED00E02DE9FF4383B0064688461D46FB
:100C20004FF00009344654B900BF502080F31188BA
:100C3000BFF34F8FBFF36F8F00BF00BFFEE7B8F168
:100C4000000F01D1206C08B9012000E0002050B94C
:100C500000BF502080F31188BFF34F8FBFF36F8F19
:100C600000BF00BFFEE7022D02D1E06B012801D1D9
:100C7000012000E0002050B900BF502080F311880F
:100C8000BFF34F8FBFF36F8F00BF00BFFEE700F0D1
:100C90009DFA08B9059808B9012000E0002050B974
:100CA00000BF502080F31188BFF34F8FBFF36F8FC9
:100CB00000BF00BFFEE700BFFFF7DAFAA06BE16BF1
:100CC000884201D3022D28D12A4641462046FEF70C
:100CD000F0F90746606A08B9012000E0002068B911
:100CE00004F1240000F07CFB88B14FF080503249C1
:100CF0000860BFF34F8FBFF36F8F08E03FB14FF035
:100D000080502D490860BFF34F8FBFF36F8FFFF7FF
:100D1000D9FA012007B0BDE8F083059818B9FFF7AC
:100D2000D1FA0020F6E7B9F1000F04D101A8FFF7CE
:100D300025FC4FF00109FFF7C5FAFFF7C9FCFFF7E3
:100D400097FA94F94400401C10B9002084F844003C
:100D500094F94500401C10B9002084F84500FFF7C5
:100D6000B1FA05A901A800F05BF9F0B92046FEF739
:100D700092FBA0B104F110000599FFF711FC204689
:100D8000FEF76DFD00F078FB002895D14FF0805004
:100D900009490860BFF34F8FBFF36F8F8CE7204680
:100DA000FEF75DFD00F068FB86E72046FEF757FD85
:100DB00000F062FB0020ADE704ED00E02DE9F84F04
:100DC00007468A4690461E463C4654B900BF50200E
:100DD00080F31188BFF34F8FBFF36F8F00BF00BF49
:100DE000FEE7BAF1000F01D1206C08B9012000E044
:100DF000002050B900BF502080F31188BFF34F8FFF
:100E0000BFF36F8F00BF00BFFEE7022E02D1E06B81
:100E1000012801D1012000E0002050B900BF50207E
:100E200080F31188BFF34F8FBFF36F8F00BF00BFF8
:100E3000FEE7FFF7CBFA00BF5021EFF3118081F3FB
:100E40001188BFF34F8FBFF36F8F00BF0546A06BB4
:100E5000E16B884201D3022E25D194F945B0A06BF5
:100E60000090324651462046FEF723F90BF101006F
:100E700088B9606A08B9012000E0002050B904F187
:100E8000240000F0ADFA28B1B8F1000F02D0012023
:100E9000C8F8000004E00BF1010040B284F84500FE
:100EA0004FF0010901E04FF0000900BF85F3118800
:100EB00000BF4846BDE8F88F2DE9F74183B00546ED
:100EC0000E464FF000082C4654B900BF502080F366
:100ED0001188BFF34F8FBFF36F8F00BF00BFFEE7D6
:100EE0000EB9206C08B9012000E0002050B900BF05
:100EF000502080F31188BFF34F8FBFF36F8F00BF77
:100F000000BFFEE700F062F908B9059808B90120B2
:100F100000E0002050B900BF502080F31188BFF3DB
:100F20004F8FBFF36F8F00BF00BFFEE700BFFFF71B
:100F30009FF9A76BF7B131462046FEF7A5F8781E5A
:100F4000A063206908B9012000E0002060B904F125
:100F5000100000F045FA38B14FF080502F4908607A
:100F6000BFF34F8FBFF36F8FFFF7ACF9012006B0CF
:100F7000BDE8F081059818B9FFF7A4F90020F6E75D
:100F8000B8F1000F04D101A8FFF7F8FA4FF00108FB
:100F9000FFF798F9FFF79CFBFFF76AF994F9440013
:100FA000401C10B9002084F8440094F94500401C0E
:100FB00010B9002084F84500FFF784F905A901A8BD
:100FC00000F02EF8F0B92046FEF758FAA0B104F16F
:100FD00024000599FFF7E4FA2046FEF740FC00F0F4
:100FE0004BFA0028A3D14FF080500C490860BFF3A2
:100FF0004F8FBFF36F8F9AE72046FEF730FC00F06B
:101000003BFA94E72046FEF72AFC00F035FA20462A
:10101000FEF734FA00288AD00020A8E704ED00E0AB
:1010200070B505460C4655B900BF502080F31188B5
:10103000BFF34F8FBFF36F8F00BF00BFFEE754B900
:1010400000BF502080F31188BFF34F8FBFF36F8F25
:1010500000BF00BFFEE7FFF70BF91248026868689F
:10106000131A2068401C08B9002617E00E492868AA
:101070000968884204D06868904201D801260DE0D2
:101080002068984207D92068C01A20602846FFF7D8
:1010900075FA002602E0002020600126FFF712F911
:1010A000304670BD50030020640300202DE9FF4F3F
:1010B00085B0804689461746DDE912ABB800FEF7D9
:1010C0000DFC064656B15C20FEF708FC04460CB148
:1010D000266304E03046FFF713F900E000248CB1EA
:1010E000002084F85900CDE900ABCDE902403A4632
:1010F00049464046089BFEF7CDF82046FDF70AFF1B
:10110000012501E04FF0FF35284609B0BDE8F08F1A
:101110002DE9F04F85B00746884691469A46DDE9AD
:101120000EB6109C0EB1012000E0002050B900BFA7
:10113000502080F31188BFF34F8FBFF36F8F00BF34
:1011400000BFFEE70CB1012000E0002050B900BF55
:10115000502080F31188BFF34F8FBFF36F8F00BF14
:1011600000BFFEE75C20039003985C2801D10120BA
:1011700000E0002050B900BF502080F31188BFF379
:101180004F8FBFF36F8F00BF00BFFEE700BFB4B14A
:10119000AEB125462C462E63022085F8590000206A
:1011A00004A953464A46CDE900B1CDE90250414673
:1011B0003846FEF76FF82846FDF7ACFE01E0002048
:1011C0000490049805B0BDE8F08F00000549096857
:1011D00009B9012005E00449096809B9022000E0C5
:1011E000002070475803002074030020014908685C
:1011F00070470000500300202DE9F0414FF0000837
:101200004348006800287BD142480068451C41489B
:10121000056015BB40480068006808B9012000E07F
:10122000002050B900BF502080F31188BFF34F8FCA
:10123000BFF36F8F00BF00BFFEE73748076837482E
:101240000068354908603548076035480068401C2B
:1012500033490860FEF754FA00BF324800688542FF
:101260003BD300BF2C480068006808B9012000E0AB
:10127000002020B14FF0FF302A4908602CE02648BA
:101280000068C068C4686668B54202D22548066036
:1012900022E0201DFEF78AFFA06A18B104F11800B1
:1012A000FEF784FF2049E06A0968884202D91E4996
:1012B000E06A0860E16A01EB81011C4A02EB8100EF
:1012C000211DFEF7C9FF1A49E06A0968C96A884208
:1012D000C8D34FF00108C5E700BF15480068C06AD1
:1012E00000EB8000114951F82000012801D94FF08E
:1012F00001081048006808B14FF0010805E0FFE759
:101300000D480068401C0C4908604046BDE8F0816B
:1013100074030020500300204003002044030020F9
:10132000640300206C03002054030020E4660020C6
:101330003C030020600300205C03002070B50546DC
:101340002C460026002D43D022480068844201D15B
:10135000012000E0002050B900BF502080F3118828
:10136000BFF34F8FBFF36F8F00BF00BFFEE7206D4D
:1013700050B900BF502080F31188BFF34F8FBFF3E7
:101380006F8F00BF00BFFEE7206D401E2065E16C3F
:10139000E06A88421CD0206DD0B9201DFEF706FF00
:1013A000E06CE062E06AC0F13800A0610A49E06ADE
:1013B0000968884202D90849E06A0860E16A01EBDD
:1013C0008101064A02EB8100211DFEF745FF01263F
:1013D000304670BD3C03002054030020E46600202A
:1013E00070B50646F068C46854B900BF502080F359
:1013F0001188BFF34F8FBFF36F8F00BF00BFFEE7B1
:1014000004F11800FEF7D2FE15480068A0B9201DAF
:10141000FEF7CCFE1349E06A0968884202D91149F7
:10142000E06A0860E16A01EB81010F4A02EB81008A
:10143000211DFEF711FF04E004F118010B48FEF72F
:101440000BFF0B49E06A0968C96A884204D9012583
:1014500001200849086000E00025284670BD000012
:101460007403002054030020E46600206C6B00200D
:101470003C0300206003002070B50024002636489D
:10148000006850B900BF502080F31188BFF34F8F20
:10149000BFF36F8F00BF00BFFEE7FEF7E9FE2E48E7
:1014A0000068401E2C4908600846006800284ED19C
:1014B0002A48006800284AD023E02948C068C46848
:1014C00004F11800FEF772FE201DFEF76FFE25499D
:1014D000E06A0968884202D92249E06A0860E16A44
:1014E00001EB8101204A02EB8100211DFEF7B4FED1
:1014F0001E49E06A0968C96A884202D301201C4972
:1015000008601748006808B9012000E000200028A2
:10151000D3D00CB1FEF7F4F81648056865B100BFEA
:10152000FFF76AFE10B10120114908606D1E002D01
:10153000F6D100200F4908600D48006838B1012637
:1015400030070D490860BFF34F8FBFF36F8FFEF771
:10155000B9FE304670BD0000740300204C0300202B
:101560006C6B002054030020E46600203C03002044
:10157000600300205C03002004ED00E010B586B09D
:101580000024FDF723FD16480068D0B10020059027
:10159000049003AA04A905A8FEF728FE0222DDE9AB
:1015A00004100023CDE9002102900EA10F48039AF8
:1015B000FFF7AEFD0E4908600846006800B101243F
:1015C00000BF54B900BF502080F31188BFF34F8F84
:1015D000BFF36F8F00BF00BFFEE7204606B010BD0F
:1015E00080030020546D72205376630045F8000894
:1015F000840300202DE9FF4704460D4616461F468A
:10160000DDF830804FF0000954B900BF502080F35E
:101610001188BFF34F8FBFF36F8F00BF00BFFEE78E
:101620001448006810B3009501960294062D15DA4F
:10163000FFF7CCFD022808D10023424669460D4839
:101640000068FFF7E7FA814610E000231A46694672
:1016500008480068FFF7DEFA814607E000233A46B3
:10166000694604480068FFF7A9FB8146484604B074
:10167000BDE8F087800300200001000000000000AA
:101680000000000000000000000500000005000050
:1016900000050001000500FFFFF70005000500053B
:1016A00000050005000500058000800040004000A6
:1016B00020002000100010000800080004000400B2
:1016C0000200020001000100008000800040004094
:1016D0000020002000100010000800080004000492
:1016E00000020002000100010000038400009C4091
:1016F000000000000400000036666666000F00006F
:10170000135C28F60CF5C28F0000000000000000FA
:1017100000000000FFF8003809EDD1E80000680083
:101720000001FFC700000000000000000147AE14E8
:101730003EB851EC000F0000000000000000000067
:101740000000000000000000000000000000000099
:101750000000000000000000400000000000000049
:101760000000000000000000400000000000000039
:101770000000000000000000400000000000000029
:101780000000010000010C0000000000000000004B
:101790000000000000000000000000000000000049
:1017A000155555550AAAAAAA00000000000000E13C
:1017B0000000000100060001000000000000000021
:1017C0000048D1593FB72EA70200000000000000DA
:1017D00000000000000000008E170007000000005D
:1017E0000000000000000320400000000000000096
:1017F0007FFF0000000521E940000000000000001C
:101800000000000000000000003E03300000000067
:1018100000000000000000000000000200000000C6
:1018200000000000000000000000000000000000B8
:1018300000000000000000000000000000000000A8
:101840000000000000000000000000000000000098
:101850000000000060000000000000000000000028
:101860000000000000000000000000000000000078
:101870000000000000000000000000000000000068
:101880004000000000000000000000000000000018
:101890000000000000000000000000000000000147
:1018A0000003000A012B4AEE0654AD11E3075C1554
:1018B000362BD026D08C49A40654AD111E0BB5553D
:1018C00038EE175031363F030000000000000000E2
:1018D0000000000000000000000000000000000008
:1018E00000000000000000000000000100000000F7
:1018F0000000000100008000000000000000000067
:1019000000070000000E3575000000000000000018
:10191000000700100096003C0000000000000000DE
:1019200000000000000000000D72AA29C93D6C4EA5
:1019300055164C7FC4427497000000000000000060
:101940000000000000000000000000001000000087
:10195000000000000000000800000000000000007F
:101960000000000000000000000000100000003D2A
:101970000000000000000000000000000000000067
:101980000020318815E3A3400000000000000000A3
:1019900000000000000000000E704B8CC50A92BED3
:1019A0005A9691D2C1EEE70D000000000000000041
:1019B000000000000007000200000014002D0000DD
:1019C0000000000000000000000000000000000017
:1019D0000000000000000000000000000000000007
:1019E0000000000000000000000000A30000000252
:1019F0000000003A03E800000000000000000000C2
:101A000000000000000000000000000000000000D6
:101A1000000000260000000200000000000000009E
:101A200000000000000000000000000000000000B6
:101A3000000000033FC1A768400000000000000054
:101A40000000000000000000000000000000000096
:101A5000333333330CCCCCCD00FFFF00000000004B
:101A6000000000000000011800000000FFFFFFFF61
:101A70000000000010000000000000000000000056
:101A80000000000000000000000000010000000055
:101A90000000000000000003000000000000000043
:101AA000100000006487ED510000000000000000FD
:101AB00000000000000000640000000000000000C2
:101AC00040000000011DF46A00000000000000005A
:101AD00000000000000000000002000000080000FC
:101AE00000007FFF0000200000009C400CCCCCCD0B
:101AF000000007800002000000000000000000005D
:101B00003EB851EC0147AE140000015E0000000039
:101B100060000000000000000000800000000000E5
:101B20000000800000100000000061A8000000100C
:101B3000000001000000100000010000040000008F
:101B40000040000000040000000000000000200031
:101B500000002EE000064000000000010000000030
:101B60000000000000000000020000000000000073
:101B70000000000000000000000000000000000065
:101B8000400000000000000103FFFFFF0000000014
:101B90000000000000000000333333330000000079
:101BA00000000000000000000CCCCCCD00000000C4
:101BB00000000000000000000000009D0000000088
:101BC0000000000000000000000100000001000013
:101BD00000000000000000070000000000000000FE
:101BE00000000000000000000000000000000000F5
:101BF00000000000000000000000000100000000E4
:101C00000000000000000000003200000032000070
:101C10000032000000320000000000000000000060
:101C200000000000000000000000000000000000B4
:101C300000000000000000000000000000000000A4
:101C40000000000000000000000000000000000094
:101C50000000000000000000000000000000000084
:101C60000000000000000000003200000032000010
:101C70000032000000320000000000000000000000
:101C80000000000000000000000000000000000054
:101C90000000000000000000000000000000000044
:101CA0000000000000000000000000100000000024
:101CB0000000000001491B7500000010000000003A
:101CC0000000064000000CCD0001000000000000F4
:101CD0000000000000000000000000000000000004
:101CE00000000000000000000000500000000001A3
:101CF0000000160000000046000100000000000087
:101D000000000000000000000001000000000000D2
:101D100000000000000000000000000000000000C3
:101D200000000000000000000080000000800000B3
:101D300000800000008000000000000000000000A3
:101D40000000000000000000000000000000000093
:101D50000000000000000000000000000000000083
:101D60000000000000000000000000000000000073
:101D70000000000000000000000000000000000063
:101D80000000000000000000000000000000000053
:101D90000000000000010001000000000000000041
:101DA000000000000001D4C000000000000000029C
:101DB000008000000000013C000000000000000066
:101DC0000000000000000000010000000000000012
:101DD0000000000000000000000000000000000003
:101DE00000000000000000000000000000000000F3
:101DF00000000000000000000000000000000000E3
:101E000000000000000000000000000000000000D2
:101E100000000000000000000000002800003A98C8
:101E2000000002000000014E000000000000000061
:101E300000000000000000000000000000000000A2
:101E4000000000000000040000000000000000008E
:101E50000000000000000000000000000000000082
:101E60000147AE144E4000000000000000000000DA
:101E70000000000C00002000000000000000000036
:101E80000000000000000000000100000000000051
:101E90000000000000000D0600000000000000002F
:101EA0000000000000000000000000000000000032
:101EB0000000000000000000000000010000000021
:101EC0001000000000002710000000004A40200021
:101ED00000000000000000000000000000000ED81C
:101EE00000000118000007D0000000000000000002
:101EF00000000000000000000000000000000000E2
:101F0000000000000000271000000000000000009A
:101F1000000000000006131B000BB800003CBF0FC0
:101F20000055CE750000271005B05B053A4FA4FAA6
:101F300000000000000000000000000000000000A1
:101F40000000003C0000003C000000000000005ABF
:101F5000001D208A006193690000013C00004DF0E3
:101F60000055CE7500000276066666663999999925
:101F70001000000030000000000000000CCCCCCCB1
:101F800033333333000E90450000000001D41D416F
:101F90003E2BE2BF3FF16FBB0000000000000000DD
:101FA0000393870001249249000000000000138879
:101FB0000098968008583B002000000000000EAFFB
:101FC0000000177000000001200000000000005019
:101FD0000000000000000001000000000000000000
:101FE00000000000000000000000000000000000F1
:101FF00000400000000400003F800000008000005E
:1020000000333333001CFA770C6D39E6CB6FDAA658
:1020100053CFD397C4537446000000000000000063
:1020200000000000000000000000000000000000B0
:1020300000000000000000000000000000000000A0
:102040000000000000000000000000000000000090
:102050000000000000000000000000000000000080
:102060000000000000000000000000000000000070
:102070000000000000000000000000000000000060
:1020800000DA740E3F258BF2000000000000000013
:102090000000000000000000200000000000000020
:1020A0000000000000000000000000000000000030
:1020B0000000000000000000000000000000000020
:1020C0000000000100001D4C0000000000000000A6
:1020D00038000000080000000000000000000000C0
:1020E0000000000000000000200000003E2BE2BFC6
:1020F0003E147AE230000000000000000000000002
:1021000000001388000007D000000000000000005D
:1021100000000000000000000000000000000000BF
:10212000000013883C23EC842000000001D41D41F2
:1021300001EB851E10000000000000010000138864
:1021400000000000346CFCB2000000000000000041
:10215000000000000000000000000000000000007F
:10216000000000000000000000000000000000006F
:10217000000000000000000000000000000000005F
:10218000000000000000001000001770000013881D
:1021900000002328000000260000002F000000009F
:1021A00040000000000009C40000000000000023FF
:1021B00001EB851E3E147AE2000000000000002DB5
:1021C000022222223DDDDDDE0000000000000000D2
:1021D000000024B83DD1BA8E0000000000000000CD
:1021E00000000000000000000000000000000000EF
:1021F000000083D6000083D600000000000000002D
:102200000000000E00000021002000000030FCF95A
:1022100040000000000A8000008000000000000074
:1022200000000000000000000000000000000000AE
:10223000000000000000000000000000000000009E
:10224000000000000000000000000000000000008E
:10225000000000020000000A000000000000000072
:1022600000333333000C00000000000000000000C9
:10227000002031880007000000000000000000007E
:1022800000000000F0DE9AF80000000000000000EE
:10229000000000000F90B28300000000000000006A
:1022A0000000000008000000000000000000000026
:1022B00000000000F7218CD50000000000000000A5
:1022C000000000000C6F39950000000000000000C5
:1022D00000000000000000000000000000000000FE
:1022E00000000000000000004000000000000000AE
:1022F000000000000000000040000000000000009E
:10230000000000000000000040000000000000008D
:1023100000000000000000000000000000000000BD
:1023200000000000000000000000000000000000AD
:10233000000000000000000000000000000000009D
:10234000000000000000000000000000000000008D
:102350000000000000000800005344000053440047
:10236000019A0000019A00000000054600000546A1
:10237000000000150000001900000258000002587B
:102380000000001200000003000000320000009670
:102390000000012C0000009600CF50A400CF50A4F4
:1023A0000135D0A40135D0A40000000000000000D9
:1023B0000002800000018000000C8000000C800002
:1023C0000000000000008000000C80000000000001
:1023D00000000000000000000000000000000000FD
:1023E00000000000000000000000000000000000ED
:1023F0000000000004000000400000000000000099
:102400000000000000000000017BAB50012DB64829
:10241000000016AC002282600000118B044CCCB08E
:1024200000000014000016810278FEE003943AB028
:102430000010B4900000032A000025F60000000000
:1024400000000000200010000852DF89058C95066E
:102450000163254160000000000000000000000052
:102460000000000000000000007B476902E5DBAED1
:1024700006F1857807DFAB8800000000000000004F
:10248000000000000000000000000000000000004C
:10249000000000000000000000000000000000003C
:1024A000000000000000000000000000000000002C
:1024B000000000000000000000000000000000001C
:1024C000000000000000000000000000000000000C
:1024D00000000000000000000000000000000000FC
:1024E00000000000000000000000000000000000EC
:1024F0000000000A000000000000000002000000D0
:102500000000FE4C00000000000000000000000081
:10251000000000030866666600000000000000007E
:102520000399999A00666666000001F400000001B4
:102530000000000A0000001E020000000000000071
:10254000066666660004D45E000000000000000419
:10255000000000280000001E000000000000000035
:102560000066666600000000000000020000000037
:10257000000000960000000000000000FFFFFFF8D0
:10258000000000000000000000000000000000004B
:10259000000000000000000000000000000000003B
:1025A000000000000000000000000000000000002B
:1025B000000000000000000000000000000000001B
:1025C000000000000000000000000000000000000B
:1025D00000000000000000000000000000000000FB
:1025E0000000000000000000D8DCB8B0B4F3AAF886
:1025F000F9D1D9889AF8F73ED8F38A9AA731D1D978
:10260000F41036D8F39F39F9D1D9F41036D8F38FB6
:102610009F0897608A21D1D9F41036DAF1FFD8F1FA
:10262000BEBEBCBCBDBDBAB2B6A080903218BEBEA4
:10263000BCBCBDBDB8B0B4A4DFA5DEF3A8DED0DF5E
:10264000A4849F24F2A9F8F9D1DADEA8DEDFDFDF67
:10265000D8F4B18DF3A8D0B0B48FF4B9AFD0C7BE61
:10266000BEB8AED0F39F75B286F4BEBEB9AFD0C3CC
:10267000F1BEB8B0A3DEDFDFDFF2A381C080CDC73B
:10268000CFBCBDB4F1A38D9320FD3F886E767E8DC7
:1026900093BEA220FD31A02CFD3234FD323CFD3230
:1026A000BEB9AC8D20B8BEBEBCA2869D08FD0FBCD5
:1026B000BCBCA3829301A9839E0E161EBEBEBEBCE7
:1026C000A58B992C547CBCBC8593BAA52D557DB89F
:1026D000A59D2CFD374CFD376CFD37F5A5859F3446
:1026E0005474BDBDBDB1B6BA8395A5F10E161EB228
:1026F000A785952AF050788793F101DAA5DFDFDF0F
:10270000D8A4DFDFDFB080F2A4C3CBC5F1B18E94D3
:10271000A40E161EB286BEA02C343CBDBDB496B825
:10272000A12C343CBDBDB694BEA62CFD3534FD3580
:102730003CFD35BCB28E94B8BEBEA62D557DBAA464
:102740002D557DB8B0B4A68F962E363EBCBCBCBD10
:10275000A6869FF5345474BCBEF190FCC300D9F436
:1027600011DFD8F3A0DFF1BC8691A92D557DBCBC4B
:10277000BCA98090FC510010FC510010FC510010CD
:10278000FCC104D9F2A0DFF411DFD8F6A0FA8090E2
:1027900038F3DEDAF8F411DFD8F1BD95FCC104D9C5
:1027A000BDBDBDF411DFD8F6BCBCBCBDBDBEBEBE58
:1027B000B5A784921AF8F9D1DB8493F76AB68796A5
:1027C000F309FFDABCBDBED8F1BCBCBCF6B082B424
:1027D00097B8A902F702F1BC8999A704FD37A8DFD1
:1027E0008798A7FC3D0050F8F9D1D9A8DFF9D8F6B1
:1027F000BCBCBCBDBDBDBEBEBEB7A7819A0BB48775
:102800009F1AF8F9D1BB81AAC1D9F41247D8F6B8FA
:10281000A71AF9D9F41247D88AF3BBAAC0C3B3AA3E
:102820008A9D1AFD1EB79A08B8B0B4A5859D00D838
:10283000F3B9B2A980CDF2C4C5BAF3A0D0DEB1B469
:10284000F7A7899172899147B6974AB9F2A9D0FA48
:10285000F9D1D9F41275D8F3BAA7F9DBFBD9F1B9DC
:10286000B081A9C3F2C5F3BAA0D0F8D8F1B189A755
:10287000DFDFDFF2A7C3CBC5F1B287B8BEBEBEAB08
:10288000C2C5C7BEB5B997A522F048703C9840684C
:1028900034589960F1BCB38E95AA254D75BCBCBC6B
:1028A000B8B0B4A7889FF75AF9DAF3A8F8889DD092
:1028B0007CD8F7A7889F52F9DAF3A8889CD0DF600C
:1028C0006870789D606870789E70789F70D8F7A760
:1028D000889F42F9BAA0D0F3D9DED8F8F9D1B8DA96
:1028E000A8889ED064689F60D8A88498D0F77EF1AD
:1028F000B2B6BA8591A7F475A8F475C0F18491A712
:10290000F475A8F0A2870D20597015384069A4F11C
:1029100062F0193148B8B1B4F1A680C6F4B081F3C1
:10292000A7C6B18F97F702F9DAF4137FD8B0F7A7EB
:10293000889F52F9D9F41378D8F1B2B6A682922AB8
:10294000F050FD08F1A7849402FD08B0B48697000A
:10295000B1BAA78161D9F41397D8F141DAF413978A
:10296000D8F1B8B2A682C0D8F1B0B68692A716FD4B
:10297000040FFD04BA8791A7F475B6B2F475C0D8F8
:10298000F1BEBEBEBDBDBDB2BA84A7C3C5C7B2BC91
:10299000BCBCB68791AFF475A8A08FF10BF020599D
:1029A000701538406964193148F18090AF6EFD04AC
:1029B00067FD048F91A7F475B6F475C0F1BEBCBD78
:1029C000F7BEB0B4BA889EA36A9F66F0B1B5B98A63
:1029D0009AA22C5078B2B98AAFC0C3C5C789ADD00E
:1029E000C4C783A1C2C5BABCBCBCB281A2C0C3C5A6
:1029F000C7BCBCBDF4749CF3BAA3FAF9D1D9F414E2
:102A000033D874ADBEBEBEBAB182A3D0C7A9D08D33
:102A1000C4C7A381C1C3F3A68DC2BED8F1BEBEBEDA
:102A2000BAB1AA8FC0C3C5C7BEBCBCBCB2B988AF5F
:102A3000C0C3C5C780ADD0C0C389A1C0C3BA81A27D
:102A4000C0C3C5C7BCF4749CF3BAA3F8F9D1D9F4D8
:102A50001484D874ADBEBEBEB8B182A7D0C7BAA028
:102A60008DC4C7A981C0C3F3A58DC2BED8F1BEBEB7
:102A7000BEBAB1A88FC0C3C5C7BEF3BAB2B6A383EE
:102A80009308F9D9F41502D8F0B8B0A385940428B6
:102A90005078F1B4849369D9B6A58D94202C343C38
:102AA000B4A4DEDFF8F414CCD8F1A4F8A3849441E4
:102AB000D9A4DFF8D8F194FCC104D9A4FBA386C043
:102AC000B1829E06FD1EA681964293F068B0A3F1E6
:102AD000839601F5839300A68696F0348318F1A1BE
:102AE0008D68A3819BDB198BA1C6D8F1BEBEBEBC8D
:102AF000BCBCBDBDBDD8F7B8B4B0A79D8872F9BC49
:102B0000BDBED9F417A1D8F2B8ADF8F9D1DADEBA62
:102B1000A1DEAEDEF8D8B281BEBEB9AFD0C1BCBCBA
:102B2000BDBDB1B4F1AC8C920A18B5AF8C9D41DB40
:102B30009C118EADC0BEBEBAAEC3C5C78DA8C6C7F8
:102B4000C7C7A6DEDFDFDFA5D0DEDFBEBED8B9ACEB
:102B5000DFAF8D9C11D98CC5DAC1D8AF8F21F59F1D
:102B600000F18C9C45D98FACC1D8F2AFDFF8F8DF0B
:102B7000F8F8F8AF8F9F59D1DBF18C9C31F28FAF11
:102B8000D0C3D8AF8F9F39D1DBF18C9C69F28FAF66
:102B9000D0C5D88FBEBEBAA1C6BCBCBDBDF2B1B552
:102BA000B9AEF9DAF41774D8F28EC2F1B2809AF5A0
:102BB000AF24D9F41774D8F544D9F41774D8F56450
:102BC000D9F41774D8F1B1B68B90AF2D557DB58C73
:102BD0009FAD0E161E8B9DAB2C547C8D9FAA2E563E
:102BE0007E8A9CAA2C547C9BAC264666AF8D9D00A9
:102BF0009C0DDB118F19F41614D81774D8F1B2811B
:102C0000B690AF2D557DB18FB59FAFF52C547CF1AB
:102C1000B28C9FAD6DDB7179F41642D8F3BAA1DEA8
:102C2000F8F180A1C3C5C7F41651D8F3B6BA91FC28
:102C3000C028DAA1F8D9F41774D8F3B9AEF8F9D1ED
:102C4000D9F8F41774D8F1BAB1B5A08B933E5E7E73
:102C5000AB83C0C5B2B6A387C0C3C5C7A288C0C373
:102C6000C5C7A486C0C3C5C7A585C4C7AC8DC0BE33
:102C7000BEBCBCBDBDB9B1B5ADD0DEAF8C9C41D939
:102C8000F416C0D8F1F8F9D1D9F416D9D8F1AF8D2E
:102C90009C31DA8CC5D9C3D8AF8F21F59F00F1AD37
:102CA000D0B0829F02F416D9D8F1AF8D9C31D98C67
:102CB000C5DAC3D8AF8F21F59F00F1ADD0B0839FA7
:102CC00002D8F1B18CADC1BEBEBDBDBAB6AC8D9C53
:102CD00040BCBCB2A0DEF8F8F8F8F8FD0FF5AF88FC
:102CE00098002C547CF1AF809F01DB091119F41777
:102CF00013D8F2A1F8F9D1DAF1ACDED8F3AEDEF8F0
:102D0000F41A8ED8F1A783C0C3C5C7A882C0C3C5B3
:102D1000C7A684C0C3C5C7A585D0C0C38D9DAF3924
:102D2000D9F41774D8F183B59EAE34FD0A54FD0A68
:102D300074FD0AF2A1DEF8F8F8F1BEBEBCBCBDBD60
:102D4000B9B1B58CADC0AF9C11D9AEC0BCBCB28E10
:102D5000C3C5C7BCBCD8BEBEBCBCBDBDD8F2BAB230
:102D6000B5AF819701D1B9A7C0DAF4178CD8F2BA00
:102D7000AEF8F9D1DAF3BEBEBEBCBCBCBDBDBDB8B9
:102D8000B0B4A5859C08BEBCBDD8F7BCBCBCBDBD5D
:102D9000BDBBB4B0AF9E8862F9BCBDD9F419E7D809
:102DA000F1BCBCBCB185BAB5A098062646BCB9B387
:102DB000B6F1AF81902D557DB1B5AF8F9FF52C54F5
:102DC0007CF1BBAF869F69DB7179DAF3A0DFF8F1A4
:102DD000A1DEF2F8D8B3B7F18C9BAF19D9ACDEF312
:102DE000A0DFF8D8AF809069D9A0FAF1B280A1C372
:102DF000C5C7F2A0D0DFF8F419D1D8F2A0D0DFF126
:102E0000BCBCBCB1AD8A9E264666BCB3F3A2DEF85C
:102E1000F41A17D8F1AA8DC1F2A1F8F9D1DAF41891
:102E20005CD8F1AF8A9A218F90F510DAF4185CD84B
:102E3000F191FCC004D9F418A3D8F3A1DEF8A0DF07
:102E4000F8F419D1F391FCC007D9F418A3D8F1AF65
:102E5000B1849C01B3B58097DBF321B9A7D9F8F40D
:102E600018A3D8F3B9A7DEF8BBF1A387C0C3C5C7C1
:102E7000A488C0C3C5C7A589C0C3C5C7A686C4C723
:102E8000A182C3C5C7F3A1DEF419E7D8F1BBB3B77C
:102E9000A1F8F9D1DAF2A0D0DFF8D8F1B9B1B6A82B
:102EA00087902D557DF5B5A888982C547CF1AF8678
:102EB0009829DB3139F419E7D8F1B3B6A78A904CD9
:102EC000545CBAA081902D557DBBF2A2F8F9D1DAFD
:102ED000DEF419E7D8F1BAB0AB8FC0C7B3A383C093
:102EE000C3C5C7A284C0C3C5C7A485C0C3C5C7A581
:102EF00086C0C3AC8CC2F3AEDEF8F8F41A8ED8F1FB
:102F0000B2BBA383C0C3C5C7A482C0C3C5C7A584C1
:102F1000C0C3C5C7A685C0C3AC8CC4B3B7AF8595C5
:102F200056FD0F869606FD0FF0849FAF4C70FD0F87
:102F3000F186962EFD0F849F72FD0FDFAF2C547C1F
:102F4000AF8C69DB71798B9C61F41967DA19E7D86A
:102F5000F1AB839128FD0554FD057CFD05B8BDBD91
:102F6000BDB5A38B95052D55BDB4BBAD8E930E1687
:102F70001EB7F3A2DEF8F8F41A17D8F2A1F8F9D1C7
:102F8000D9F1AF8D9A01F58F90DB00F419E7DAF1F2
:102F9000AA8DC0AE8BC1C3C5A1DEA783C0C3C5C700
:102FA000A884C0C3C5C7A985C0C3C5C7A686D0C0ED
:102FB000C3A281C3C5C7F419E7F1BBB3A3DEDFDF4A
:102FC000DFA48CC4C5C5C5A5DEDFDFDFA6DEDFD884
:102FD000F3B9AEDFBAAEDEBBA2DEBEBCB3BDB7AFE7
:102FE0008E9C01D1ACC0D9AEDED8F1B183B9A7D0E7
:102FF000C4B8AEDEBEBEBEBBBCBCBCB3BDBDBDD8DE
:10300000F3A2F8F9D1D9F41A8CD8F5AD8D9D2C54D2
:103010007CF1AF49DAC3C5D9C5C3D8AF9F69D0DA4F
:10302000C7D98FC38DAFC7D8B9A98F9FF05478F196
:10303000FD0FA6B189C2B3AF8F9F2EFD11B1B5A907
:10304000899F2CF3AEDFF8F8F41C43D8F1AD8699D4
:1030500006FD10DFF8FD0FAD8D9D4CBBB3AD8F9D10
:103060002AFD0FB792FCC004D9F4182BD8FCC00875
:10307000D9F41992D8F1D8F3BAB2B6AEF8F9D1D9D9
:10308000F41C41D8F1AFDEF9FD0F80902C547CA0E8
:103090002AF05078FD0FF1A2829C00244464A98F8D
:1030A00094F004FD0F0C30FD0F1C952048FD0FF12E
:1030B00099C12C547CAA829902FD0F2EFD0F56FD5A
:1030C0000F7EFD0FAC839FF004285078FD0F8C908D
:1030D000F121F58C9C2CF1AFDEF189AF9FFCC00093
:1030E000D9C18AC182C1D8FCC004D9C38AC382C3F2
:1030F000D8FCC008D9C58AC582C5D8FCC00CD9C7C0
:103100008AC782C7D8FCC010D9F41BFBD8F18BAB9F
:10311000D0C09F2EFD0FA0DEABD09065A08F9F4A40
:10312000FD0FAB8B9000B9A9C1F3AEDFF8F41C43DF
:10313000D8F1BAB1B689ABC1B2AFD08B9F3EFD0F0B
:103140005AFD0F9FFCC000D9F18FA2C6D8FCC00465
:10315000D98FA2C784ABD0C0AF8A9B1EFD0F36FDAE
:103160000FA48F30AA9A40D89FFCC008D98FA2D054
:10317000C684ABD0C2AF8A9B1EFD0F56FD0FA48F35
:1031800034AA9A4084ABD0C4AF8A9B3EFD0F56FD53
:103190000FA4D08F30AA9A4CD89FFCC00CD98FA214
:1031A000D0C784ABD0C6AF8A9B1EFD0F76FD0FA49F
:1031B000D08F34AA9A4085ABD0C0AF8A9B3EFD0F1A
:1031C00076FD0FA58F30AA9A4C85ABD0C2AF8A9BF3
:1031D0005EFD0F76FD0FA58F34AAD09A50D8AFF8B8
:1031E000F41AF1F1D88B9CAF2AFD0F8A9FB9AF0278
:1031F000FD0F26FD0F46FD0F66FD0F83B59FBAA399
:10320000002C547CB68292A031D9ADC3DAADC5D8BA
:103210008DA039DA82ADC7D8F39EFCC004D9F4176B
:103220001BD8FCC008D9F41916D8F1D8F1B9B1B53A
:10323000A9DEF88999AF31D9F41C97D8F185AF2967
:10324000D984A9C2D885AF49D984A9C4D885AF6922
:10325000D984A9C6D889AF39DA8EA950F41C97D879
:10326000F189AA7CFD029A68D8F1AAFBDA8999AFA4
:1032700026FD0F8F9525899FA912FD0FF41C80D87C
:10328000F39EFCC104D9F41B48D8FCC108D9F41A38
:1032900063D8F1BEBCBCBCBDF3B8B4B08FA8C0F954
:1032A000AC8497F51AF1F8F9D1DAA8DED895FCC10B
:1032B00003D9A8DED8BCBCF198FCC01CDB95FCC0CF
:1032C00003A5DEA4DED8AC889500D1D9A5F8D8A492
:1032D000FC80048895A4FC080420F7BCBCBDBDB5E7
:1032E000AC849FF602F8F9D1DB8493F76AF9D9F33D
:1032F000BCBCA8889218BCBCD8BCBCB4A8889E082A
:10330000F4BEBEA1D0BCBCF7BEBEB5AC84936AF916
:10331000BDBDB4D9F2AC8C9718F6849C02F8F9DBE9
:10332000D1F1A5DFD8F7BEBEBDBDA79D887AF9D97A
:10333000F41EE1D8F1BEBEACDEDFAC889FF75A5672
:10334000F1BCBCBDBD95FCC007DAF41E7CD8F1FC15
:10335000C000DB9CFCC100F41EA1D8F1AC95FCC000
:1033600008DAF41DBED8F18290792D55F58C9C04B5
:10337000AC2C54F1BCBCBC805DDB4951F4BC1D9C41
:10338000DABC1E78D8F5869838D9F182902DD8AC61
:10339000D08698F55CD9F1829055D8AC8C9C000011
:1033A000A5DFF8F41DC9D8F182962D557D8C9C348B
:1033B00018F1AC95F51CD9F41E78D8F1AC83904582
:1033C000D9A0F8AC8C9C06D2A191002C81D6F0A19A
:1033D000D08C9C28D387D4A78C20D3F1A484902CA4
:1033E000547CD8AC839045D9F41EA1D8F1AC81911E
:1033F00002FD148566FD1D884EFD1B87D4FD54AD6E
:103400008D4EF0819CABD6FD068D318C10100101E4
:103410000139AC8B98F508D9F41E78D8F1A98296B9
:103420000195FCC100DAF41E50DBF1AC8993F5186C
:10343000F1A5DFF8D8F41E7CD8F1A4849534FD05FD
:1034400054FD0574FD05A994F52C547CF1AC8799C5
:1034500049DB515984ABC3C5C782A6C0F3AADFF8C4
:10346000D8F1A5DFD8F1A0DEA1DEDFDFDFA7DEDF48
:10347000A4DFDFDFA295FCC001D980C3C5C7A88344
:10348000C1DA86C3C5C7A883C3D8F19AFCC104D9E1
:10349000AC829601F3AADEF8F8F8DBF5AC8C9A184A
:1034A000F3AAF9D8AC8A9A41D1AAD0C0D9F2AC8596
:1034B0009A41DBD1BCBCBDBDBEBEF41EE1D8F3BC9D
:1034C000BCBDBDBEBEA5859C10D8F1B8B0B4A78860
:1034D0009EF77AF9D9F42018D8F1BEBEBEBBA2F986
:1034E000DABEF42018D8F1BCBCBCB380C6AFDED0C5
:1034F000DFBCB284BDBDBDB79FA060BCBCBCB38502
:1035000090AF019F468FA20E8592AFD0299F52A502
:103510000834A0FB8695AF29DAA6DEF41F4CD8F15B
:10352000A0FAF9DAA6DEF41F4CD8F1A6F896AF1986
:10353000D9A3DEF8D8F18594AF31D9A3DEF8F880AD
:10354000A0C5D88596AF31D9A3DEF8F8F880A5C01C
:1035500086C3D8A8DFA1DE8591AF0C0DF58F9FAF94
:103560002C54F197FCC004DB8FAF51A8DFF8D8983A
:10357000FCC008D9F41FB4D8F1FCC00CD9F41FDD8D
:10358000D8F193FCC009D9A4DEA8DEF8F8D8FCC0B5
:1035900004D985A1C1A7DEF8D8F41FF6D8F1A4F8A4
:1035A0008291AF31DB9F719241A7DED88494AF192D
:1035B000D9A8DEF8F8F8A3DFD893FCC00AD9A8DEB2
:1035C000F8D8F41FF6D8F1A4F8A3FAF9D1DB88945F
:1035D000AF4188A1C2D893FCC00AD9A8DEF8D8F1BF
:1035E00091FCC004D9A7FAA3FAAFD0DFF8F8D8AF9E
:1035F000D0FAF9D1B0BCB4BDB8BEDAF3A5859D0848
:10360000D8F1F1A7DEF7849F6A87F1D4FD3EF9D99E
:10361000F42048D8F0F7A7889F52F9D9F42048D869
:10362000F2BBA0F9DAF42048D8F2B380C4F475DC18
:10363000D8F0B1B5BA8A9AA7F02C5078F2A5DEF886
:10364000F8F1B5B2A7879021DBB6B1809729D9F2FE
:10365000A5F8D8BBB2B6BEA1F8F9D1BEBEBEBADAE3
:10366000A5DED8A7829565D185A2D0C1D9B5A78698
:103670009331DBD1F42098D8F3B8B0B4A5859C1869
:10368000D8F1BAB2B68196A1F8F9B9A6DAC3C5C71E
:10369000D92D4D6DD8BA8AAAF8F9B9AEDAC3C5C723
:1036A000D92D4D6DD8BA88A8F8F9A7DAC3C5C7D9FE
:1036B0002D4D6DD8F2B0B9A3FAF9D1DAB88FA7C001
:1036C000F9B58793F60AF2B4A4849724A4849E3CA7
:1036D000D8F3BEBEBBAEF8F9D1BEBEB0B4B8DAA561
:1036E000859E00D8F1BCBCBDBD8E9EA759D1BCBC87
:1036F000BDBDDA859EA508D8F1BCBC8EBEBEAED0DD
:10370000C5BCBCBEBEF7B9B0B5A688955AF9DAF10A
:10371000ABF8D8B8B4F398FCC004DAF42186D8F238
:10372000A9D0F8899BA751D9A9D0DEA4849E2CD812
:10373000A8FA889AA729D9A8DFA4849D34D8A8D04C
:10374000F8889AA751D9A8D0DEA4849D2CD8A8D0F7
:10375000FA889AA779D9A8D0DFA4849D24D8F3A9A0
:10376000D0F8899BA751D9A9D0DEA4849C2CD8F786
:10377000A7889F52F9D9F421B6D8F1B9A2FAF3B8C3
:10378000A9D0FA899BA779D9A9D0DFA4849C24D891
:10379000F2A8F8889AA701D9A8DEA4849D3CD8F79E
:1037A000A7889F42F9D9F421FDD8F3A9F8899BA7EE
:1037B00001D9A9DEA4849C3CD8A9FA899BA729D960
:1037C000A9DFA4849C34D8F2A9FA899BA729D9A996
:1037D000DFA4849E34D8A9D0FA899BA779D9A9D02F
:1037E000DFA4849E24D8F1A7DEF284CA97A424A57E
:1037F00094F60AF78502F8F9D1D9F69B02D8A7B159
:10380000829562F8F9D1D9F423F2D8F0B085A4D02A
:10381000C0DDF2C0DCF6A79F02F9D9F3A5DEDAF02D
:10382000DDF2C8DCD88595A500D986F0DDF2CACCDA
:10383000CEDCD88500D980F0DDF2CCC6CE85CACCEE
:10384000CEDCD88500D9B189F0DDF2C2CAC4DCD89B
:10385000B08500D981F0DDF2C6CE82C0C8DCD88543
:1038600000B1D986F0DDF1C2C4C6DCD8B0F2850063
:10387000D9B287F0DDF1C2C4C6F2BCB081C0DCBCF5
:10388000BCBCD8B08500B1D98FF0DDF2C2C4C6DCB3
:10389000D8B08500D9B18EF0DDF1C2C4C6F2BCB09B
:1038A00081C0DCBCBCBCD8B08500D982F0DDF2C2DE
:1038B000CAC4DCD88500D8F28500D9B18AF0DDF120
:1038C000C2C4C6DCD8B0F28500D9B1F0DDF182C443
:1038D000DCD8B0F3A5F8F9D1D9F42374D8F38595E1
:1038E000A50000D9BEF2BAAEDEBEBEBEBCB281F04B
:1038F000DDF3C8DCBCBCBCD8B0B885A500D9F2BE2D
:10390000BEAADEBEBEBCBC8AF0DDF3C0DCBCBCD847
:1039100085A500D9B9F2A3D0DEB285F0DDF3C8DC0D
:10392000D8B085B8A500D9B38AF0DDF3C0DCD8B033
:103930008500D98FF0DDF3C4DCD885000000D9BC48
:10394000BCB38EF0DDF3C0F1C2DCBCBCD8F3B085F3
:1039500000D9BCBC8EF0DDF3C4DCBCBCD8F3B08EA7
:10396000F4B8A7D0C0D887F3B9A2C6A6C4F7B58E5D
:103970009606F8F9D1DAF4237DD8F38EC0F9B18632
:1039800096F70ADFF330FD08A28210F0DDF382C063
:10399000DCF2B9A3DFF4B18CF3AFC1C3AF8FB49D38
:1039A0003EFD1EB59F30A639D9F423ECD8F7B8B048
:1039B000B4A7849D1AF9D9F423DFD8F1B9B1B5A61B
:1039C000839B61D9F423F2D8F6B8B0B4A784945A93
:1039D000F8F9D1DAF0E2F1B9ABDED8F2B186B9AFDD
:1039E000C3C5C7B8B0B4A7889CF76AF9D9FFD87225
:1039F000B9ABF1DFF762F3F8F9D1DAF1DEF8D8F715
:103A0000BBAF7A9D669E769F76F1A1DFBAA6D0DE27
:103A1000BBF3A0F9DAFFD8B380C4AFD0FAF9D1DA9A
:103A2000BCBCBCF425BAD8F1B8BEBEAED0DEB08402
:103A3000BABEA7C1F788B49D6EF9B2BCBCBCBDBD0F
:103A4000BDDAF4248FD8F1B8BEBEBEAED091FCC0B2
:103A500000DBB695FCC104D9F8F8F8F8D8B491FCAD
:103A6000C004DBB695FCC100D9F8F8F8F8F8F8F80E
:103A7000F8D8BABEF424F6D8F191FCC000DBB695B4
:103A8000FCC104F58795A73AF1F9D9AFDE8FBEBE28
:103A9000A1F4C1F1A2F4C1F1BEBED8B491FCC0043E
:103AA000DBB695FCC100D9AFDEF8FD078F9510DFBE
:103AB000F8F8F8A7DEF8FD07DFF8FD06DFF8FD04EB
:103AC0008F97AFD0DE404850DFF8608FBEBEA0D0E9
:103AD000F4C1F1A1F4C2C5F1A2F4C7F1BEBED8F1A0
:103AE000B081A5C1BC84B8BEBEA9C1F788B4BD9DD4
:103AF0006EF9BCBDDAF42543D8F1A9DEF8FD04DF88
:103B0000F8FD05BC8EBEAED09AFCC000DB9BFCC0AD
:103B100004D99940D89AFCC004DB9BFCC000D99919
:103B200048D8BCBCBCBEBEBEF425ADD8F19AFCC022
:103B300000DB9BFCC004F589A932F9D9F1DEF8FD60
:103B400002DFF8FD07DFF8FD07F8DF89BAA0F4C04F
:103B5000F18BA1D0F4C3F189A2F4C2C5C7F1A3F4DB
:103B6000C7F1B8D89AFCC004DB9BFCC000D9A9DE21
:103B7000F8FD02DFF8FD07DFF8FD07F8DFF8FD04C8
:103B8000F989BAA0F4C0F18BA1D0F4C3F189A2F4F1
:103B9000C2C5C7F1B8D8F18AABC0BCBCBDBDBDBE03
:103BA000BEBED8F1B280BAA7C4BCB28BF475758F13
:103BB000B69CF47581AFF475878BF475758EB69DE0
:103BC000F47581AEF47587B381F475758594F475D9
:103BD00081BBA5F4758780BAF47575B38E9BF475B7
:103BE00081BBAEF47587B383A3F47593F1B28FB63E
:103BF0009FBEBEB9AF7A8E9E7EF5B385B7957C8E9B
:103C00009E7CF1BCBCBDBDB1B58F9FAFD05882AF1B
:103C1000012D5586AF424E7682A2002C5484BDB64B
:103C200090AF51BDBDBDB59F06A4D0488FAFD00A9F
:103C30008474A4D03E8093AF39D1ABD9FADADFD8FF
:103C4000BAADFA839BA769DBB28DB69D69F4266D88
:103C5000D8F1ADDEDFD8F0BCB281BDB691BBA63CD9
:103C6000110C582C50F1BCBCBCB386BDBDBDB79681
:103C7000A62C547C9B7197A5D02AF05078F1D8B827
:103C8000ACDEF8F5B08CB79306F1F9AFDAF8D9DE0F
:103C9000D8B3B6BA86A7C2F4759B93F071716084ED
:103CA00092F47581F1A4F4758783A3F47593B386B8
:103CB000A7C4F4759B95F07171608692F47581A626
:103CC000F4758785A5F47593B386A7C6F4759B9F95
:103CD000F07171608892F47581A8F475878FAFF4E4
:103CE0007593F5B28494B9AF7C86967C88987CF104
:103CF000B18FB59FA5308518F09A3C9918F1BCBCDE
:103D0000B284B9AFC3C5C7BAB6BCBCA78BB59F2D2B
:103D1000557DF5A787B6972C547CF0AC819C0C9709
:103D2000289C1497309C1C9738F1B18FABC3C5C742
:103D3000A7B2819C59DB51AADEF4276AD8F1ACB155
:103D40008E9C48FD02B28B02AADEA78C11DB19DA29
:103D5000AAF8D8F1B5BDBD9BFCC103BDBDD9F428FF
:103D6000EAD8F1B2BCBC84B8BEAEC3C5C7B0BCBC57
:103D7000BCB4BDF08A9EAF6C99618A199E74996932
:103D80008A399E7C99718A59F18F9FAA28FD015426
:103D9000FD017CFD018EA9C2C5C7F08A9AA704283F
:103DA00050F18797AF098FB5BDBDBD9B1EB4BD97C0
:103DB000A7208BBAA7C1C3C5BDB690FCC200BDBDCC
:103DC000BDD9F42877D8F1B286B697A74A99F47589
:103DD000A19AF475818AAAF47593F18697A7529BEC
:103DE000F475A19CF475818CACF47593F18697A75A
:103DF0005A9DF475A19EF475818EAEF47593F18988
:103E0000A9C2C5C787C38BABC2C5C787C58DADC2A5
:103E1000C5C787C7B8AEDE8AB49E64FD018C64FD59
:103E2000018E64FD01B0F08D9EAF6C9C618D199E7A
:103E3000749C698D399E7C9C718D59F18F9FAD2842
:103E4000FD0154FD017CFD018EACC2C5C7F08D9D06
:103E5000A8042850F18898AF098F9B1E98A820D8F5
:103E6000F1B8B1B4BCBCBC84AFC787C1B383C1BC1B
:103E7000B08F9FAF49DAF428A7D8F5917AF19FFC6B
:103E8000C003DB90FCC000D9A1DEF8D8F428B7D875
:103E9000F59172F19FFCC003D9A1DEDFA0DEDFD86F
:103EA000F1A1F8F9D1A0DAF8D9FAD88090AF11DBF6
:103EB000A1DE91FCC104D9A1F8DFA0DED88090AFCB
:103EC00039D9A0DEDFA1DFD8F1BCBCBCBDBDBDBE11
:103ED000BEBED8F1B1B5B9A6F88ABBA4C3A0C5B916
:103EE0008696AF21D9F43031D8F1A6DEA1DEDFDF2E
:103EF000A0DEDFDFDFABDEACDEB38CBBA4D0C4A0C2
:103F0000D0C6B8BEBEBE83A9C1F2BCBC82C381C547
:103F1000F8F1B0BCBDBD9BFCC103B4BDD9F429848C
:103F2000D8F1AADE99FCC100D9AAFADB8A9AA9398C
:103F3000AADEF8D8F5A289923AF192FCC003DADF42
:103F4000D9FAA282DB31DFAADEF8D899FCC103D905
:103F5000AADFD8F28999A971DBDE41F1AADEF8D88F
:103F60009AFCC004DBA8DE98FCC100F8D8F1B1BC13
:103F7000B5BDB9BE8794AF19D983A1C6F42C7AD840
:103F8000F1829FAFDF28FD03DF30FD048F9F348275
:103F9000381DA9DED9F8DAF42AEBD8F18297AF51AF
:103FA000D983A0C783A7D0C2F42A1CD8F18292AFCC
:103FB00059DAF42A1CD8F5B383B7991AF1F8F9D174
:103FC000DAB1B5F42A1CD8F53AF1F8F9D1DAB1B57D
:103FD000F42A1CD8F1B0BCBCBC88AFC1F289C5C7FB
:103FE000F9F9B1BCB5B9F28F9FAF71D9F183A0C611
:103FF000B38CBBA4D0C4A0D0C6B1B9D8F183ACC631
:1040000083A7D0C4D8F1BCBC81AFC3F38BC3F2B3D8
:1040100082C281C5F9F1B1BCBC839FAF09DB8F9E21
:104020003183A1C7A0DFD0DE9FFCC201D9F2AFDE91
:10403000F8F8F88FDB41D9F18EB791BBA2D05CFDC7
:104040003FB5B9D88F93AF21DB83A0C7D0DEA1DF06
:104050009FFCC201D9F2AFDEF8F8F88FDB41D9F14D
:104060008EB791BBA2D05CFD3FB5B9D8F19FFCC221
:1040700001D9F42ABAD8F3BCBCAFD0B18CC4F1B02A
:10408000BC8AAFC5B1BC8093AF39D1D9F3D0F8F9B0
:10409000DBD1F19FFCC104F28F9FAF59F1A0DF8308
:1040A000D0C6D8F1A1D0DE8390AF69DB9169F42A44
:1040B000D4D8F28F9F71D9F183A1D0C6D8F1809363
:1040C000AF19D1D9F42B5AD8F179D1D9F42B5AD8C8
:1040D000F42CBBD8F1829DAF31DAF42B1CD8F183DC
:1040E000A0D0C7B69DFCC204D9BAADDEF8D8B38A59
:1040F000B792BBAF19B188A4D9C5A0C7DAC1A0C314
:10410000D8F42B5AD8F1A1F8F9D1DAF42B5AD8F116
:10411000BAADF8F9D1D983B9A0C6ABC6B38DBBA4EB
:10412000D0C4A0D0C6F42B5AD8F183B9A0D0C7B35D
:104130008AB792BBAF19B1A4D989C3A0C5DA88C127
:10414000A0C3D8F1B185BABEAFC284C782C1C3B221
:10415000BCB6BDA7DFDF8F92A701D9F42B9CD8F1A5
:1041600009D9F42B83D8F1FAF42BCBD8F151D9F437
:104170002B90D8F1FAF42BCBD8F119D9D0F8DAFA80
:10418000D8F42BCBD8F19321D9F42BB0D8F109D99D
:10419000D0F8DAFAD8F42BCBD8F171D9D0F8F42BC7
:1041A000CBD8F159D9D0F8F42BCBD8F19401D9D090
:1041B000F8DAFAD8F1B0BCBC88A7C0B1BC89D0C1CC
:1041C00082AFD0C5B2BCB5BD9BFCC100B6BDBDBD04
:1041D000DB97FCC304FCC000FCC204D9A7DFF8DFF6
:1041E000D8F18F94A771D9F42C14D8F19541D9F452
:1041F0002C14D8F19409DB39D9DFDFF8D8F197FC1A
:10420000C104B1BCBCBC83B9BEBEBEA0D9C6DADE97
:10421000D8FCC204D0D9C7DADFD88EB5BD9BAF4C6D
:10422000BDBD9FFCC100D9F42CBBD8F0B386B69AB3
:10423000BBAB2C5078F1BAAAC3C5C7B8ADF8F9D159
:10424000DADEB38EBBABC7D8B38EB79BBAA769D93A
:10425000B183B59079DBD1B9A0D0DFA1D0C6D8F4B5
:104260002CBBD8F1B0BC81B9AFC0B088C187C1B197
:10427000BCBCBCB5BDBD9BFCC100BDBDDB9FFCC0D3
:10428000048F9E2D8D9F31D9A1DE83A0C6AFDEF8AD
:10429000B3839FF506F1DBFCC104D9B8BEA1DFF8FA
:1042A000BEBEBED8F5B389B793BBA9668BAF02F18A
:1042B0009FFCC003D98FA9D0C0D88999A334AFDEA1
:1042C000F8F5839F06F1FCC104DB9571A2D0DED81E
:1042D000B08DB9A1D0C78FB49FAF11D9A1D0C7D825
:1042E000F1B389BBAFC6F9F58FB79306F19FFCC157
:1042F00003DB83A9C0D8A3DEB9A0D0DEBAAAF8F93F
:10430000D1DAF42D8ED8F1B9B1B5AF839061DB6904
:10431000799169F42D85D8F1DFF8A0FAF9D1D9AFF8
:10432000DFD8AF8C9569D9DFD8AF859C31DB9FFC96
:10433000C100DAF42D62D8F183A0D0C6AF8A9E11F5
:10434000F8D9A0D0809C48D8AADED8F1B385B7951B
:10435000AF71B1B5D9A0D0DED8F183AFC6F88F94D4
:104360001DDB90FCC000A0D0DED8F42D8ED8F1610A
:10437000D1AAD9DEDAF8D8F1B188BBA4D0C5A0D0D3
:10438000C7B590FCC200D9B28EC6A4D0C5BAAEDE05
:10439000F42DBDD8F184B49FBAA769DAAEF8F42D34
:1043A000BDD8F1AEDED8F1B181B59EBBAF02B794F6
:1043B00026B381B59DA102B790268F91A1002CB1A3
:1043C0008094AF12265E6EB38092A2420E763E8F2C
:1043D000A2002C547CAFDEF8F58F99AF06F19FFC5C
:1043E000C103D98AAAC4D88392AF51D9F42E4BD82D
:1043F000F1A2D0DEB69EFCC009DBFCC10AD9B8AE82
:10440000DEBAAEDEFAB7BBF42E4BD8F1B8AEDEF8AA
:10441000BAAEDFF3BCBCBDBDBEBEB0B4BBAFFBDA51
:10442000B8A4D08D941DF1E2D8F1BCBCBDBDBEBE18
:10443000B3B7BBD8F18A92AF19D9F42E8FD8F3BC99
:10444000BCB18BC3BCBCB3F8F9D1D9F42E7DD8F183
:104450008E9141D9F42E7DD8F18993A3C66081A2B3
:10446000D0C7F42F0AD8F1A3DEF8F8F8F8F8F8F876
:10447000F88BAAC6F42F0AD8F181AAC69A6060B157
:1044800081B593AF59B3B7D1D9F42F0AD8F18A9235
:10449000AF21DAA3F8ADDED881AAC58591AF21D9C5
:1044A000F42EE5D8F1A1DFA2DFDF8195A5C76889E9
:1044B00093A3C660ADF8AFDEF8F5899F06F1FCC1A5
:1044C00003DB8D9DAF21A3DEF8D8F42F0AD8F1814C
:1044D000A5C592AF49DAA3F8F8D891AF49DAA3F8A5
:1044E000F8F8F8D8F1A3F8F9D1D9B183B9A1D0C6B9
:1044F000B3BBD8F5839AAF1AF1BEB8AEC189B59EE9
:1045000074FD3FBCBCB18B34B79FFCC000BCBCBCCD
:10451000B0BDB4D9F42F64D8F1A6F88696AE11D9FF
:10452000A6DF88BEBBA9D0C4F2A1D0C6A2D0C6BEA9
:10453000BEBEDBF19EFCC301D9F2BEA1D0F8F8F8F3
:10454000A2D0F8F8F8BEBEBED8F42FA2D8F19EFCD7
:10455000C301D9F58EAE32F1DBFCC00188BEBBA928
:10456000D0C4F2A1D0C6A2D0C6BEBEBEF42FA2D87F
:10457000F1A6FA8696AE39D9A6DE87BEBBA9D0C40D
:10458000F2A1D0C6A2D0C6BEBEBED8F1BCBCBCB3E0
:10459000BDBDBDB7BEBEBEBBA5F8F9D1DA86A7C307
:1045A000C5C7A5DE85A5D0C6D88595AF71DAF42F2D
:1045B000E2D8F18993A360F3BEBEAFF8F9D1DAF384
:1045C000E2D8F1BEBE86A7C3C5C7D8F1AFDFF9896F
:1045D0009F2D830DF599AF1A8F7E9FA812992EF10A
:1045E000DFDFAFDFF9899F4D830DF59BAF028F664B
:1045F000F19FFCC003D9F5A8D0129936D8F188985C
:10460000A610A738869FAFDE00FD0887008FF3AEA7
:10461000C0F1BCBCB182C3BCBCD8F3BCBCBDBDBE88
:10462000BEBBB3B7A2F8F2F8F1809DADD07CF2A288
:10463000FAF9D1F1B9ACD9DEDAF8D8F5BEBEBAA72D
:104640008595788E9E7CBCBCBDBDB2B6F1A989991A
:1046500062F09740996C9748B9B1B5F1AF80912855
:104660008C9F008365D9F43094D8F19DFCC304AFCE
:10467000B289D9C3C1DAC1C3D8F47555D8F2BEBE68
:10468000BCBCBDBDB9B3B7A6819249F9DBF1B18C11
:10469000B59C21D9F5B385B795788E9E7CF1B18D07
:1046A000B59DAD1AF096409D3C9648D8F1B181B5C4
:1046B0009DB9A60A8D9605D9F430FBD8F2B381B71F
:1046C00092BBAF49F9F9DBF1B18CB59CB9A621F4E5
:1046D00030FBD8F1B38EBBA8D0C4C7F3B9ACD0DEE1
:1046E000F4310CD8F1B385BBA8D0C4C7F3B9ACD0B2
:1046F000DEF8DFF8D8F3B59CFCC304DBFCC200D9BC
:10470000F2ACD0DED8F2BBAFB792B38219DBA2DF36
:10471000A1D0C4ACD0C5F3A7D0DFF1B9AADEA1DF28
:10472000B59BFCC100B8BEA7D0DEBEBEBED8F1BBF3
:10473000AF89B79819A980D938D8AF8939A980DA53
:104740003CD8A1F8F9D1DAF9DFF8F4753DF1FFD8DA
:10475000AF2E88F575DAFFD871DAF1FFD882A7F3AA
:10476000C1F280C2F19786492EA6D0509686AF75C9
:10477000D988A2D0F3C0C3F1DA8F96A2D0F3C2C316
:1047800082B69B7070F1D8B7AFDFF98999AF10800E
:104790009F21DA2ED88999AF31DADFD8AF8292F330
:1047A00041D9F1DFD8AF82F319D9F1DFD8F189907F
:1047B000AFD0098F99AF51DB8931F3829219F2B1F1
:1047C0008CB59C71D9F1DFF9F2B9ACD0F8F8F3DF10
:1047D000D8B3B7BB82ACF3C0A28022F1A922269F36
:1047E000AF29DAACDEFFD8A2F2DEF1A9DFF282B89F
:1047F000BEA9C381C5B0BCF1B59BFCC103B4BDD992
:10480000F43233D8F28999A949DAF43233D8F19ADB
:10481000FCC004A7D0D9889730DADED8F1BCB180CB
:10482000BBBEBEBEAFC28CC181C383C7BCBCB38F8D
:10483000B7BDBDBD9FBAA761DB6971FFD8F1BBAD44
:10484000D0DEF8B184B696BAA7D07EB796A701B2EB
:10485000879D05DBB38DB69779F3B18C9649F1BB93
:10486000ADD0F8D8F3B9ACD0F8F9D1D9F1BBADD00F
:10487000F8D8B3B7BB978CAFF379D9F432A6D8F197
:10488000A1819D34AAD08A50F4753DF432C6D8F384
:10489000A7D0FAB59CFCC207D9F8D8B7978CAF79E6
:1048A000DAF18791A16CAAD09A70BBF4753DD8F16A
:1048B00091FCC10AD9F43307D8F181A1C2F9DFF81C
:1048C000809DBAA6D038FD31BBAFDEF382CEF18F2A
:1048D0009008FD0F8D9F65D9F43307D8F1AFDEF254
:1048E0008CCEF2829F25D9F1BAA6D0DEF38DCED838
:1048F000F1B59BFCC103D9BCBDBEF4333BD8F1B8C4
:10490000BEAAD0DEF2B381B792A949D9BCBDF433B7
:104910003BD8F1BCBDB0B48D9731F9F9F9F9F9D9AB
:10492000AAD0F8D8F1BCBCBDBDBEBEB084B8A5C38A
:10493000C5C783A4C3C5C7F0B281B691A33C110C0F
:10494000582C50F1B083B493A32C547C9271F09501
:10495000AE2C50788EBEB9AAC2BCBDD8F2BBB3B7DC
:104960008291AF31DAF433DFD8F18DB796BBA64030
:10497000AC8C9C0C30BA8D9DA739DBF3B18CB6960C
:1049800049D9F184B594B9A4D05EF0B79D38D8F177
:10499000B38DBAA7C6B59CFCC204D9B181B697A79E
:1049A000258B6E81B9A134DAB287B69700FD3EB18E
:1049B00081258B4E81B9A134D8F1BBAAD0DFACDE02
:1049C000D0DEADD0DFF1FFD8F2B3B7AF829C39DBD8
:1049D000F1869009AAD08A9DD974F433FADAF1AA43
:1049E000D0DFD8F3B9ACD0F8F9D1D9F2BBA2FAF83C
:1049F000DAF2BBA2FAD8F2B382B69BBBAF31DBF1DD
:104A000089B59A61D9F2A1D0F8F8D8F282AFC4F88A
:104A1000F8F8F88FB79115DAA1D0C0D882AFC2F9F3
:104A2000D1D9F1B9ACDEADDEDFB9A1DFBBADD0DFEE
:104A3000D8F28291AF31DAF1B1819DB9A13CD8F2BF
:104A4000B3BB8291AF31D1D9F1B181B59BB9A13E50
:104A5000D8F1B38CB79CBBACD010ACDEADD0DF923C
:104A600082AFF1CAF29135F1968FA6D900DBAF8AF9
:104A7000906DD9A68F96018A60AAD0DFF281ACD062
:104A8000C5D8F1FFD8F0B9B1B6AF8D924C7154686A
:104A90005C604479E0D8F1BAB1A48FC0C3C5C7B98E
:104AA000B5F1AA829025F3ADDFD9F8F8D8F1A1814C
:104AB00091F0348238F1AA2DF58A9030D9F3ADFA0D
:104AC000D8F0AA8F9F042851791D301438BCBCBC83
:104AD000A2D08A9A2C50507878BC8290AAF57CF3A8
:104AE000D9ADFAD8F1B8AE82C6B9A181900A819247
:104AF00018A2D081C1F3ADFBF9F1DAA2D0DFD8A2C0
:104B0000D0FAF9D1DAAA829D7E76AD8AD0315CF0F6
:104B1000AA8D9D5478FD7FF18A92559DADD0727E0D
:104B2000D8F4749CE0D8F1B1B982A2D0C2F2A3FA51
:104B3000F3B8A7F8F9D1DAF2E2D8BBB3E0F1B1AF3C
:104B40008F9F3185A5D0DAC6F43572D8F1F8F9D146
:104B5000D9C6F5ADD08D9E7FDAF9D8F1E0F1B697E0
:104B6000A766B793F0717160E0F001295179E0F127
:104B7000C2C5C7B287B6972CFD01E0F1C2C5C7B266
:104B800087C1E0F1B2819766E0F03810284088E0F4
:104B9000F02470594469386448312D5179E0F0248B
:104BA000583D4034492D51E0F187A1002C547CF050
:104BB00081A704285078FD7FF1A787965991A1021B
:104BC0000E161EE0D8F0BEBEBEBCBCBCBDBDBDB3A3
:104BD000BB8CACF478598DADF478598EAEF478591D
:104BE000BCB080BAAFF1DEDFDFD0F2C2CBC5BCBC57
:104BF000BCB28FD0BDB59EF102FD0326FD0346FD7C
:104C000003BDBDBDB590BBAF02F02850F11E91F0C1
:104C10002048F116F0389240B3B78FF2ACC0ADC265
:104C2000AEC4F1A9FAF9D1D9F4364AD8F1A9FAF407
:104C3000381CD8F0B78C9CBAF47828F1C1B38D9D9C
:104C4000BAF47828F11CB38E9EBAF47828F11CB31C
:104C50008FD7FD3EF28DC18EC1F18FD5FD30D4D0FE
:104C6000FD70F1D02AD2F000D2A9DE8FB597AFF552
:104C700040D9F2A9F8D897AFF548D9F3A9F8D8F2F6
:104C8000AFDEF8D4FD0CB78F9D05DAF436C3D8F249
:104C9000B597DEF8D037FD0E3FFD0E8DB79FD005DE
:104CA000D9A9F8D8AF0DD9A9F3F8D8D8F2AFDEF862
:104CB000D4FD0C8F9E05DAF436EED8F2B597DEF807
:104CC000D037FD0E3FFD0E8EB79FD005D9A9F8D87D
:104CD000AF0DD9A9F3F8D8F18CAFDEF2C08FF0D4C4
:104CE000FD309FF500B18804D9A9F2F8D8F5AF24BA
:104CF000D9A9F3F8D8F0AFB389C4C78FD0D4FD4099
:104D0000D5FD40B188D0F544D9A9F2F8D8AFF56CFB
:104D1000D9A9F3F8D8B38FB599F5AF60D9AAF8F44B
:104D20003745D8F1B18AB79FAF59D9AADED8F5B3C4
:104D30008FB599AF68D9AAFADAAADFD8F18AAFD4C9
:104D4000FD00D5FD408FD0F514A9D0D9DEDAF8D812
:104D5000AF3CA9D0D9DFDAFAD8F18AAFD6FD00D7B7
:104D6000FD408F9AD0F504A9D9F2F8D8AFF52CA957
:104D7000D9F3F8D88CAFF2C0F18FD4FD30B79F02D1
:104D8000FD1ED010AFDEF8F8F8F8F8F8BDBDBD9301
:104D9000F502F1BDF8F9D1DAF437BDD8F1B18A9F47
:104DA00059DAF437D3D8F1B18B9FAF51DAF437D356
:104DB000D8F1B59BB38F41D9A9F2F8D8F1AFB79F1D
:104DC000B18A79DAF437F2D8F18B71DAF437F2D8A4
:104DD000F1B59BB38F49D9A9F3F8D8F0A9F2F9F945
:104DE000F9F9F9F9F9AAD0F0DADEF5E2F0D9F8D854
:104DF000A9F3F9F9F9F9F9F9F9AAD0F0DADFF6E24D
:104E0000F0D9FAD8D8F0BCB080BDB490BEB8A0E05C
:104E1000F0AFF2113DF3153DF2B28FD0CDCFF3DFFD
:104E2000DFDFDFF1D4FD70D5FD70D6FD70D7FD70EA
:104E3000B69F0C1018F500B596F518BBAFD0B79F0C
:104E4000E0F0D0F3CFF2CCD0F3CDF2CAD0F3CBF276
:104E5000C8D0F3C9E0000000030000000200000019
:104E60000100000000000000070000000600000034
:104E700005000000040000000B0000000A00000014
:104E800009000000080000000D0000000C000000F8
:104E9000030000000200000001000000000000000C
:104EA00007000000060000000500000004000000EC
:104EB0000B0000000A0000000900000008000000CC
:104EC00001000000000000000300000002000000DC
:104ED00005000000040000000100000000000000C8
:104EE00003000000020000000500000004000000B4
:104EF0000700000006000000090000000800000094
:104F00000B0000000A00000000000000010000008B
:104F10000500000004000000030000000200000083
:104F20000100000000000000FFFF088028000804C6
:104F3000484008108800FFFFFFFF080808880804A1
:104F4000FFFFFFFF082008080840000018001000BD
:104F50000801FFFFFFFF08802800080448400810F0
:104F60008800080808880804FFFFFFFF08200808D9
:104F70000840180010000801FFFF000008804840AA
:104F8000000000000000000000000000385101088F
:104F90000000000000000000000000000000000011
:104FA000001000000F0000000000000000000000E2
:104FB0004451010800000000000000000000000053
:104FC00000000000001000000F00000000000000C2
:104FD000000000002851010800000000000000004F
:104FE00000000000000000000008000010000000A9
:104FF0000000000000000000305101080000000027
:105000000000000000000000000000000008000098
:105010000800000000000000000000000000000088
:105020000000000001020304060708090000000058
:10503000010203040006101600061016004040404E
:10504000404040404040414141414140404040405B
:105050004040404040404040404040404005020207
:1050600002020202020202020202020202202020C6
:105070002020202020202002020202020202909022
:105080009090909010101010101010101010101020
:105090001010101010101010020202020202888874
:1050A0008888888808080808080808080808080880
:1050B0000808080808080808020202024000000068
:1050C0003D500108506C6561736520636865636BD2
:1050D000207468617420796F752068617665207529
:1050E0006E636F6D6D656E746564206C696E6520AE
:1050F0003239202823646566696E652049434D5F17
:1051000032303934385F5553455F444D502920695A
:105110006E2049434D5F32303934385F432E682E5C
:105120002E2E0D0A00000000494D555461736B008E
:105130004C65645461736B0042616C616E636554CD
:1051400061736B0055736172745461736B0000007E
:10515000705101080000002094030000EA0F0008CD
:10516000F4510108940300202C6D0000A8BD000834
:10517000011D180880A244CDCC084209263F0AD759
:10518000233C1A480C011A092A2C212ABE20022687
:1051900041A92C0A1D7C58013449601C0AD7A3B8C8
:1051A00001200B1C60401001121381BD1B08790403
:1051B00001B01397EA1B088D04414B31EC081A2B00
:1051C000085A9514011C1AA3240B249DEBF41338E0
:1051D000025B201D6001192641542BAAA10747A09C
:1051E0000F7F7F0A0D5324F432100227011AAA01FF
:0451F000016000005A
:040000050800018965
:00000001FF
