S315080000005871002061020008CDA600089D730008FB
S31508000010A1A50008CD15000875C20008000000005B
S31508000020000000000000000000000000A101000818
S315080000301D1A000800000000FD0100080DB30008A5
S315080000407B0200087B0200087B0200087B0200088E
S315080000507B0200087B0200087B0200087B0200087E
S315080000607B0200087B0200087B0200089117000843
S31508000070A1170008B11700087B020008C11700087D
S31508000080D11700087B0200087B0200087B020008E3
S315080000907B0200087B0200087B0200087B0200083E
S315080000A0EDB300087B0200087B0200087B0200080B
S315080000B07B0200087B0200087B020008B173000877
S315080000C0A17300087B0200087B0200087B02000877
S315080000D07B02000845C2000855C2000865C2000830
S315080000E07B0200087B0200087B0200087B020008EE
S315080000F07B0200087B0200087B020008E117000863
S315080001007B0200087B0200087B0200087B020008CD
S3150800011035BA000845BA000805B4000815B4000841
S315080001207B0200087B020008F11700087B02000822
S315080001307B0200087B0200087B0200087B0200089D
S315080001407B0200087B0200087B0200087B0200088D
S315080001507B0200087B020008011800087B020008E1
S315080001607B0200087B0200087B0200087B0200086D
S315080001707B0200087B0200087B02000800000000E2
S315080001807B0200087B020008DFF810D000F012FF9F
S315080001900048004721F60008AFF300805871002098
S315080001A02C4B19680868B0E8F04F80F30988BFF34C
S315080001B06F8F4FF0000080F3118870470000000031
S315080001C008480068006880F308884FF0000080F34C
S315080001D0148862B661B6BFF34F8FBFF36F8F00DF27
S315080001E000BF00BF08ED00E0DFF80C00016841F42D
S315080001F070010160704700BF88ED00E0EFF30980E9
S31508000200BFF36F8F134B1A681EF0100F08BF20ED4F
S31508000210108A20E9F04F106009B44FF0500080F3BF
S315080002201188BFF34F8FBFF36F8F11F0CDFA4FF0E0
S31508000230000080F3118809BC19680868B0E8F04F17
S315080002401EF0100F08BFB0EC108A80F30988BFF3C0
S315080002506F8F7047D0030020EFF3058070470000CA
S315080002600648804706480047FEE7FEE7FEE7FEE742
S31508000270FEE7FEE7FEE7FEE7FEE7FEE7D9B300087E
S31508000280890100082DE9F05F0546002092469B4645
S3150800029088460646814640241BE02846414647468E
S315080002A0224600F093FC53465A46C01A914110D391
S315080002B011461846224600F016F82D1A67EB010873
S315080002C04F4622460120002100F00DF817EB0009E1
S315080002D04E41201EA4F10104DFDC484631462A4679
S315080002E04346BDE8F09F202A04DB203A00FA02F1D3
S315080002F0002070479140C2F1200320FA03F3194306
S315080003009040704740EA01039B0703D009E008C9FB
S31508000310121F08C0042AFAD203E011F8013B00F8BC
S31508000320013B521EF9D27047D2B201E000F8012B08
S31508000330491EFBD270470022F6E710B513460A4657
S3150800034004461946FFF7F0FF204610BDCAB2401E04
S3150800035010F8011F8A4202D00029F9D100207047FF
S31508000360421C10F8011B0029FBD1801A704730B5D2
S3150800037004460020034600E05B1C934203D2E05C7F
S31508000380CD5C401BF8D030BD70B500B910680025AB
S3150800039012E00B4602E0A64203D05B1C1C78002C38
S315080003A0F9D1E3B22B4305D02CB125B1002100F8D1
S315080003B0011B04E00546401C0678002EE9D11060B2
S315080003C0284670BD004ADFE72004002010B5034622
S315080003D0002004E0401C491C03F8014B521E012A68
S315080003E002D90C78002CF5D122B100221A7001E04E
S315080003F0401C491C0A78002AFAD110BD0FB400B572
S315080004008DB010A909900B9000914FF0FF300A901B
S3150800041000200C9005480690054807906A4609A8EA
S315080004200F9900F009FC0DB05DF814FB550C000897
S31508000430730C00082DE9FF4F087883B09946FF280A
S3150800044005D0491C2D2804D00024002008E00020EF
S315080004500BE00124F9E700EB800003EB4000491CA0
S315080004600B78FF2BF7D104B140420023029314788E
S3150800047019461D462D2C01D02B2C04D1521C2D2C8F
S3150800048013D000240294AA461478FF2C0FD00A250C
S31508000490A3FB057801FB05814FF0000C03FB0C114B
S315080004A0521CE3194AEB0101EEE70124EAE781440D
S315080004B053EA010002D019F5C87F06DA039800212D
S315080004C0C0E9001107B0BDE8F08F0025AE4E2F46F3
S315080004D0DFF8B882184600F048FDCDE90001B9F109
S315080004E0000002DAC9F1000400E004460023A74A26
S315080004F01AEB030B42EB045A12E0E00707D02A4630
S3150800050033463846414600F0F9F9074688462A46F2
S3150800051033461046194600F0F1F905460E466410B2
S31508000520002CEAD1DDE90001B9F1000F5A4653461D
S3150800053006DA00F055FA3A46434600F051FA05E065
S3150800054000F0DCF93A46434600F0D8F9029A0AB1B7
S3150800055081F00041039AC2E90001B3E72DE9FF4F94
S315080005601F468DB0D7E901464FF0FF382E20454685
S315080005704FF000090B90B9696D1C0E988847396AC7
S31508000580824688470028F6D1BAF1FF3F0AD024F4FC
S31508000590D064002E11DDBAF12B0F08D0BAF12D0F59
S315080005A00BD102E0404611B08DE744F48064B96986
S315080005B06D1C0E9888478246761E6946600501D5E9
S315080005C02D2000E02B208DF8000001F1010B0DF124
S315080005D0200809E0B9696D1C0E98884782460F986D
S315080005E044F40074761E0560002E02DDBAF1300F61
S315080005F0F0D00B998A453ED144F0800406E00F9965
S31508000600681CA9F1010944F400740860B9696D1CF5
S31508000610761E0E98884782463028F0D02BE00B9934
S315080006208A4505D1200603D444F08004761E18E0D6
S3150800063050460CF00FFA08B30DF11301761E44F478
S3150800064000748B4508D2AAF130000BF8010B20067E
S3150800065007D5A9F1010003E0200602D409F101003B
S315080006608146A00502D50F99681C0860B9696D1CFA
S315080006700E9888478246002ED1DC53E0002E51DDC5
S31508000680BAF1650F02D0BAF1450F4BD1A00549D58D
S31508000690B9696D1C24F44074761E0E988847824604
S315080006A0002E0CDD2B2804D0BAF12D0F07D144F407
S315080006B08074B9696D1C0E9888478246761EE005D7
S315080006C001D52D2100E02B2108F8011BCDF82C803F
S315080006D021E00DF12901761E44F4007488450CD2F8
S315080006E0AAF1300010F0FF0088F8000002D10B993B
S315080006F0884509D908F1010806E0E00501D524482E
S3150800070001E042F20F708146B9696D1C0E98884760
S3150800071082460F980560002E04DD50460CF09AF9C3
S315080007200028D6D1F9690E988847FF208BF8000073
S3150800073088F800000020069007904B466A4608A9EC
S3150800074006A8FFF777FEA00502D46FF001002AE796
S3150800075014F0240F0AD0E00714D1DDE90612386830
S31508000760031D3B600068C0E900120BE0DDE90601E5
S3150800077000F0FAF90146E00704D13868021D3A602C
S315080007800068016028460EE7000014400000F03FAC
S31508000790F1D8FFFF70B506460BF006FE046805465D
S315080007A00A220021304600F0C3FA2C6070BD2DE9FC
S315080007B0FE4F804681EA0300C00F0C46009021F0E8
S315080007C0004123F00045B8EB0200A94105D2404696
S315080007D0214690461C460B46024623F0004010432D
S315080007E047D0270DC7F30A00C3F30A510290401AEF
S315080007F0019040286BDAC3F3130040F4801B00987D
S31508000800924620B10023D2EB030A63EB0B0B019847
S315080008105946C0F140025046FFF765FD06460D46AB
S3150800082050465946019A00F0E1F910EB080061417B
S31508000830002487EA115284EAE7731A4340D0009AE3
S3150800084062B3019A012A4FEA075215DC001B61EBD5
S3150800085002014FF0004202EA0752CDE90042001CAD
S3150800086041F5801132462B4600F0E0FA03B0BDE8A8
S31508000870F08F40462146F9E7001B61EB0201001C98
S3150800088041F5801300185B412018A2F5001747EBC5
S31508000890030140EAD570B6196D4111E06D084FEABB
S315080008A0360645EAC0754FEA0752001B61EB02019E
S315080008B0001C41F5801149084FEA300000195141E2
S315080008C032462B4603B0BDE8F04F00F0A0BA0098B8
S315080008D0012240000023D0EB020263EBE07300988C
S315080008E021464FEAE074B8EB000061EB0401E9E742
S315080008F083F000435BE781F0004158E72DE9FE4F9E
S3150800090081EA030404F0004421F0004100944FF00A
S31508000910000B23F0004350EA01045ED052EA0304B8
S315080009205BD0C3F30A54C1F30A552C44A4F2F3343A
S315080009300194A0FB0254C1F3130141F48011C3F3DF
S31508000940130343F4801301FB024400FB034E840A9D
S31508000950970A44EA815447EA8357A4FB0768029535
S315080009608D0A05FB07854FEA932C04FB0C542705D3
S31508000970029D4FEA065847EA1637B5EB08056EEBAF
S31508000980070C870E920E47EA811742EA8312A7FBE5
S315080009900201B6EB0B0164EB00042B0D43EA0C33A2
S315080009A05E1844EB1C50DA465146E7FB0201C5F3D4
S315080009B013044FEA0B3343EA14534FEA0432019CFB
S315080009C043EA0603A4F10C040294009CCDE900B4A2
S315080009D000F02CFA03B0BDE8F08F00200146F9E7D5
S315080009E02DE9F04D81EA030404F0004B21F000459F
S315080009F014464FF0000A23F0004150EA050220D0C1
S31508000A0054EA01021DD0C5F30A570246C5F313037B
S31508000A10C1F31300C1F30A5640F4801543F480135A
S31508000A20A7EB0608101BD64608F2FD3873EB05003F
S31508000A3002D308F1010801E092185B41B8F1000FF2
S31508000A4003DA00200146BDE8F08D00204FF480113E
S31508000A50064684460EE0171B73EB050705D3121BE3
S31508000A6063EB050306434CEA010C49084FEA3000DC
S31508000A7092185B4150EA0107EDD152EA030012D001
S31508000A8082EA040083EA0501084305D0101BAB413E
S31508000A9006D20122002306E000224FF0004302E0BE
S31508000AA06FF0010253101AEB06004CEB085110EBDD
S31508000AB00A0041EB0B01BDE8F04D00F0A8B90EB5F0
S31508000AC0C10F80EAE0700844CA07002140F23343A8
S31508000AD08DE80E000A460B4600F0A8F903B000BDE3
S31508000AE000F0004230F000400AD0C10D01F56071F7
S31508000AF0C0F3160042EA0151C20840071143704785
S31508000B00002001467047000030B5041E71F100044C
S31508000B1004DB4FF00044404264EB0101141E73F1FC
S31508000B20000405DB1C464FF00043524263EB040306
S31508000B308B4208BF824230BD30B5041E71F10004F5
S31508000B4004DB4FF00044404264EB0101141E73F1CC
S31508000B50000405DB1C464FF00043524263EB0403D6
S31508000B60994208BF904230BD01F0004330B421F0ED
S31508000B70004150EA010206D00A0DA2F56072C1F3DF
S31508000B801301002A02DC30BC00207047440F44EAF7
S31508000B90C104C100E01830BC00EBC25000F000B937
S31508000BA030B50B46014600202022012409E021FA2F
S31508000BB002F59D4205D303FA02F5491B04FA02F52C
S31508000BC02844151EA2F10102F1DC30BD202A04DBFF
S31508000BD0203A21FA02F00021704721FA02F3D040A8
S31508000BE0C2F120029140084319467047202A06DBC5
S31508000BF0CB17203A41FA02F043EAE07306E041FADD
S31508000C0002F3D040C2F120029140084319467047CA
S31508000C103A2800D2303820F02002412A01D3A2F126
S31508000C203700884201D34FF0FF30704702681144FD
S31508000C301378016018467047D16004495161044928
S31508000C40116200211161114600F0D4B92D0C00087B
S31508000C50E10F0008426842B1016811F8013B23B16F
S31508000C60521EC0E90012184670470121C160881E4D
S31508000C70704742685AB1C368016843B983688B42B2
S31508000C8005D0491E521CC0E90012002070474FF0DB
S31508000C90FF3070470FB4002300B589B00CA9009146
S31508000CA00B996FF00042CB601E4B06931E4B0793C1
S31508000CB00423CDE901321D4A089202466B460020FC
S31508000CC0FFF74CFC09B05DF814FB70B586B0064614
S31508000CD04FF0FF300091CDE90101002015460C4682
S31508000CE004903246694604A8FFF7D4FF02460498E2
S31508000CF0211825B108B1084600E020462860049866
S31508000D0000280DD0002A02DD0098884208D0081B6A
S31508000D100094CDE901043246694604A8FFF7BAFFF4
S31508000D2006B070BD550C0008730C0008E10F0008EA
S31508000D302DE9F04791460F4680460446002614F8EA
S31508000D40015B2DB100F048F90068405DC007F6D197
S31508000D502B2D02D02D2D18D0641E4A463946204622
S31508000D6000F0E0FA27B13968A14201D1C7F800803E
S31508000D7071054FF002040BD54042002803DD0BF045
S31508000D8013FB0460A007BDE8F08746F48066E4E735
S31508000D900028F8DA0BF008FB04606FF00040F2E771
S31508000DA00029A8BF7047401C490008BF20F0010071
S31508000DB0704710B4B0FA80FC00FA0CF050EA01044F
S31508000DC004BF10BC704749B1CCF1200421FA04F4E1
S31508000DD011FA0CF118BF012121430843A3EB0C01BA
S31508000DE0CB1D4FEA00614FEA102042BF002010BC1D
S31508000DF0704700EBC35010440029A4BF10BC7047CD
S31508000E00401C490008BF20F0010010BC704710B50F
S31508000E10141E73F1000408DA401C41F1000192180F
S31508000E205B411A4301D120F0010010BD2DE9F04DB8
S31508000E3092469B4611B1B1FA81F202E0B0FA80F20D
S31508000E4020329046FFF74FFA04460F4640EA0A005A
S31508000E5041EA0B0153465A46084313D0114653EA52
S31508000E60010019D0C8F140025046FFF7AFFE05460B
S31508000E700E46504659464246FFF735FA084305D00E
S31508000E80012004E020463946BDE8F08D00200543E0
S31508000E9046EAE0762C4337430A986305E40AA0EB52
S31508000EA008000022FD0A44EA47540A3002D5002009
S31508000EB00146E9E7010510196941DDE90845001908
S31508000EC06941BDE8F04DA2E72DE9F04D00231A4629
S31508000ED01B1A8A4103DB00200146BDE8F08DC1F3E9
S31508000EE00A52C1F3130141F480154FF0000BD107E4
S31508000EF002D100186D41521E0027044640F2FF1128
S31508000F00384601EB620A3E468046024600204FF408
S31508000F108011FFF75BFEC2197141BB1846EB010051
S31508000F20B4EB030C75EB000C04D3E41A65EB00056F
S31508000F3017460E46241908F101006D4180463428EB
S31508000F40E3DDF91946EB0600091BA84103D24FF069
S31508000F50FF32134601E0002213461BEB070046EB5F
S31508000F600A51BDE8F04DFFF752BF0EB540F23342C5
S31508000F7002920022CDE900221346FFF757FF03B07D
S31508000F8000BDC1F30A52C1F3130140F2FF3341F425
S31508000F9080119A4202DA00200146704740F2334334
S31508000FA09A42A2F2334202DC5242FFF70FBEFFF723
S31508000FB09AB90000064C074D06E0E06840F00103C8
S31508000FC094E8070098471034AC42F6D3FFF7E0F8E8
S31508000FD0386201085862010800487047A86101088C
S31508000FE010B50446FFF7F8FF0068005D00F0010041
S31508000FF010BD00002DE9F34F8BB04FF0000801F14A
S315080010000C000C464FF0010B46460DF1080A0190FC
S315080010106269012101989047051E2DD0252D2CD0F7
S31508001020216A8847C0B16269012101989047216AFF
S3150800103088470028F7D1411E62690198904700E069
S31508001040761CA1690B988847216A88470028F7D13A
S31508001050E1690B988847DBE7A1690B98884707463B
S31508001060A84201D1761CD3E7E1690B9888477F1C13
S3150800107002D1B8F1000F6FD047E1002762693D46FB
S315080010803946019890472A2804D1626901210198B6
S3150800109090470125DFF888926269012101989047F7
S315080010A0A0F130010A290AD24F45E5DC07EB870192
S315080010B000EB4107303FDFD445F01005ECE7E906C1
S315080010C001D46FF000476C280AD04C2814D0682841
S315080010D015D06A280DD074281CD07A281AD01DE09D
S315080010E062690121019890476C2802D045F00405F1
S315080010F014E045F002050DE045F020050AE06269B6
S31508001100012101989047682802D045F0080505E0B6
S3150800111045F400656269012101989047C4E90157C1
S3150800112065283DD019DC58287AD00CDC452837D0FC
S3150800113004DC252826D0412831D131E046282FD095
S3150800114047282CD12CE05B2877D0612828D0632843
S315080011507CD0642823D15AE0D1E06F2848D008DC37
S3150800116066281DD067281BD0692821D06E2816D17D
S3150800117027E0702845D0732868D0752847D0782886
S315080011800DD14DE0A1690B988847054625283FF4FF
S3150800119069AFE1690B9888476D1C3FF46AAFB4E004
S315080011A023466A466FF001000B99FFF7D7F99FE0CF
S315080011B045F040006060A80723464FF0000236D489
S315080011C03EE0E8077FF447AF2068011D216000680C
S315080011D0290501D506701BE7290701D5068017E7FB
S315080011E0A90703D5F117C0E9006111E706600FE703
S315080011F045F040006060A80723464FF0080216D461
S315080012001EE040F60E0125EA0100606016E045F092
S3150800121040006060A80723464FF00A0207D40FE093
S3150800122045F040006060A80708D5234610226FF0F5
S3150800123001000B99AFF300805AE007E0234610221D
S315080012406FF001000B99AFF3008051E04FF00009F1
S315080012504F464B46632802D05B2807D041E02079E9
S31508001260C00601D40120A06001273AE06269012185
S31508001270019890475E2805D14FF0010962694946F1
S3150800128001989047216939B900210A46534643F81F
S315080012902120491C0829FADBB0B3216969B9C117AD
S315080012A000EBD16253110AEB830122F01F02821A66
S315080012B001200B68904003430B6062690121019885
S315080012C090475D28E8D1B9F1000F09D000205146B2
S315080012D051F82020D24341F82020401C0828F7DB8B
S315080012E002AB224600976FF001000B99AFF300801E
S315080012F000280CDA401C08D1BBF1000F05D04FF0CE
S31508001300FF300DB0BDE8F08FFFE74046F9E7E90783
S3150800131001D108F1010806444FF0000B78E60000F9
S31508001320CCCCCC0C2DE9F05F824600780027154618
S315080013308B460AF10104B946302801D09DB113E065
S3150800134014F8010B0127782803D0582801D045B195
S315080013500AE00DB1102D07D10027102514F8010B4E
S3150800136002E0082500E00A250026B0460EE005FB47
S31508001370080005FB06F1012701EB10461FFA80F865
S31508001380B6F5803F00D3B94614F8010B2946FFF796
S315080013903FFC0028EBDABBF1000F05D00FB1641E45
S315080013A000E05446CBF80040B9F1000F06D00AF029
S315080013B0FBFF02210160C81EBDE8F09F48EA06400F
S315080013C0FAE770B58C1810F8015B15F0070301D120
S315080013D010F8013B2A1106D110F8012B03E010F88A
S315080013E0016B01F8016B5B1EF9D12B0705D40023AD
S315080013F0521E0DD401F8013BFAE710F8013BCB1A4F
S31508001400921C03E013F8015B01F8015B521EF9D543
S31508001410A142D8D3002070BD70B504465B4D6868FC
S3150800142020F440306860686861680843686020682E
S31508001430406820F480702168486020684168206907
S3150800144041EA0020216848602068406820F0407022
S315080014502168486020684068A16808432168486098
S315080014602068806820F400602168886020688068A9
S31508001470E1680843216888604549A06A884218D00F
S315080014802068806820F0706021688860206880681D
S31508001490A16A0843216888602068806820F0405067
S315080014A02168886020688068E16A08432168886046
S315080014B00BE02068806820F07060216888602068EA
S315080014C0806820F04050216888602068806820F095
S315080014D002002168886020688168207E41EA400011
S315080014E0216888602020005DF8B1606A18B1606ADA
S315080014F0082800D804E04FF4F56126A00BF045FE55
S315080015002068406840F400602168486020684068A8
S3150800151020F460402168486020684168606A401E7F
S3150800152041EA40302168486005E02068406820F4B8
S315080015300060216848602068C06A20F4700021684D
S31508001540C8622068C16AA08B401E41EA0050216823
S31508001550C8622068806820F4007021688860206866
S31508001560816894F8300041EA402021688860206844
S31508001570806820F4806021688860206881686069D6
S3150800158041EA80202168886070BD00000023014080
S315080015900100000F2E5C447269766572735C5354C1
S315080015A04D3332463478785F48414C5F44726976E9
S315080015B065725C5372635C73746D33326634787823
S315080015C05F68616C5F6164632E63000000BFFEE7BD
S315080015D010B545484078002871D04448007880B94D
S315080015E001204249087010F075FE41490860002143
S315080015F03D4A1161516101203E4908703E4803F099
S315080016004FFC3C48007801282AD110F063FE38497F
S315080016100968401A3449496888423ED3364803F077
S31508001620F9FC00224FF40061344801F0CBFC10F0BD
S3150800163051FE2F49086000202E4908702A48007874
S31508001640012802D10020284948702748D0E90431EA
S315080016504068181841F10001234AC2E904011CE058
S3150800166010F038FE22490968401A1F4989688842DD
S3150800167013D3214803F014FC10F02CFE1C49086013
S3150800168001201C4908701848D0E9043180681818E8
S3150800169041F10001144AC2E90401134800780328FD
S315080016A021D11148D0E904300F49D1E906219A1A07
S315080016B0884118D300200C49487014E0FFE70E480B
S315080016C003F0A8FC00224FF400610C4801F07AFCF4
S315080016D00020074908600549087006490870202156
S315080016E00148FEF728FE10BD5807002058020020C2
S315080016F054020020590200205C1D0020000C024004
S3150800170010B50222054B1A7001225A701A4650600B
S31508001710916000231446A361E36110BD58070020B9
S3150800172030B50324044D2C7001246C702C4660607F
S31508001730A160C4E9062330BD580700200121064AE6
S315080017401170517011464860002191600022024BC9
S315080017509A61DA61704700005807002000200149A5
S31508001760487070475807002000B59FED061A4FF4D9
S31508001770FA712F20DFED040A9FED040A09F0B0FB89
S3150800178000BD00006666663E2DB29D3E643B9F3EE8
S3150800179010B5024800F054FE10BD00005C20002081
S315080017A010B5024800F04CFE10BD00003C22002097
S315080017B010B5024800F044FE10BD00009C1F002032
S315080017C010B5024800F03CFE10BD0000FC1F0020CA
S315080017D010B5024800F034FE10BD0000DC210020E0
S315080017E010B5024800F02CFE10BD0000BC200020F9
S315080017F010B5024800F024FE10BD00001C21002090
S3150800180010B5024800F01CFE10BD00007C21002027
S315080018100146087810381823B0FBF3F20848805CB4
S31508001820C865032A05D908686FF30900001D88658D
S3150800183003E008686FF309008865886D7047000043
S315080018401C610108014600208A6A8B69CBB932B14E
S31508001850012A0DD0022A03D0032A10D10EE000BFB8
S31508001860CB6A03F08073B3F1807F00D1012007E0D3
S31508001870CB6AB3F1C07F00D1012001E000E000BFD0
S3150800188034E08B69B3F5005F1AD132B1012A07D06B
S31508001890022A03D0032A11D10AE000BF01200EE074
S315080018A0CB6A03F08073B3F1807F00D1012006E094
S315080018B0CB6AB3F1C07F00D1012000E000BF15E07C
S315080018C032B1012A05D0022A04D0032A0CD103E03A
S315080018D000BF00BF012008E0CB6A03F08073B3F1B4
S315080018E0807F00D1012000E000BF00BF704730B5FF
S315080018F00468246824F4802405682C6004686360FE
S315080019008468402C04D10468A2600468E16003E09E
S315080019100468A1600468E26030BD00002DE9F04764
S315080019208AB004460D4691462878402804D1A9F184
S315080019300100285C612803D000200AB0BDE8F087C2
S3150800194095F801A0AAF1310008285AD2DFE800F07C
S3150800195004070A0D101316560120607052E0022083
S3150800196060704FE0032060704CE00420607049E02E
S315080019700520607046E00620607043E000260027D8
S31508001980202102A8FEF7D7FC9FED210A8DED010A5A
S315080019909FED1F0A8DED000A072060705B2128461F
S315080019A0FEF7D4FC06465D212846FEF7CFFC07461F
S315080019B01EB317B3B74220D9B81B401E1FFA80F8CA
S315080019C0B8F1200F18D24246711C02A8FEF79AFCFD
S315080019D0002002A901F808006B4601AA0DA102A879
S315080019E0FEF70CFD022807D19DED010A84ED010AD8
S315080019F09DED000A84ED020A00BF03E0082060702E
S31508001A0000E000BF00BF2046216A8847012094E70E
S31508001A100000000025662C2566000000704710B5FA
S31508001A200446204601F04AF810BD000010B53C21D6
S31508001A30074804F0E3F83C21064804F0DFF83C21A7
S31508001A40054804F0DBF83C21044804F0D7F810BD3B
S31508001A503C1C0020841C0020CC1C0020141D0020E7
S31508001A6072B600BFFEE7000010B51021034801F06A
S31508001A7043FA012800D110BD0020FCE700100240FF
S31508001A8010B5154800F032FB6421134800F0C6FA79
S31508001A90114800F03DF904460F4800F009FCC4F36C
S31508001AA00B0400EE104AB8EE400ADFED0C0A20EEF1
S31508001AB0200AF2EE060A20EE200AF7EE000A20EEC9
S31508001AC0200ADFED070A80EE201A064880ED001A84
S31508001AD090ED000A10BD0000A01B0020295C4F40B5
S31508001AE00000804550020020F8B505460C46002047
S31508001AF000902068122800D804E040F28B6172A09A
S31508001B000BF043FB606818B16068102800D804E041
S31508001B1040F28C616CA00BF038FBA068A0B1A068FD
S31508001B20012811D0A06802280ED0A06803280BD07F
S31508001B30A068042808D0A068052805D0A06806284B
S31508001B4002D0A068072800D104E040F28D615EA0AB
S31508001B500BF01BFB00BF95F83C00012801D10220C1
S31508001B60F8BD012085F83C0000BF2068092816D971
S31508001B702868C06821780A3901EB4102072191409B
S31508001B8088432968C86021780A3901EB4101A068B1
S31508001B9088402968C96808432968C86013E0286826
S31508001BA00069217801EB41020721914088432968A1
S31508001BB00861217801EB4101A06888402968096914
S31508001BC00843296808616068072817D22868406BA7
S31508001BD02179491E01EB81021F219140884329681A
S31508001BE04863208880B22179491E01EB810188402B
S31508001BF02968496B08432968486331E060680D28FD
S31508001C0017D22868006B2179C91F01EB81021F21B1
S31508001C109140884329680863208880B22179C91FC2
S31508001C2001EB810188402968096B08432968086324
S31508001C3016E02868C06A21790D3901EB81021F2157
S31508001C40914088432968C862208880B221790D3975
S31508001C5001EB810188402968C96A08432968C86276
S31508001C60274E28492868884206D12068122803D1B9
S31508001C70706840F4800070602249286888421CD148
S31508001C802068102802D02068112816D1706840F400
S31508001C9000007060206810280FD11B4800681B4997
S31508001CA0B0FBF1F000EB80004000009002E00098E5
S31508001CB0401E009000980028F9D100BF002085F842
S31508001CC03C0000BF00BF4BE72E5C44726976657224
S31508001CD0735C53544D3332463478785F48414C5FD1
S31508001CE04472697665725C5372635C73746D3332E1
S31508001CF0663478785F68616C5F6164632E630000A0
S31508001D0000230140002001409003002040420F00BC
S31508001D1001460868C06C704770B5044600250CB9C2
S31508001D20012070BD8B492068884207D08A492068FF
S31508001D30884203D089492068884200D104E04FF4DC
S31508001D40A17187A00BF021FA606858B16068B0F5F8
S31508001D50803F07D06068B0F5003F03D06068B0F5F3
S31508001D60403F00D104E040F243117DA00BF00DFA8C
S31508001D70A06858B1A068B0F1807F07D0A068B0F11C
S31508001D80007F03D0A068B0F1407F00D104E04FF493
S31508001D90A27173A00BF0F9F9206910B12069012826
S31508001DA000D104E040F245116DA00BF0EEF9207E5B
S31508001DB010B1207E012800D104E04FF4A37168A079
S31508001DC00BF0E3F9A06AE8B3A06AB0F1807F3DD0D2
S31508001DD0A06AB0F1007F39D0A06AB0F1407F35D053
S31508001DE0A06AB0F1806F31D0A06AB0F1A06F2DD093
S31508001DF0A06AB0F1C06F29D0A06AB0F1E06F25D013
S31508001E00A06AB0F1006F21D0A06AB0F1106F1DD0A2
S31508001E10A06AB0F1206F19D0A06AB0F1306F15D062
S31508001E20A06AB0F1406F11D0A06AB0F1506F0DD022
S31508001E30A06AB0F1606F09D0A06AB0F1706F05D0E2
S31508001E40554900E002E0A06A884200D104E040F269
S31508001E50471143A00BF099F9E06818B1E068B0F5AE
S31508001E60006F00D104E04FF4A4713DA00BF08DF98A
S31508001E70E06918B1E069102800D804E040F2491179
S31508001E8037A00BF082F994F8300018B194F83000B6
S31508001E90012800D104E04FF4A57131A00BF075F9C3
S31508001EA06069012804D0606910B16069022800D110
S31508001EB004E040F24B112AA00BF067F92020005DE0
S31508001EC018B12020005D012800D104E04FF4A67166
S31508001ED023A00BF05AF93049A06A884213D0E06A69
S31508001EE058B1E06AB0F1805F07D0E06AB0F1005FF0
S31508001EF003D0E06AB0F1405F00D104E04FF4A87166
S31508001F0017A00BF042F9206C30B9204600F046F8CD
S31508001F100020606484F83C00206C00F0100088B94A
S31508001F20206C20F4885040F0020020642046FFF719
S31508001F3073FA00206064206C20F0020040F0010073
S31508001F40206400E0012500BF002084F83C0000BFA3
S31508001F502846E6E600200140002101400022014013
S31508001F602E5C447269766572735C53544D333246FF
S31508001F703478785F48414C5F4472697665725C5381
S31508001F8072635C73746D3332663478785F68616C3B
S31508001F905F6164632E6300000100000F10B586B010
S31508001FA00446142101A8FEF7C6F919492068884293
S31508001FB02BD100BF002000901648006840F48070BE
S31508001FC0144908600846006800F48070009000BF55
S31508001FD000BF00BF002000900E481438006840F08B
S31508001FE002000C49143908600846006800F002002F
S31508001FF0009000BF00BF012001900320029000203E
S31508002000039001A9044800F06DFD06B010BD00005C
S3150800201000200140443802400004024070B50446DE
S315080020200D4600262068806800F48060B0F5806F51
S3150800203011D12068806800F48070B0F5807F0AD1DD
S31508002040206C40F02000206400BF002084F83C008B
S3150800205000BF012070BD00F0EFFF064618E0681CBF
S31508002060B0B125B100F0E8FF801BA84210D920685E
S31508002070006800F0020002280AD0206C40F0040034
S31508002080206400BF002084F83C0000BF0320E1E77D
S315080020902068006800F002000228E0D16FF0120004
S315080020A021680860206C40F400702064206880680D
S315080020B000F04050B8B9207EA8B92068C06A00F47C
S315080020C0700020B12068806800F4806058B9206CE0
S315080020D020F480702064206C00F4805018B9206CBD
S315080020E040F0010020640020B4E7000038B504463B
S315080020F000200090207E10B1207E012800D104E047
S3150800210040F2D22156A00BF040F8E06A58B1E06AD6
S31508002110B0F1805F07D0E06AB0F1005F03D0E06AF3
S31508002120B0F1405F00D104E040F2D3214CA00BF09F
S315080021302CF800BF94F83C00012801D1022038BDD4
S31508002140012084F83C0000BF2068806800F0010088
S31508002150A0B92068806840F00100216888604E4870
S3150800216000684E49B0FBF1F000EB4000009002E039
S315080021700098401E009000980028F9D120688068D1
S3150800218000F00100002860D0206C40F2016188430D
S3150800219040F4807020642068406800F4806028B1AC
S315080021A0206C20F4005040F480502064206C00F429
S315080021B08050B0F5805F04D1606C20F00600606442
S315080021C001E00020606400BF002084F83C0000BFE6
S315080021D0334D6FF0220021680860686800F01F0020
S315080021E018BB30492068884213D02F492068884296
S315080021F004D1281D006800F01F0050B12B49206843
S3150800220088422AD12648001D006800F01F001028C1
S3150800221023D22068806800F04050F0B920688068B2
S3150800222040F080402168886017E01E49206888428F
S3150800223013D12068806800F0405070B92068806823
S3150800224040F080402168886007E0206C40F010006C
S315080022502064606C40F00100606400206FE70000B5
S315080022602E5C447269766572735C53544D333246FC
S315080022703478785F48414C5F4472697665725C537E
S3150800228072635C73746D3332663478785F68616C38
S315080022905F6164632E6300009003002040420F00D4
S315080022A00023014000200140002101400022014096
S315080022B010B504461A492068884207D0194920688B
S315080022C0884203D018492068884200D104E040F2C9
S315080022D04A3116A00AF059FF00BF94F83C000128BD
S315080022E001D1022010BD012084F83C0000BF2068FF
S315080022F0806820F00100216888602068806800F006
S31508002300010028B9206C20F4885040F001002064B0
S3150800231000BF002084F83C0000BF00BFE2E70000D1
S315080023200020014000210140002201402E5C447239
S3150800233069766572735C53544D3332463478785FE8
S3150800234048414C5F4472697665725C5372635C738C
S31508002350746D3332663478785F68616C5F61646384
S315080023602E63000070B50446A56D00F065FE0646AE
S3150800237094F83500022808D08020606500BF002048
S3150800238084F8340000BF012070BD2068006820F082
S315080023901600216808602068406920F080002168DE
S315080023A04861206C08B9A06C28B12068006820F044
S315080023B00800216808602068006820F0010021688C
S315080023C0086010E000F038FE801B05280BD9202095
S315080023D06065032084F8350000BF002084F83400C7
S315080023E000BF0320D0E72068006800F0010000283D
S315080023F0E8D194F85C103F208840A860012084F852
S31508002400350000BF002084F8340000BF00BFBBE7DA
S31508002410014691F83500022803D08020486501203E
S315080024207047052081F835000868006820F001002B
S315080024300A6810600020F3E7014691F835007047F6
S31508002440F8B50446002000908C4800684FF41651F1
S31508002450B0FBF1F7A56D2E6894F85C10082088404B
S31508002460304098B12068006800F0040070B1206818
S31508002470006820F004002168086094F85C100820C1
S315080024808840A860606D40F00100606594F85C10B3
S3150800249001208840304068B12068406900F080001B
S315080024A040B194F85C1001208840A860606D40F047
S315080024B00200606594F85C1004208840304068B1DA
S315080024C02068006800F0020040B194F85C1004200F
S315080024D08840A860606D40F00400606594F85C1060
S315080024E010208840304078B32068006800F0080063
S315080024F050B394F85C1010208840A86020680068E3
S3150800250000F4802080B12068006800F4002028B913
S31508002510206CC8B12046216C884715E0A06C98B19C
S315080025202046A16C88470FE02068006800F4807098
S3150800253028B92068006820F0080021680860206C27
S3150800254010B12046216C884794F85C1020208840FA
S315080025503040002865D02068006800F01000002888
S315080025605FD094F85C1020208840A86094F8350065
S31508002570052828D12068006820F016002168086020
S315080025802068406920F0800021684861206C08B9FD
S31508002590A06C28B12068006820F00800216808604F
S315080025A094F85C103F208840A860012084F8350024
S315080025B000BF002084F8340000BF206D10B120460B
S315080025C0216D8847F8BD2068006800F4802080B136
S315080025D02068006800F4002028B9606C10B1204615
S315080025E0616C88471DE0E06BD8B12046E16B8847EF
S315080025F017E02068006800F4807068B920680068F1
S3150800260020F0100021680860012084F8350000BF1A
S31508002610002084F8340000BFE06B10B12046E16B5F
S315080026208847606D38B3606D00F00100F0B1052091
S3150800263084F835002068006820F0010021680860E9
S3150800264000BF0098401C0090B84200D905E02068F9
S31508002650006800F001000028F3D100BF012084F8CB
S31508002660350000BF002084F8340000BFE06C10B1CC
S315080026702046E16C884700BFA4E7000090030020CD
S315080026802DE9F0410446002500F0D6FC074614B9AA
S315080026900120BDE8F081C0492068884249D0BE497A
S315080026A018312068884244D0BB49303120688842B6
S315080026B03FD0B9494831206888423AD0B649603196
S315080026C02068884235D0B44978312068884230D0AD
S315080026D0B1499031206888422BD0AF49A83120688B
S315080026E0884226D0AD492068884222D0AB491831A5
S315080026F0206888421DD0A94930312068884218D000
S31508002700A64948312068884213D0A4496031206818
S3150800271088420ED0A14978312068884209D09F495D
S3150800272090312068884204D09C49A83120688842A4
S3150800273000D103E0B7219AA00AF027FD6068D8B156
S315080027406068B0F1007F17D06068B0F1806F13D071
S315080027506068B0F1C06F0FD06068B0F1006F0BD041
S315080027606068B0F1206F07D06068B0F1406F03D0A1
S315080027706068B0F1606F00D103E0B82188A00AF064
S3150800278004FDA06828B1A068402802D0A068802867
S3150800279000D103E0B92182A00AF0F7FCE068B0F5A1
S315080027A0007F01D0E06800B903E0BA217CA00AF0F6
S315080027B0ECFC2069B0F5806F01D0206900B903E010
S315080027C0BB2177A00AF0E1FC606938B16069B0F511
S315080027D0006F03D06069B0F5805F00D103E0BC21CB
S315080027E06FA00AF0D2FCA06938B1A069B0F5005F05
S315080027F003D0A069B0F5804F00D103E0BD2168A0E1
S315080028000AF0C3FCE06930B1E069B0F5807F02D018
S31508002810E069202800D103E0BE2161A00AF0B5FCDA
S31508002820206A58B1206AB0F5803F07D0206AB0F513
S31508002830003F03D0206AB0F5403F00D103E0BF2136
S3150800284057A00AF0A2FC606A10B1606A042800D199
S3150800285003E0C02152A00AF098FC606A002835D02F
S31508002860A06A40B1A06A012805D0A06A022802D051
S31508002870A06A032800D103E0C52149A00AF085FC17
S31508002880E06A58B1E06AB0F5000F07D0E06AB0F127
S31508002890807F03D0E06AB0F1C07F00D103E0C62193
S315080028A03FA00AF072FC206B58B1206BB0F5001FF0
S315080028B007D0206BB0F5800F03D0206BB0F5C00FA2
S315080028C000D103E0C72136A00AF05FFC022084F895
S315080028D0350000BF002084F8340000BF2068006877
S315080028E020F00100216808600AE000F0A5FBC01B83
S315080028F0052805D920206065032084F83500C8E638
S315080029002068006800F001000028EED120680568FC
S3150800291031480540D4E901010843E16808432169C3
S31508002920084361690843A1690843E1690843216AC4
S3150800293008430543606A042803D1D4E90B01084318
S315080029400543206805602068456925F00705606A23
S315080029500543606A04280DD1A06A0543E06A48B1B8
S315080029602046FEF76FFF28B140206065012084F8F5
S3150800297035008EE6206845612046FEF749FF064683
S3150800298094F85C103F208840B06000206065012004
S3150800299084F8350000207CE610600240106402408E
S315080029A02E5C447269766572735C53544D333246B5
S315080029B03478785F48414C5F4472697665725C5337
S315080029C072635C73746D3332663478785F68616CF1
S315080029D05F646D612E6300003F8010F02DE9F047BB
S315080029E004460E4617461D464FF00008D4F8589080
S315080029F01DB1B5F5803F00D204E040F2CB1121A00D
S31508002A000AF0C3FB00BF94F83400012802D1022063
S31508002A10BDE8F087012084F8340000BF94F835003B
S31508002A20012825D1022084F83500002060652B4650
S31508002A303A4631462046FEF75AFF94F85C103F2086
S31508002A408840C9F808002068006840F01600216828
S31508002A500860206C28B12068006840F008002168EA
S31508002A6008602068006840F001002168086006E0F8
S31508002A7000BF002084F8340000BF4FF0020840462B
S31508002A80C6E700002E5C447269766572735C53541F
S31508002A904D3332463478785F48414C5F44726976E4
S31508002AA065725C5372635C73746D3332663478781E
S31508002AB05F68616C5F646D612E63000070B50446E3
S31508002AC000F0BAFA06462546681C10B10448007894
S31508002AD0054400BF00F0B0FA801BA842FAD370BDC7
S31508002AE09C0300202DE9F84306460C464FF00009E2
S31508002AF0C8460025E648864217D0E648864214D0DE
S31508002B00E548864211D0E54886420ED0E44886421A
S31508002B100BD0E448864208D0E348864205D0E3480D
S31508002B20864202D0E248864200D103E0AC21E1A009
S31508002B300AF02BFB208880B220B120686FF30F00C3
S31508002B4000B903E0AD21DBA00AF01FFB606830B3D3
S31508002B506068012823D06068112820D060680228A0
S31508002B601DD0606812281AD06068B0F5881F16D084
S31508002B706068B0F5041F12D06068B0F5441F0ED027
S31508002B806068B0F5901F0AD06068B0F5081F06D0D7
S31508002B906068B0F5481F02D06068032800D103E0DA
S31508002BA0AE21C4A00AF0F1FA00276BE1012000FA71
S31508002BB007F9206800EA0908C8457DD1207900F0A0
S31508002BC00300012804D0207900F00300022823D14D
S31508002BD0E06840B1E068012805D0E068022802D024
S31508002BE0E068032800D103E0C021B2A00AF0CDFABC
S31508002BF0B56879000320884085437900E0688840F5
S31508002C000543B56075680120B84085432079C0F34F
S31508002C100010B84005437560207900F003000328CA
S31508002C2016D0A06828B1A068012802D0A06802289A
S31508002C3000D103E0D1219FA00AF0A7FAF568790030
S31508002C400320884085437900A06888400543F560DD
S31508002C50207900F0030002287ED1206968B3206934
S31508002C60092864D0206940B3206930B3206920B3AD
S31508002C70206910B32069012859D02069012856D047
S31508002C802069022853D02069022850D020690228DA
S31508002C904DD0206903284AD02069042847D02069E6
S31508002CA0042844D02069042841D0206905283ED04C
S31508002CB0206905283BD001E0E3E038E020690928CF
S31508002CC035D02069062832D0206909282FD02069F6
S31508002CD007282CD02069072829D02069072826D05C
S31508002CE02069082823D02069082820D020690828C8
S31508002CF01DD0206909281AD02069092817D020690B
S31508002D000A2814D020690A2811D020690B280ED069
S31508002D1020690C280BD020690C2808D020690D28BA
S31508002D2005D020690C2802D020690F2800D103E0BD
S31508002D30DE2160A00AF029FAF90806F1200050F809
S31508002D4021507807C10E0F20884085437907C90EA0
S31508002D5020698840054300E004E0F90806F12000F0
S31508002D6040F821503568790003208840854320794A
S31508002D7000F003007900884005433560606800F478
S31508002D80403000287DD000BF0020009057480068DA
S31508002D9040F48040554908600846006800F48040C1
S31508002DA0009000BF00BF5248B90850F82150B80734
S31508002DB0010F0F20884085433548864201D10020FF
S31508002DC023E03448864201D101201EE0324886427B
S31508002DD001D1022019E03148864201D1032014E0CE
S31508002DE02F48864201D104200FE02E48864201D1A1
S31508002DF005200AE02C48864201D1062005E02B482A
S31508002E00864201D1072000E00820B907090F88404B
S31508002E1005433748B90840F821503648056825EA79
S31508002E200805606800F4801008B145EA08053148CD
S31508002E300560001D056825EA0805606800F40010AD
S31508002E4008B145EA08052B48001D05602948001FFA
S31508002E50056825EA0805606800F4003008B145EA07
S31508002E6008052448001F0560001F056825EA0805AF
S31508002E70606800F4803008B145EA08051D4808383E
S31508002E8005607F1C102FFFF491AEBDE8F8830000A3
S31508002E90000002400004024000080240000C024004
S31508002EA0001002400014024000180240001C0240B4
S31508002EB0002002402E5C447269766572735C535436
S31508002EC04D3332463478785F48414C5F44726976B0
S31508002ED065725C5372635C73746D333266347878EA
S31508002EE05F68616C5F6770696F2E630044380240E3
S31508002EF008380140083C014070B506460C46A0B2A9
S31508002F0018B1200C000400B904E04FF4BE7105A006
S31508002F100AF03BF93069204008B1012500E0002598
S31508002F20284670BD2E5C447269766572735C53548C
S31508002F304D3332463478785F48414C5F447269763F
S31508002F4065725C5372635C73746D33326634787879
S31508002F505F68616C5F6770696F2E630070B50546C0
S31508002F600C46A0B218B1200C000400B904E04FF4D6
S31508002F70DB7106A00AF009F96E6924EA060006EA7A
S31508002F80040140EA0140A86170BD00002E5C44724D
S31508002F9069766572735C53544D3332463478785F7C
S31508002FA048414C5F4472697665725C5372635C7320
S31508002FB0746D3332663478785F68616C5F67706900
S31508002FC06F2E630070B506460C461546A0B218B1BA
S31508002FD0200C000400B904E040F29D1108A00AF094
S31508002FE0D4F80DB1012D00D104E04FF4CF7104A03F
S31508002FF00AF0CBF80DB1B46101E02004B06170BDF0
S315080030002E5C447269766572735C53544D3332464E
S315080030103478785F48414C5F4472697665725C53D0
S3150800302072635C73746D3332663478785F68616C8A
S315080030305F6770696F2E630001480068704700007B
S3150800304094030020704770472DE9F84F044620681E
S3150800305047692068D0F80480002594F83E90C7F3A5
S31508003060002040B1C8F3002028B145F001056FF4EF
S31508003070807021684861C7F3402040B1C8F300203A
S3150800308028B145F002056FF4007021684861C7F35E
S31508003090802070B3C8F3002058B3CA46B4F82AB0E3
S315080030A094F83D60206B0090BAF1200F0FD1BBF168
S315080030B0000F0CD1212E06D0292E04D0282E06D199
S315080030C00098212803D1204605F08CF811E06FF40A
S315080030D080602168486145F00405B9F1100F02D0F7
S315080030E0B9F1400F05D12068006840F400702168E6
S315080030F00860C7F3C02040B1C8F3002028B145F0E6
S3150800310008056FF40060216848612DB1206C2843DA
S315080031102064204604F0E8F9BDE8F88F2DE9F04769
S3150800312005464FF0000928684668D5F82CA095F89A
S315080031303E7095F83D80102F01D0402F75D1286834
S31508003140D0F818902868446904F0010060B9BAF507
S315080031502A0F02D0BAF12A4F01D1012000E000203F
S31508003160012801D1BDE8F08704F0010048B1C6F393
S31508003170402030B1284604F023F9284604F0C8FD5B
S31508003180B7E0C4F3C00030B1C6F3402018B12846F2
S3150800319004F075FCADE0C4F3400030B1C6F340203E
S315080031A018B1284604F080FCA3E0C9F3800040B3B8
S315080031B02868406800F40060B0F5006FE0D0C4F3FA
S315080031C0C01048B1C6F3802030B1C4F3800018B9E6
S315080031D0284604F0E8FB8CE0C4F380000028CFD032
S315080031E0C6F340200028CBD0B8F1210F03D12846DA
S315080031F004F089FB7DE0402F7BD1284604F0D7FDFB
S3150800320077E02868406800F40060B0F5006F70D079
S31508003210C4F3801050B1C6F3802038B1C4F38000DF
S3150800322020B9284604F0EDFA63E00BE0C4F3800009
S3150800323000285ED0C6F3402000285AD0284604F05D
S3150800324048FA56E0286C10B12868446904E02868F2
S31508003250D0F8189028684469C4F3400060B1C6F3F2
S31508003260402048B1286C10B12868D0F81890494613
S31508003270284604F07FFF3CE0C4F3001030B1C6F3E3
S31508003280402018B1284605F001F832E0B8F1210FC0
S3150800329002D0B8F1290F16D1C4F3C01048B1C6F34D
S315080032A0802030B1C4F3800018B9284604F03FFFE7
S315080032B01FE0C4F38000E0B1C6F34020C8B1284639
S315080032C004F028FF15E0C4F3801048B1C6F3802047
S315080032D030B1C4F3800018B9284604F0F8FE08E0B7
S315080032E0C4F3800028B1C6F3402010B1284604F084
S315080032F0E1FE00BF36E7704770B504460CB90120F9
S3150800330070BDA3492068884207D0A2492068884230
S3150800331003D0A1492068884200D104E040F2C911CF
S315080033209EA009F032FF606820B1AA496068884209
S3150800333000D804E04FF4E57198A009F026FFA068CC
S3150800334018B1A068B0F5804F00D104E040F2CB1167
S3150800335092A009F01AFFE0686FF3090000B904E0CB
S315080033604FF4E6718DA009F010FF2069B0F5804F83
S3150800337003D02069B0F5404F00D104E040F2CD11EA
S3150800338086A009F002FF606910B16069012800D1C2
S3150800339004E04FF4E77181A009F0F7FEA06920F078
S315080033A0FE0000B904E040F2CF117CA009F0EDFE62
S315080033B0E06910B1E069402800D104E04FF4E871F3
S315080033C076A009F0E2FE206A10B1206A802800D1B2
S315080033D004E040F2D11171A009F0D7FE94F83D003F
S315080033E028B9002084F83C00204600F085FB2420FC
S315080033F084F83D002068006820F001002168086014
S315080034002068006840F40040216808602068006869
S3150800341020F400402168086000F0D8FE05466E4991
S315080034206068884206D86D48854201D2012007E0C7
S31508003430002005E06A48854201D2012000E000200C
S31508003440012800D15CE76748B5FBF0F620684068BC
S3150800345020F03F003043216848605F496068884231
S3150800346001D8701C07E04FF4967070434FF47A71D8
S31508003470B0FBF1F0401C2168096A21F03F010843BE
S315080034802168086254496068884214D8681E6168D1
S315080034904900B0FBF1F0401CC0F30B00042801D230
S315080034A004203DE0681E61684900B0FBF1F0401C4D
S315080034B0C0F30B0034E0A06838B9681E616801EBF8
S315080034C04101B0FBF1F0401C0AE0681E616801EB9F
S315080034D0C10202EB0111B0FBF1F0401C40F4804040
S315080034E0C0F30B0008B901201AE0A06848B9681EA5
S315080034F0616801EB4101B0FBF1F0401CC0F30B0021
S315080035000CE0681E616801EBC10202EB0111B0FB19
S31508003510F1F0401CC0F30B0040F4804040F400403A
S315080035202168C9694CF6FF72914308432168C8614E
S31508003530D4E9070108432168096821F0C001084356
S3150800354021680860D4E9031008432168896848F2AD
S31508003550FF329143084321688860D4E9050108438E
S315080035602168C96821F0FF0108432168C8602068FE
S31508003570006840F0010021680860002020642020CF
S3150800358084F83D000020206384F83E0000BFB7E6BB
S315080035900054004000580040005C00402E5C447215
S315080035A069766572735C53544D3332463478785F66
S315080035B048414C5F4472697665725C5372635C730A
S315080035C0746D3332663478785F68616C5F6932632C
S315080035D02E630000801A0600A086010080841E0063
S315080035E000093D0040420F0070477047704770471A
S315080035F0704700002DE9FC5F0446884691461E4642
S31508003600DDE90CAB0E9FFFF717FD0546012E01D02D
S31508003610102E00D104E040F64821BAA009F0B5FD05
S3150800362094F83D00202870D119230122C349204669
S31508003630009504F024FF10B10220BDE8FC9F00BFEE
S3150800364094F83C00012801D10220F6E7012084F80D
S315080036503C0000BF2068006800F0010028B9206817
S31508003660006840F00100216808602068006820F4BE
S31508003670006021680860222084F83D00402084F814
S315080036803E0000202064C4F824A0A4F82AB0608D67
S315080036902085AB48E06233464A4641462046CDE996
S315080036A0007504F0E7FB08B10120C6E7208D88B94C
S315080036B000BF002001902068406901902068806959
S315080036C0019000BF00BF2068006840F400702168C0
S315080036D0086040E0208D012818D12068006820F491
S315080036E080602168086000BF00200190206840695A
S315080036F0019020688069019000BF00BF20680068BB
S3150800370040F400702168086025E0F8E0208D022862
S3150800371016D12068006820F4806021680860206857
S31508003720006840F400602168086000BF002001902E
S3150800373020684069019020688069019000BF0AE00E
S3150800374000BF0020019020684069019020688069C8
S31508003750019000BF00BFC3E0208D03287ED8208DCE
S31508003760012815D12A463946204604F064FF08B1D7
S31508003770012062E720680069616A0870606A401C77
S315080037806062208D401E2085608D401E6085A7E002
S31508003790208D02282AD13B4600226A4920460095F8
S315080037A004F06DFE08B1012047E72068006840F480
S315080037B000702168086020680069616A0870606A9C
S315080037C0401C6062208D401E2085608D401E6085ED
S315080037D020680069616A0870606A401C6062208D12
S315080037E0401E2085608D401E608579E03B4600229C
S315080037F054492046009504F042FE08B101201CE712
S315080038002068006820F480602168086020680069E4
S31508003810616A0870606A401C6062208D401E2085BF
S31508003820608D401E60853B4600224649204600952D
S3150800383004F025FE08B10120FFE62068006840F480
S3150800384000702168086020680069616A0870606A0B
S31508003850401C6062208D401E208500E010E0608DCF
S31508003860401E608520680069616A0870606A401CAD
S315080038706062208D401E2085608D401E60852FE089
S315080038802A463946204604F0D6FE08B10120D4E679
S3150800389020680069616A0870606A401C6062208D51
S315080038A0401E2085608D401E608520684069C0F3F3
S315080038B08000A8B1208D032805D12068006820F46F
S315080038C080602168086020680069616A0870606A1B
S315080038D0401C6062208D401E2085608D401E6085DC
S315080038E0208D00287FF438AF202084F83D00002082
S315080038F084F83E0000BF84F83C0000BF9DE6022025
S315080039009BE600002E5C447269766572735C5354BC
S315080039104D3332463478785F48414C5F4472697655
S3150800392065725C5372635C73746D3332663478788F
S315080039305F68616C5F6932632E63000002001000E5
S315080039400000FFFF040001002DE9FC5F04468846DD
S3150800395091461D46DDE90CAB0E9FFFF76DFB06464B
S31508003960012D01D0102D00D104E040F6CD1152A052
S3150800397009F00BFC94F83D0020287DD1192301227B
S315080039805B492046009604F07AFD10B10220BDE896
S31508003990FC9F00BF94F83C00012801D10220F6E7FD
S315080039A0012084F83C0000BF2068006800F0010090
S315080039B028B92068006840F001002168086020687E
S315080039C0006820F4006021680860212084F83D0022
S315080039D0402084F83E0000202064C4F824A0A4F8FF
S315080039E02AB0608D20854348E0622B464A46414608
S315080039F02046CDE9007604F0EDFA08B10120C6E7C5
S31508003A0031E032463946204604F082FE50B1206C39
S31508003A10042805D12068006840F400702168086011
S31508003A200120B4E7606A007821680861606A401C72
S31508003A306062208D401E2085608D401E608520684E
S31508003A404069C0F3800070B1208D60B1606A00786B
S31508003A5021680861606A401C6062208D401E2085CE
S31508003A60608D401E6085208D0028CAD132463946B1
S31508003A70204604F0D1FC00E01CE050B1206C04287C
S31508003A8005D12068006840F40070216808600120AC
S31508003A907DE72068006840F40070216808602020EF
S31508003AA084F83D00002084F83E0000BF84F83C00FE
S31508003AB000BF6CE702206AE72E5C4472697665727D
S31508003AC0735C53544D3332463478785F48414C5FC3
S31508003AD04472697665725C5372635C73746D3332D3
S31508003AE0663478785F68616C5F6932632E630000BC
S31508003AF0020010000000FFFF10B586B0044614212E
S31508003B0001A8FCF718FC23492068884240D100BF69
S31508003B10002000902048006840F002001E49086016
S31508003B200846006800F00200009000BF00BF4FF48E
S31508003B304070019012200290012003900320049007
S31508003B400420059001A91548FEF7CCFF00BF002008
S31508003B50009011481030006840F400100E491031EA
S31508003B6008600846006800F40010009000BF00BF17
S31508003B70002205211F2000F0F3F81F2000F0B6F8F8
S31508003B8000220521202000F0EBF8202000F0AEF8F6
S31508003B9006B010BD00540040303802400004024010
S31508003BA07047704703480068034909780844014983
S31508003BB008607047940300209C03002010B50D4848
S31508003BC0006840F400700B4908600846006840F435
S31508003BD0806008600846006840F48070086003202A
S31508003BE000F028F90F2000F007F800F055F800203B
S31508003BF010BD0000003C0240F0B587B00446002620
S31508003C00002700BF002000901E48006840F480305E
S31508003C101C4908600846006800F48030009000BF20
S31508003C2000BF01A902A800F0A9FA00F0DFFA4600D1
S31508003C301548B6FBF0F0471E14481549086040F2CF
S31508003C40E7311348C16047600021016181608161E5
S31508003C5000F0D2FF054695B90D4801F021F9054651
S31508003C606DB9182000F042F8102C07D20022214620
S31508003C70182000F075F80748046000E0012528467A
S31508003C8007B0F0BD4438024040420F0000400140F2
S31508003C903C2400209803002008B500BF00200090AF
S31508003CA01148006840F480400F49086008460068DB
S31508003CB000F48040009000BF00BF00BF00200090C5
S31508003CC0081F006840F08050091F08600846006811
S31508003CD000F08050009000BF00BF00220F21901E08
S31508003CE000F03EF808BD00004438024010B504460E
S31508003CF0002C00DB03E0BC210AA009F046FA2046A6
S31508003D0000280DDB00BF00BF00F01F020121914013
S31508003D104209920002F1E022C2F8001100BF00BF7A
S31508003D2000BF10BD2E5C447269766572735C53548D
S31508003D304D3332463478785F48414C5F4472697631
S31508003D4065725C5372635C73746D3332663478786B
S31508003D505F68616C5F636F727465782E630000003C
S31508003D602DE9F05F80460C4615460027102D00D237
S31508003D7003E0A82120A009F008FA102C00D203E0DD
S31508003D80A9211DA009F001FA08F0F2FA07463946FA
S31508003D9022462B4601F00700C0F1070ABAF1040FC4
S31508003DA002D94FF0040A01E0C0F1070AD14600F132
S31508003DB0040ABAF1070F02D24FF0000A01E0A0F197
S31508003DC0030AD4464FF0010A0AFA09FAAAF1010AC7
S31508003DD00AEA020A0AFA0CFA4FF0010B0BFA0CFB74
S31508003DE0ABF1010B0BEA030B4AEA0B0631464046D8
S31508003DF008F0C6FABDE8F09F2E5C447269766572D3
S31508003E00735C53544D3332463478785F48414C5F7F
S31508003E104472697665725C5372635C73746D33328F
S31508003E20663478785F68616C5F636F727465782E44
S31508003E306300000010B50446072C07D0062C05D0F1
S31508003E40052C03D0042C01D0032C00D103E09021CB
S31508003E5009A009F09AF900BF04F00701154A10688D
S31508003E604FF6FF021040144A024342EA0120114A63
S31508003E70106000BF10BD00002E5C44726976657242
S31508003E80735C53544D3332463478785F48414C5FFF
S31508003E904472697665725C5372635C73746D33320F
S31508003EA0663478785F68616C5F636F727465782EC4
S31508003EB0630000000CED00E00000FA0570B504464A
S31508003EC00D460CB9012070BD2068012803D320686F
S31508003ED00F2800D804E040F25A2195A009F055F9B8
S31508003EE06DB1012D0BD0022D09D0032D07D0042D5D
S31508003EF005D0052D03D0062D01D0072D00D104E0ED
S31508003F0040F25B218AA009F040F99748006800F062
S31508003F100700A84209D294490D700846006800F0C7
S31508003F200700A84201D00120CDE7207800F0020062
S31508003F3002283DD1207800F00400042805D18B48DA
S31508003F40006840F4E05089490860207800F00800CD
S31508003F50082805D18548006840F460408349086010
S31508003F60A068B8B1A068802814D0A068902811D09D
S31508003F70A068A0280ED0A068B0280BD0A068C028DA
S31508003F8008D0A068D02805D0A068E02802D0A0688C
S31508003F90F02800D104E040F27E2165A009F0F5F88A
S31508003FA07248006820F0F000A16808436F4908606D
S31508003FB0207800F0010000284ED0606840B16068A3
S31508003FC0012805D06068022802D06068032800D15D
S31508003FD004E040F2852156A009F0D7F86068012868
S31508003FE007D1624808380068C0F34040B8B90120D4
S31508003FF069E76068022802D06068032807D15B4831
S3150800400008380068C0F3406048B901205BE75748A4
S3150800401008380068C0F3400008B9012053E7534840
S31508004020006820F003006168084350490860FFF7FC
S3150800403003F8064608E0FEF7FFFF801B41F28831C9
S31508004040884201D903203EE74848006800F00C0082
S315080040506168B0EB810FEED14348006800F00700B5
S31508004060A84209D940490D700846006800F00700C3
S31508004070A84201D0012026E7207800F00400042891
S315080040801FD1E06878B1E068B0F5805F0BD0E068D2
S31508004090B0F5A05F07D0E068B0F5C05F03D0E06870
S315080040A0B0F5E05F00D104E040F2C32120A009F09A
S315080040B06CF82E48006820F4E050E16808432B4964
S315080040C00860207800F00800082820D1206978B117
S315080040D02069B0F5805F0BD02069B0F5A05F07D0E6
S315080040E02069B0F5C05F03D02069B0F5E05F00D164
S315080040F004E040F2CA210EA009F047F81B48006800
S3150800410020F46040216940EAC1001849086000F0BF
S315080041107DF816490968C1F30311154A515CC84070
S315080041201449086014480068FFF766FD0020CAE6CF
S315080041302E5C447269766572735C53544D3332460D
S315080041403478785F48414C5F4472697665725C538F
S3150800415072635C73746D3332663478785F68616C49
S315080041605F7263632E630000003C02400838024019
S315080041700461010890030020980300200F220260C2
S315080041800D4A126802F0030242600B4A126802F0F6
S31508004190F0028260084A126802F4E052C260064AD7
S315080041A0126802F46042D2080261044A126802F0F8
S315080041B007020A607047000008380240003C0240C7
S315080041C001480068704700009003002000B5FFF71B
S315080041D0F7FF04490968C1F38221034A515CC840C4
S315080041E000BD0000083802401461010800B5FFF759
S315080041F0E7FF04490968C1F34231034A515CC840E4
S3150800420000BD000008380240146101082DE9F04796
S31508004210002400250026A1462548006800F00C0069
S3150800422020B1042805D008283AD105E0DFF88490A3
S3150800423039E0DFF8849036E01D48001F006800F07A
S315080042403F041B48001F006800F4800078B11A4834
S315080042501749091F0968C1F38811A0FB01700146B7
S31508004260224600233846FCF70DF805460EE01148AD
S315080042700F49091F0968C1F38811A0FB017001469F
S31508004280224600233846FBF7FDFF05460848001F6F
S315080042900068C0F30140401C4600B5FBF6F902E091
S315080042A0DFF8109000BF00BF4846BDE8F087000061
S315080042B0083802400024F40000127A00F8B50446D3
S315080042C00CB90120F8BD20680F2800D803E0E621C4
S315080042D0FBA008F05AFF207800F00100002870D0F3
S315080042E0606838B16068B0F5803F03D06068B0F5A3
S315080042F0A02F00D103E0EB21F1A008F046FFFE480D
S31508004300006800F00C0004280DD0FB48006800F097
S315080043100C00082813D1F848001F006800F4800034
S31508004320B0F5800F0BD1F44808380068C0F3404058
S31508004330002859D06068002856D10120C2E700BF7E
S315080043406068B0F5803F08D1EB480838006840F44B
S315080043508030E949083908601EE06068B0F5A02F8A
S315080043600DD1E5480838006840F48020E24908394C
S3150800437008600846006840F4803008600CE0DE48B3
S315080043800838006820F48030DB4908390860084698
S31508004390006820F48020086000BF606890B1FEF7CE
S315080043A04BFE054606E0FEF747FE401B642801D98A
S315080043B0032087E7D04808380068C0F34040002843
S315080043C0F1D011E0FEF738FE054606E0FEF734FEAA
S315080043D0401B642801D9032074E7C74808380068D9
S315080043E0C0F340400028F1D1207800F002000228EE
S315080043F073D1E06810B1E068012800D104E040F20A
S315080044001D11AFA008F0C1FE20691F2800D804E0DE
S315080044104FF48F71AAA008F0B8FEB748006800F0FC
S315080044200C0058B1B448006800F00C0008281CD1EC
S31508004430B148001F006800F48000B0B9AE480838DB
S315080044400068C0F3400020B1E068012801D00120CF
S3150800445038E7A9480838006820F0F800216940EADA
S31508004460C100A5490839086037E0E06800B30120B3
S31508004470A2490860FEF7E0FD054606E0FEF7DCFD0A
S31508004480401B022801D903201CE79B48083800680E
S31508004490C0F340000028F1D097480838006820F09B
S315080044A0F800216940EAC10093490839086014E018
S315080044B0002092490860FEF7BFFD054606E0FEF7B4
S315080044C0BBFD401B022801D90320FBE68A480838B1
S315080044D00068C0F340000028F1D1207800F00800F9
S315080044E0082837D1606910B16069012800D104E055
S315080044F04FF4AF7172A008F048FE6069A8B10120B8
S315080045007F490860FEF798FD054606E0FEF794FD2C
S31508004510401B022801D90320D4E677486C3000688E
S31508004520C0F340000028F1D014E000207449086068
S31508004530FEF782FD054606E0FEF77EFD401B0228D3
S3150800454001D90320BEE66C486C300068C0F3400011
S315080045500028F1D1207800F00400042875D100273E
S31508004560A06828B1A068012802D0A068052800D153
S3150800457004E04FF4C57152A008F007FE5E483830D3
S31508004580006800F0805090B900BF002000905A489B
S315080045903830006840F0805057493831086008467E
S315080045A0006800F08050009000BF00BF0127554802
S315080045B0006800F48070B0B95248006840F4807012
S315080045C050490860FEF738FD054606E0FEF734FD5B
S315080045D0401B022801D9032074E64A48006800F403
S315080045E080700028F2D000BFA068012808D1424890
S315080045F06830006840F001003F49683108601DE0F6
S31508004600A06805280DD13C486830006840F00400D1
S315080046103949683108600846006840F001000860BA
S315080046200CE035486830006820F0010032496831EE
S3150800463008600846006820F00400086000BFA0680B
S31508004640A8B1FEF7F9FC054609E02FE0FEF7F4FCF1
S31508004650401B41F28831884201D9032032E62648B8
S3150800466068300068C0F340000028EFD013E0FEF77A
S31508004670E3FC054608E0FEF7DFFC401B41F2883103
S31508004680884201D903201DE61B4868300068C0F33C
S3150800469040000028EFD1012F07D1174838300068AD
S315080046A020F0805014493831086000BFA06928B14D
S315080046B0A069012802D0A069022825D12AE00000B5
S315080046C02E5C447269766572735C53544D33324678
S315080046D03478785F48414C5F4472697665725C53FA
S315080046E072635C73746D3332663478785F68616CB4
S315080046F05F7263632E630000083802400000474279
S31508004700800E47420070004040F2CD11AFF25000D3
S3150800471008F03BFDA06900287ED06C48006800F0D0
S315080047200C00082879D0A069022877D1E06918B169
S31508004730E069B0F5800F00D105E04FF4EB71AFF2F8
S31508004740800008F022FD206A022803D3206A3F2849
S3150800475000D805E040F2D711AFF29C0008F015FD2D
S31508004760606A322804D3606AB0F5D87F00D805E0BD
S315080047704FF4EC71AFF2B80008F007FDA06A022802
S3150800478008D0A06A042805D0A06A062802D0A06A24
S31508004790082800D105E040F2D911AFF2DC0008F094
S315080047A0F4FCE06A022803D3E06A0F2800D805E083
S315080047B04FF4ED71AFF2F80008F0E7FC0020444929
S315080047C00866FEF739FC054606E0FEF735FC401B91
S315080047D0022801D9032075E53C4808380068C0F36B
S315080047E040600028F1D1D4E907010843616A40EA2C
S315080047F081110122A06AC2EB500041EA00412C2037
S31508004800005D41EA00603149091F0860012030490E
S315080048100866FEF711FC02E055E027E010E00546C1
S3150800482006E0FEF709FC401B022801D9032049E5EA
S31508004830264808380068C0F340600028F1D042E0F6
S31508004840002023490866FEF7F7FB054606E0FEF753
S31508004850F3FB401B022801D9032033E51B4808381F
S315080048600068C0F340600028F1D12CE0A069012857
S3150800487000D127E51548001F0668A069012820D041
S3150800488006F48001E06981421BD106F03F01206AE7
S31508004890814216D147F6C0703040616AB0EB811F7D
S315080048A00FD106F440310122A06AC2EB5000B1EBE9
S315080048B0004F06D106F070612C20005DB1EB006F49
S315080048C001D00120FEE40020FCE400000838024084
S315080048D0000047427047704770B506460C460025EB
S315080048E04E493068884203D04D493068884200D125
S315080048F004E040F2E6714BA008F047FC2068B0F5EA
S31508004900006F01D0206800B904E040F2E77145A0C5
S3150800491008F03BFC6068B0F5806F01D0606800B9AC
S3150800492004E04FF4FD613FA008F02FFCA06858B1E1
S31508004930A068B0F5807F07D0A068B0F5007F03D0E7
S31508004940A068B0F5407F00D104E040F2E97135A0D7
S3150800495008F01BFCE068FF2800D804E040F2EA7182
S3150800496030A008F012FC2069B0F5805F01D02069FC
S3150800497000B904E040F2EB712AA008F006FC606971
S3150800498018B16069B0F5005F00D104E040F2EC713F
S3150800499024A008F0FAFBE069B0F5804F01D0E06981
S315080049A000B904E040F2ED711EA008F0EEFB00BF6E
S315080049B096F83C00012801D1022070BD012086F836
S315080049C03C0000BF25F0FF00E16840EA010525F438
S315080049D04070A16840EA010525F48060616840EAF4
S315080049E0010525F40060216840EA010525F4805098
S315080049F0216940EA010525F40050616940EA01058C
S31508004A0025F48040E16940EA01053068456400BF45
S31508004A10002086F83C0000BF00BFCEE7000001403A
S31508004A20000401402E5C447269766572735C5354C7
S31508004A304D3332463478785F48414C5F4472697624
S31508004A4065725C5372635C73746D3332663478785E
S31508004A505F68616C5F74696D5F65782E630000003E
S31508004A602DE9F04104460D464B49206888421BD083
S31508004A702068B0F1804F17D048492068884213D083
S31508004A804749206888420FD04649206888420BD09B
S31508004A9045492068884207D044492068884203D09F
S31508004AA043492068884200D104E040F2A97141A038
S31508004AB008F06BFB2868A0B12868102811D0286870
S31508004AC020280ED0286830280BD02868402808D01F
S31508004AD02868502805D02868602802D028687028D9
S31508004AE000D104E040F2AA7132A008F04EFB6868D3
S31508004AF0802801D0686800B904E040F2AB712DA0A7
S31508004B0008F043FB00BF94F83C00012802D10220BC
S31508004B10BDE8F081012084F83C0000BF022084F83B
S31508004B203D00206847682068866827F0700728686F
S31508004B300743206847601849206888421BD02068C8
S31508004B40B0F1804F17D015492068884213D0144910
S31508004B50206888420FD01349206888420BD0144930
S31508004B602068884207D022492068884203D0214914
S31508004B702068884205D126F08006686806432068C2
S31508004B808660012084F83D0000BF002084F83C00C0
S31508004B9000BF00BFBCE70000000001400004004061
S31508004BA000080040000C00400010004000140040BF
S31508004BB0000401402E5C447269766572735C535436
S31508004BC04D3332463478785F48414C5F4472697693
S31508004BD065725C5372635C73746D333266347878CD
S31508004BE05F68616C5F74696D5F65782E63000000AD
S31508004BF0004001400018004010B504460CB90120D9
S31508004C0010BD5E492068884233D02068B0F1804FD5
S31508004C102FD05B49206888422BD05A4920688842A1
S31508004C2027D059492068884223D0584920688842A5
S31508004C301FD05749206888421BD0564920688842A9
S31508004C4017D055492068884213D0544920688842AD
S31508004C500FD05349206888420BD0524920688842B1
S31508004C6007D051492068884203D0504920688842B5
S31508004C7000D104E040F213114DA008F086FAA068AE
S31508004C8058B1A068102808D0A068202805D0A068C8
S31508004C90402802D0A068602800D104E04FF48A7149
S31508004CA043A008F072FA206938B12069B0F5807F10
S31508004CB003D02069B0F5007F00D104E040F2151159
S31508004CC03BA008F062FA2068B0F1804F03D02E4965
S31508004CD02068884201D1012000E0002048B9E06838
S31508004CE028B1E068B0F5803F01D2012006E0002037
S31508004CF004E0E06808B1012000E0002000B104E00B
S31508004D004FF48B712AA008F040FAA06910B1A06987
S31508004D10802800D104E040F2171125A008F035FAE2
S31508004D2094F83D0028B9002084F83C00204600F09D
S31508004D305BF8022084F83D00211D206806F072FB0E
S31508004D40012084F8460000BF84F83E0001213F2078
S31508004D500155402001554120015500BF00BF0120E3
S31508004D6084F8420043200155442001554520015549
S31508004D7000BF012084F83D00002041E70000014003
S31508004D800004004000080040000C004000100040ED
S31508004D900014004000040140004001400044014066
S31508004DA00048014000180040001C00400020004058
S31508004DB02E5C447269766572735C53544D33324681
S31508004DC03478785F48414C5F4472697665725C5303
S31508004DD072635C73746D3332663478785F68616CBD
S31508004DE05F74696D2E63000038B50446284920684B
S31508004DF0884218D100BF002000902648006840F07D
S31508004E001000244908600846006800F01000009069
S31508004E1000BF00BF002205213620FEF7A1FF36207D
S31508004E20FEF764FF32E01C492068884218D100BFAB
S31508004E30002000901748006840F0200015490860D7
S31508004E400846006800F02000009000BF00BF00225E
S31508004E5005213720FEF784FF3720FEF747FF15E0C8
S31508004E600E492068884211D100BF002000900948E9
S31508004E70001D006840F002000649091D0860084642
S31508004E80006800F00200009000BF00BF38BD0000B7
S31508004E900010004040380240001400400004014061
S31508004EA070B5044640492068884233D02068B0F17E
S31508004EB0804F2FD03D49206888422BD03C49206836
S31508004EC0884227D03B492068884223D03A4920683F
S31508004ED088421FD03949206888421BD03849206843
S31508004EE0884217D037492068884213D03649206847
S31508004EF088420FD03549206888420BD0344920684B
S31508004F00884207D033492068884203D0324920684E
S31508004F10884200D104E04FF4E87130A008F035F972
S31508004F2094F83D00012801D0012070BD022084F8C4
S31508004F303D002068C06840F001002168C8601A4931
S31508004F40206888421BD02068B0F1804F17D01749D7
S31508004F502068884213D01649206888420FD0154920
S31508004F60206888420BD016492068884207D0154920
S31508004F702068884203D01649206888420CD12068E8
S31508004F80806800F00705062D0CD02068006840F000
S31508004F9001002168086005E02068006840F001000B
S31508004FA0216808600020C0E70000014000040040B6
S31508004FB000080040000C00400010004000140040AB
S31508004FC000040140004001400044014000480140FF
S31508004FD000180040001C0040002000402E5C44726F
S31508004FE069766572735C53544D3332463478785F0C
S31508004FF048414C5F4472697665725C5372635C73B0
S31508005000746D3332663478785F68616C5F74696D85
S315080050102E63000010B504462D492068884233D017
S315080050202068B0F1804F2FD02A49206888422BD0BB
S3150800503029492068884227D028492068884223D0F1
S315080050402749206888421FD02649206888421BD0F5
S3150800505025492068884217D024492068884213D0F9
S315080050602349206888420FD02249206888420BD0FD
S3150800507021492068884207D020492068884203D001
S315080050801F492068884200D104E04FF4FC711DA036
S3150800509008F07BF82068C06820F001002168C86025
S315080050A000BF2068006A41F21111084050B9206813
S315080050B0006A8910084028B92068006820F00100B5
S315080050C02168086000BF012084F83D00002010BD5B
S315080050D0000001400004004000080040000C0040A9
S315080050E00010004000140040000401400040014048
S315080050F0004401400048014000180040001C0040E0
S31508005100002000402E5C447269766572735C5354C5
S315080051104D3332463478785F48414C5F447269763D
S3150800512065725C5372635C73746D33326634787877
S315080051305F68616C5F74696D2E6300002DE9F0414C
S3150800514004460D46002700BF94F83C00012802D10A
S315080051500220BDE8F081012084F83C0000BF02204F
S3150800516084F83D002868B0F5805F1AD02868702852
S3150800517017D02868B0F5005F13D02868402810D0EB
S31508005180286850280DD0286860280AD0286840B1B9
S315080051902868102805D02868202802D028683028D2
S315080051A000D104E041F2C341FDA007F0EEFF2068FC
S315080051B0866826F0770626F47F4620688660286883
S315080051C0502878D00CDC202876D004DC002874D04F
S315080051D0102873D135E2302871D04028F9D1A9E1D9
S315080051E060286DD0702845D0B0F5805F03D0B0F543
S315080051F0005FEED1A8E0F8492068884233D02068DD
S31508005200B0F1804F2FD0F549206888422BD0F44959
S315080052102068884227D0F3492068884223D0F2497B
S31508005220206888421FD0F149206888421BD0F0497F
S315080052302068884217D0EF492068884213D0EE4983
S31508005240206888420FD0ED49206888420BD0EC4987
S315080052502068884207D0EB492068884203D0EA498B
S315080052602068884200D104E041F2CF41CCA007F083
S315080052708CFF16E2D849206888421BD02068B0F116
S31508005280804F17D0D5492068884213D0D449206862
S3150800529088420FD0D349206888420BD0D449206869
S315080052A0884207D0D3492068884203D0D449206869
S315080052B0884206D10AE0A3E0C4E1C1E1EFE1C2E118
S315080052C0EBE041F2D641B6A007F05FFFA86858B1F7
S315080052D0A868B0F5805F07D0A868B0F5005F03D06E
S315080052E0A868B0F5405F00D104E041F2D941ACA00E
S315080052F007F04BFF6868B0F5004F09D0686838B109
S31508005300686828B16868022802D068680A2800D147
S3150800531004E041F2DA41A2A007F037FFE8680F2857
S3150800532000D804E041F2DB419DA007F02EFFD5E945
S3150800533002136A68206806F067F92068866846F0EE
S31508005340770620688660ACE1A3492068884213D0B6
S315080053502068B0F1804F0FD0A049206888420BD052
S315080053609F492068884207D09E492068884203D012
S315080053709F492068884200D104E041F2EE4188A0A6
S3150800538007F003FFA86858B1A868B0F5805F07D092
S31508005390A868B0F5005F03D0A868B0F5405F00D1F3
S315080053A004E041F2F1417EA007F0EFFE6868B0F52F
S315080053B0004F09D0686838B1686828B1686802285B
S315080053C002D068680A2800D104E041F2F24174A0CC
S315080053D007F0DBFEE8680F2800D804E041F2F34145
S315080053E06FA007F0D2FED5E902136A68206806F0B6
S315080053F00BF92068806840F480402168886050E195
S315080054007549206888421BD02068B0F1804F17D0B4
S3150800541072492068884213D07149206888420FD0A3
S315080054207049206888420BD071492068884207D0A5
S3150800543070492068884203D071492068884200D1A3
S3150800544004E041F2025156A007F09FFE6868B0F5E5
S31508005450004F09D0686838B1686828B168680228BA
S3150800546002D068680A2800D104E041F205514CA030
S3150800547007F08BFEE8680F2800D804E041F20651D1
S3150800548047A007F082FEEA686968206806F0AAFA6B
S315080054905021206806F0C3F803E14F492068884286
S315080054A01BD02068B0F1804F17D04C49206888423D
S315080054B013D04B49206888420FD04A492068884251
S315080054C00BD04B492068884207D04A492068884251
S315080054D003D04B492068884200D104E041F21251BA
S315080054E02FA007F052FE6868B0F5004F09D068682B
S315080054F038B1686828B16868022802D068680A283E
S3150800550000D104E041F2155125A007F03EFEE868F7
S315080055100F2800D804E041F2165121A007F035FE05
S31508005520EA686968206806F070FA6021206806F063
S3150800553076F8B6E02849206888421BD02068B0F182
S31508005540804F17D025492068884213D024492068FF
S3150800555088420FD02349206888420BD02449206806
S31508005560884207D023492068884203D02449206806
S31508005570884200D104E041F2225109A007F005FE55
S315080055806868B0F5004F09D0686838B1686828B10E
S315080055906868022802D068680A2837D13CE000000B
S315080055A02E5C447269766572735C53544D33324689
S315080055B03478785F48414C5F4472697665725C530B
S315080055C072635C73746D3332663478785F68616CC5
S315080055D05F74696D2E6300000000014000040040FE
S315080055E000080040000C0040001000400014004075
S315080055F000040140004001400044014000480140C9
S3150800560000180040001C00400020004041F22551CF
S31508005610AFF2740007F0B9FDE8680F2800D805E076
S3150800562041F22651AFF2880007F0AFFDEA686968D3
S31508005630206806F0D7F94021206805F0F0FF30E031
S3150800564000BF00BF00BF1C49206888421BD02068E5
S31508005650B0F1804F17D019492068884213D01849ED
S31508005660206888420FD01749206888420BD016490F
S315080056702068884207D015492068884203D0144913
S315080056802068884200D105E041F23551AFF2F000BA
S3150800569007F07BFD2968206805F0C1FF01E00127B6
S315080056A000BF00BF012084F83D0000BF002084F839
S315080056B03C0000BF38464CE50000014000040040AD
S315080056C000080040000C0040000401400040014072
S315080056D0001800402DE9F04104460D4614B9012092
S315080056E0BDE8F081A449206888421BD02068B0F143
S315080056F0804F17D0A1492068884213D0A049206856
S3150800570088420FD09F49206888420BD09E4920685E
S31508005710884207D09D492068884203D09C49206862
S31508005720884200D104E040F6D8319AA007F02DFD52
S31508005730A06858B1A068102808D0A068202805D00D
S31508005740A068402802D0A068602800D104E040F68E
S31508005750D93190A007F019FD206938B12069B0F554
S31508005760807F03D02069B0F5007F00D104E040F6C1
S31508005770DA3188A007F009FDA06910B1A069802870
S3150800578000D104E040F6DB3182A007F0FEFC286871
S31508005790012805D02868022802D02868032800D1E5
S315080057A004E040F6DC317BA007F0EFFCA86801288E
S315080057B005D0A868022802D0A868032800D104E00A
S315080057C040F6DD3173A007F0E0FCA869012805D092
S315080057D0A869022802D0A869032800D104E040F687
S315080057E0DE316CA007F0D1FC686810B16868022841
S315080057F000D104E040F6DF3166A007F0C6FC686910
S3150800580010B16869022800D104E04FF43E6161A036
S3150800581007F0BBFCE86840B1E868042805D0E868EA
S31508005820082802D0E8680C2800D104E040F6E131E7
S3150800583058A007F0AAFCE86940B1E869042805D031
S31508005840E869082802D0E8690C2800D104E040F687
S31508005850E23150A007F099FC28690F2800D804E027
S3150800586040F6E3314BA007F090FC286A0F2800D8D1
S3150800587004E040F6E43147A007F087FC2068B0F161
S31508005880804F03D03F492068884201D1012000E0BB
S31508005890002048B9E06828B1E068B0F5803F01D239
S315080058A0012006E0002004E0E06808B1012000E0DD
S315080058B0002000B104E040F6E53136A007F065FCAB
S315080058C094F83D0028B9002084F83C00204600F0F2
S315080058D07DF8022084F83D002068806844F20701BC
S315080058E0884321688860211D206805F09BFD206893
S315080058F0D0F80880206886692068076A286840EA20
S31508005900080840F203308643A969A86840EA0120DE
S31508005910064340F60C4086434FF2F0008643E96999
S31508005920E86840EA0120064328690001296A40EA36
S315080059300130064327F0220727F088076969686857
S3150800594040EA011007432068C0F80880206886618D
S3150800595020680762012084F8460084F83E00012189
S315080059603F200155012084F84200432001550120BB
S3150800597084F83D000020B3E6000001400004004022
S3150800598000080040000C00400004014000400140AF
S31508005990001800402E5C447269766572735C535435
S315080059A04D3332463478785F48414C5F44726976A5
S315080059B065725C5372635C73746D333266347878DF
S315080059C05F68616C5F74696D2E63000010B586B000
S315080059D00446142101A8FAF7AEFC814920688842DA
S315080059E039D100BF002000907E48006840F00100D1
S315080059F07C4908600846006800F00100009000BF76
S31508005A0000BF00BF0020009076481438006840F0B8
S31508005A1010007449143908600846006800F0100040
S31508005A20009000BF00BF4FF4206001900220029052
S31508005A3001200390002004900120059001A96A48DE
S31508005A40FDF750F800220F211820FEF789F91820D3
S31508005A50FEF74CF9C1E02068B0F1804F50D100BF85
S31508005A60002000905F48001F006840F001005D4973
S31508005A70091F08600846006800F00100009000BF92
S31508005A8000BF00BF0020009056481438006840F058
S31508005A9001005449143908600846006800F00100FE
S31508005AA0009000BF00BF00BF0020009008460068B5
S31508005AB040F0020008600846006800F00200009006
S31508005AC000BF00BF4FF40040019002200290012061
S31508005AD00390002004900120059001A94348FDF792
S31508005AE001F808200190022002900120039000206E
S31508005AF004900120059001A93D48FCF7F3FF6CE0EE
S31508005B003C492068884232D100BF002000903548C1
S31508005B10001F006840F002003249091F0860084665
S31508005B20006800F00200009000BF00BF00BF002020
S31508005B3000902C481438006840F0010029491439AF
S31508005B4008600846006800F00100009000BF00BF2A
S31508005B50C0200190022002900120039000200490AA
S31508005B600220059001A92148FCF7BCFF35E022492F
S31508005B702068884231D100BF002000901948001FD4
S31508005B80006840F004001749091F086008460068C5
S31508005B9000F00400009000BF00BF00BF0020009086
S31508005BA010481438006840F002000E49143908609D
S31508005BB00846006800F00200009000BF00BFC02041
S31508005BC001900220029001200390002004900220F8
S31508005BD0059001A90648FCF785FF06B010BD000030
S31508005BE00000014044380240001002400000024014
S31508005BF00004024000040040000800402DE9F04778
S31508005C0004460D4694F83E603F20075D94F84280AE
S31508005C10432010F804903F49206888421BD020682A
S31508005C20B0F1804F17D03C492068884213D03B49D1
S31508005C30206888420FD03A49206888420BD03949F3
S31508005C402068884207D038492068884203D03749F7
S31508005C502068884200D104E040F6964134A007F057
S31508005C6094FA6DB9012E02D1B8F1010F02D00120C4
S31508005C70BDE8F087022084F83E0084F8420025E05B
S31508005C80042D0CD1012F02D1B9F1010F01D0012049
S31508005C90EEE702213F2001554320015516E0012E6B
S31508005CA007D1012F05D1B8F1010F02D1B9F1010FC2
S31508005CB001D00120DCE7022084F83E0002213F20C3
S31508005CC00155022084F842004320015515B1042DE0
S31508005CD00CD105E001220021206805F013FC10E034
S31508005CE001220421206805F00DFC0AE001220021AA
S31508005CF0206805F007FC01220421206805F002FC53
S31508005D0000BF00BF2068006840F0010021680860F5
S31508005D100020ADE7000001400004004000080040F4
S31508005D20000C0040000401400040014000180040FB
S31508005D302E5C447269766572735C53544D333246F1
S31508005D403478785F48414C5F4472697665725C5373
S31508005D5072635C73746D3332663478785F68616C2D
S31508005D605F74696D2E630000704770B5044620683D
S31508005D70C5682068066906F00200022819D105F0F0
S31508005D800200022815D1401F2168086101202077EA
S31508005D902068806900F0030018B12046FFF7E4FF89
S31508005DA005E0204600F0CAF8204600F042FB002035
S31508005DB0207706F00400042819D105F00400042809
S31508005DC015D1C043216808610220207720688069C0
S31508005DD000F4407018B12046FFF7C6FF05E02046DC
S31508005DE000F0ACF8204600F024FB0020207706F0EF
S31508005DF00800082819D105F00800082815D1C0435D
S31508005E0021680861042020772068C06900F0030033
S31508005E1018B12046FFF7A8FF05E0204600F08EF8E7
S31508005E20204600F006FB0020207706F01000102818
S31508005E3019D105F01000102815D1C0432168086152
S31508005E40082020772068C06900F4407018B1204601
S31508005E50FFF78AFF05E0204600F070F8204600F0BC
S31508005E60E8FA0020207706F0010048B105F00100A5
S31508005E7030B16FF0010021680861204600F0F2FB9E
S31508005E8006F08000802809D105F08000802805D119
S31508005E90C043216808612046FEF71CFD06F0400055
S31508005EA0402809D105F04000402805D1C0432168A3
S31508005EB00861204600F0EEFB06F02000202809D1F4
S31508005EC005F02000202805D1C04321680861204636
S31508005ED0FEF701FD70BD000010B586B0044614211A
S31508005EE001A8FAF728FA1249206888421DD100BF8E
S31508005EF0002000900F48006840F004000D49086033
S31508005F000846006800F00400009000BF00BF4FF488
S31508005F1070700190022002900120039003200490E3
S31508005F20059001A90448FCF7DDFD06B010BD000088
S31508005F300004014030380240000802407047000063
S31508005F402DE9F04104460D46164600273EB1042EBB
S31508005F5005D0082E03D00C2E01D03C2E00D104E02B
S31508005F6041F282019DA007F010F92868602802D046
S31508005F702868702800D104E041F2830197A007F051
S31508005F8004F9A86810B1A868022800D104E041F213
S31508005F90840192A007F0F9F8286910B12869042845
S31508005FA000D104E041F285018CA007F0EEF800BFAD
S31508005FB094F83C00012802D10220BDE8F0810120B6
S31508005FC084F83C0000BF36B1042E51D0082E70D09C
S31508005FD00C2E6FD1C1E08F49206888422BD02068EB
S31508005FE0B0F1804F27D08C492068884223D08B494E
S31508005FF0206888421FD08A49206888421BD0894970
S315080060002068884217D088492068884213D0874973
S31508006010206888420FD08649206888420BD0854977
S315080060202068884207D084492068884203D083497B
S315080060302068884200D104E041F28F0167A007F08A
S31508006040A4F82946206805F0F3FA2068806940F02C
S315080060500800216888612068806920F004002168AA
S315080060608861206880692969084321688861ACE0ED
S315080060706849206888421BD02068B0F1804F17D045
S3150800608065492068884213D06449206888420FD041
S315080060906349206888420BD062492068884207D045
S315080060A061492068884203D062492068884202D143
S315080060B006E01DE087E04FF4855148A007F065F833
S315080060C02946206805F032FB2068806940F40060A4
S315080060D0216888612068806920F480602168886169
S315080060E020688069296940EA0120216888616CE096
S315080060F048492068884213D02068B0F1804F0FD0F5
S315080061004549206888420BD044492068884207D010
S3150800611043492068884203D042492068884200D112
S3150800612004E041F2B1012DA007F02FF829462068B6
S3150800613005F07EFB2068C06940F008002168C86148
S315080061402068C06920F004002168C8612068C06919
S31508006150296908432168C86137E02E4920688842C2
S3150800616013D02068B0F1804F0FD02B4920688842A1
S315080061700BD02A492068884207D0294920688842D6
S3150800618003D028492068884200D104E041F2C201C0
S3150800619012A006F0FAFF2946206805F0CBFB206816
S315080061A0C06940F400602168C8612068C06920F4AD
S315080061B080602168C8612068C069296940EA0120B1
S315080061C02168C86101E0012700BF00BF00BF0020A9
S315080061D084F83C0000BF3846EFE600002E5C4472A7
S315080061E069766572735C53544D3332463478785FFA
S315080061F048414C5F4472697665725C5372635C739E
S31508006200746D3332663478785F68616C5F74696D73
S315080062102E63000000000140000400400008004012
S31508006220000C0040000401400040014000440140C9
S315080062300048014000180040001C004000200040B3
S3150800624010B504460CB9012010BD5E492068884285
S3150800625033D02068B0F1804F2FD05B492068884240
S315080062602BD05A492068884227D059492068884245
S3150800627023D05849206888421FD057492068884249
S315080062801BD056492068884217D05549206888424D
S3150800629013D05449206888420FD053492068884251
S315080062A00BD052492068884207D051492068884255
S315080062B003D050492068884200D104E040F22C51AE
S315080062C04DA006F062FFA06858B1A068102808D053
S315080062D0A068202805D0A068402802D0A0686028B9
S315080062E000D104E040F22D5143A006F04EFF20698C
S315080062F038B12069B0F5807F03D02069B0F5007FFA
S3150800630000D104E040F22E513BA006F03EFF206883
S31508006310B0F1804F03D02E492068884201D1012070
S3150800632000E0002048B9E06828B1E068B0F5803F91
S3150800633001D2012006E0002004E0E06808B101204F
S3150800634000E0002000B104E040F22F512AA006F038
S315080063501CFFA06910B1A069802800D104E04FF4A1
S31508006360A66125A006F011FF94F83D0028B9002083
S3150800637084F83C00204600F05BF8022084F83D00D3
S31508006380211D206805F04EF8012084F8460000BF5C
S3150800639084F83E0001213F20015540200155412047
S315080063A0015500BF00BF012084F842004320015573
S315080063B0442001554520015500BF012084F83D00C1
S315080063C0002041E7000001400004004000080040AA
S315080063D0000C00400010004000140040000401407A
S315080063E000400140004401400048014000180040B8
S315080063F0001C0040002000402E5C447269766572DD
S31508006400735C53544D3332463478785F48414C5F59
S315080064104472697665725C5372635C73746D333269
S31508006420663478785F68616C5F74696D2E63000006
S315080064307047704770B504460D4671492068884212
S3150800644007D1002D62D0042D60D0082D5ED00C2D0A
S315080064505CD02068B0F1804F07D1002D56D0042DAE
S3150800646054D0082D52D00C2D50D066492068884249
S3150800647007D1002D4AD0042D48D0082D46D00C2D22
S3150800648044D061492068884206D1EDB3042D3DD039
S31508006490082D3BD00C2D39D05C492068884206D19E
S315080064A095B3042D32D0082D30D00C2D2ED0584956
S315080064B02068884206D13DB3042D27D0082D25D063
S315080064C00C2D23D053492068884202D1E5B1042D0A
S315080064D01CD051492068884200D1ADB14F49206887
S315080064E0884200D185B14E492068884202D15DB103
S315080064F0042D0BD04B492068884200D125B14A4962
S315080065002068884203D100E000E005B904E040F2C3
S31508006510B35146A006F039FE15B994F83E000BE0D3
S31508006520042D02D13F20005D06E0082D02D140204F
S31508006530005D01E04120005D012801D0012070BD09
S315080065401DB9022084F83E000EE0042D03D1022175
S315080065503F20015508E0082D03D1022140200155AE
S3150800656002E002214120015501222946206804F053
S31508006570C9FF23492068884203D0254920688842F4
S3150800658001D1012000E0002028B12068406C40F4C9
S315080065900040216848641A49206888421BD0206850
S315080065A0B0F1804F17D017492068884213D0164992
S315080065B0206888420FD01549206888420BD01449B4
S315080065C02068884207D013492068884203D01449B6
S315080065D0206888420CD12068806800F00706062EDD
S315080065E00CD02068006840F001002168086005E0CA
S315080065F02068006840F001002168086000209EE7D6
S31508006600000001400004004000080040000C004063
S315080066100004014000400140004401400048014098
S3150800662000180040001C0040002000402E5C447208
S3150800663069766572735C53544D3332463478785FA5
S3150800664048414C5F4472697665725C5372635C7349
S31508006650746D3332663478785F68616C5F74696D1F
S315080066602E63000010B5044607492068884201D108
S31508006670FDF798FA05492068884203D1C1140448F1
S31508006680FCF76CFC10BD0000004001400010004003
S31508006690000C02407047F8B504460D46164694F8B5
S315080066A0420020282DD105B10EB90120F8BD0120E0
S315080066B020630020606332462946204605F0E0FC48
S315080066C00746206B012819D100BF002000902068DA
S315080066D00068009020684068009000BF00BF00BFB7
S315080066E000BF21680C3151E8001F41F010002168F5
S315080066F00C3141E80002002AF3D100E001273846B0
S31508006700D4E70220D2E7000070B504460E463546A7
S315080067102B492068884207D101202A4908700202BD
S3150800672029492A48FFF7B7FF2949206888420AD12C
S315080067302A462849284803F01FFA4FF4807225494B
S315080067402648FFF7A8FF26492068884216D125481B
S3150800675000784D2809D123484078502805D12A4683
S315080067602049214804F07AFB03E029461D48F9F739
S31508006770E2FD80221B491D48FFF78DFF1C49206852
S3150800678088420AD12A461B491B4804F067FB4FF486
S31508006790007218491948FFF77EFF19492068884290
S315080067A00DD10120174988702A461749174804F061
S315080067B055FB4FF4007214491548FFF76CFF70BD7E
S315080067C000100140B9010020F40A0020C41E002070
S315080067D0004C0040F40B0020501A0020341E002004
S315080067E00044004018100020181700200C1F002035
S315080067F0004800409810002024170020541F00204D
S3150800680000500040CC060020181500203017002044
S315080068107C1E002070B504461B49206888420AD1B0
S315080068202068056820684068C6B24A15174918489E
S31508006830FFF731FF00BF1749206888420AD1206850
S31508006840056820684068C6B2802213491348FFF7D6
S3150800685022FF00BF12492068884205D122681068C5
S3150800686022685268D1B200BF0E49206888420AD110
S315080068702068056820684068C6B28A150A490B4828
S31508006880FFF709FF00BF70BD0048004098100020C0
S31508006890541F002000440040181000200C1F002040
S315080068A000100140004C0040F40B0020341E00206C
S315080068B02DE9F84F0446206805682068C6682068F0
S315080068C047694FF00009CA4605F00F09B9F1000FEC
S315080068D00AD105F0200038B106F0200020B1204684
S315080068E005F0E1F9BDE8F88FB9F1000F7CD007F0A3
S315080068F0010018B906F49070002875D005F001005B
S3150800690030B106F4807018B1606C40F00100606424
S3150800691005F0040030B107F0010018B1606C40F0D2
S315080069200200606405F0020030B107F0010018B1FA
S31508006930606C40F00400606405F0080048B106F099
S31508006940200010B907F0010018B1606C40F008008B
S315080069506064606C002846D005F0200028B106F077
S31508006960200010B1204605F09EF920684069C0F362
S31508006970801A606C00F0080010B9BAF1000F2DD02B
S31508006980204605F037F92068406900F040004028A5
S3150800699020D100BF00BF2168143151E8001F21F043
S315080069A040002168143141E80002002AF3D100BFF3
S315080069B0E06B50B17F48E16B0865E06BFBF728FD9B
S315080069C088B1E06B016D88470DE02046FFF722FF8E
S315080069D009E009E02046FFF71DFF04E02046FFF71F
S315080069E019FF002060647DE7206B012878D105F047
S315080069F01000002874D006F010000028FAD000BF56
S31508006A000020009020680068009020684068009088
S31508006A1000BF00BF2068406900F04000402870D1E0
S31508006A20E06B006840681FFA80F8B8F1000F58D08C
S31508006A30A08D404555DDA4F82E80E06BC069B0F501
S31508006A40807F43D000BF00BF21680C3151E8001F8A
S31508006A5021F4807021680C3141E80002002AF3D144
S31508006A6000BF00BF00BF2168143151E8001F21F0A4
S31508006A7001002168143141E80002002AF3D100BF61
S31508006A8000BF00BF2168143151E8001F21F0400003
S31508006A902168143141E80002002AF3D100BF202002
S31508006AA084F842000020206300BF00BF21680C3133
S31508006AB051E8001F21F0100021680C3141E800025E
S31508006AC0002AF3D100BFE06BFBF74CFC02206063A1
S31508006AD0A08DE28D801A81B22046FFF715FE0EE0E2
S31508006AE052E0A08D40450AD1E06BC069B0F5807FC1
S31508006AF005D102206063A18D2046FFF705FEF1E669
S31508006B00FFE7A08DE18D401A1FFA80F8E08DD0B31B
S31508006B10B8F1000F37D000BF00BF21680C3151E82B
S31508006B20001F21F4907021680C3141E80002002A08
S31508006B30F3D100BF00BF00BF2168143151E8001F20
S31508006B4021F001002168143141E80002002AF3D13E
S31508006B5000BF202084F842000020206300BF00BF49
S31508006B6021680C3151E8001F21F0100021680C3112
S31508006B7041E80002002AF3D100BF022060634146C3
S31508006B802046FFF7C1FDADE605F0800030B106F0FE
S31508006B90800018B1204605F0DFFAA3E605F04000AC
S31508006BA030B106F0400018B1204605F059F899E6CC
S31508006BB000BF97E655BA000810B504460CB901207F
S31508006BC010BDA06900282AD04949206888420BD000
S31508006BD048492068884207D047492068884203D038
S31508006BE046492068884200D104E040F2731144A067
S31508006BF006F0CBFAA06958B1A069B0F5807F07D036
S31508006C00A069B0F5007F03D0A069B0F5407F00D138
S31508006C1023E04FF4BA713AA006F0B7FA1DE03449FA
S31508006C202068884213D03349206888420FD03249F9
S31508006C30206888420BD040492068884207D03F49DF
S31508006C402068884203D02D492068884200D104E094
S31508006C504FF4BC712AA006F098FAA06818B1A0688B
S31508006C60B0F5805F00D104E04FF4BD7124A006F0B2
S31508006C708CFAE06918B1E069B0F5004F00D104E07C
S31508006C8040F27B111EA006F080FA94F8410028B95C
S31508006C90002084F84000204600F052F8242084F8AA
S31508006CA041002068C06820F400502168C86020466A
S31508006CB005F078F82068006920F49040216808619A
S31508006CC02068406920F02A00216848612068C06869
S31508006CD040F400502168C86000206064202084F8D1
S31508006CE0410084F842000020606300BF68E70000A6
S31508006CF000100140004400400048004000140140D4
S31508006D002E5C447269766572735C53544D33324611
S31508006D103478785F48414C5F4472697665725C5393
S31508006D2072635C73746D3332663478785F68616C4D
S31508006D305F756172742E6300004C0040005000407D
S31508006D4010B586B00446142101A8F9F7F4FAFE49ED
S31508006D502068884275D100BF00200090FB48006873
S31508006D6040F40020F94908600846006800F400204D
S31508006D70009000BF00BF00BF00200090F348103805
S31508006D80006840F00400F1491039086008460068B8
S31508006D9000F00400009000BF00BF4FF4406001906F
S31508006DA002200290012003900320049008200590F9
S31508006DB001A9E748FBF796FEE648E749086040055B
S31508006DC048600021E4488160C1604FF48061016138
S31508006DD0002141618161C16101624162FBF750FC9A
S31508006DE008B1FAF73DFE00BFDB48E063846300BFE5
S31508006DF0D8483030D94908604FF0006048604021D3
S31508006E00D64881600021C1604FF48061016100218C
S31508006E1041618161C16101624162FBF731FC08B1E0
S31508006E20FAF71EFE00BFCD48A063846300BF0022A8
S31508006E3005213420FCF794FF3420FCF757FFF0E1D6
S31508006E40FFE7C749206888427ED100BF002000902E
S31508006E50BE48006840F48010BC49086008460068CF
S31508006E6000F48010009000BF00BF00BF0020009013
S31508006E70B6481038006840F00400B4491039086074
S31508006E800846006800F00400009000BF00BF00BF7D
S31508006E90002000900846006840F008000860084690
S31508006EA0006800F00800009000BF00BF8814019039
S31508006EB002200290012003900320049008200590E8
S31508006EC001A9A348FBF70EFE0420019002200290B8
S31508006ED001200390032004900820059001A9A148E9
S31508006EE0FBF700FE9B4830389F490860C00548609C
S31508006EF000219D488160C1604FF4806101610021D5
S31508006F0041618161C16101624162FBF7B9FB08B168
S31508006F10FAF7A6FD00BF9448E063846300BF8D4876
S31508006F207830924908604FF00060486040218F48E9
S31508006F3081600021C1604FF48061016100214161D7
S31508006F408161C161016200E013E04162FBF798FBD1
S31508006F5008B1FAF785FD00BF8448A063846300BFC3
S31508006F60002205213520FCF7FBFE3520FCF7BEFE86
S31508006F7057E17F492068884278D100BF00200090F9
S31508006F807248001D006840F010007049091D08602D
S31508006F900846006800F01000009000BF00BF00BF60
S31508006FA00020009069481038006840F001006749E1
S31508006FB0103908600846006800F00100009000BF1C
S31508006FC000BF4FF4C0600190022002900120039098
S31508006FD0032004900720059001A96648FBF782FD67
S31508006FE06548664908604FF00060486000216348BC
S31508006FF08160C1604FF48061016100214161816156
S31508007000C16101624162FBF73BFB08B1FAF728FD53
S3150800701000BF5A48E063846300BF57487830584930
S3150800702008604FF0006048604021554881600021A3
S31508007030C1604FF480610161002141618161C161D4
S3150800704001624162FBF71CFB08B1FAF709FD00BFB4
S315080070504B48A063846300BF002205212520FCF766
S315080070607FFE2520FCF742FEDBE0FFE74549206866
S31508007070884256D100BF002000903448006840F48A
S315080070800030324908600846006800F40030009075
S3150800709000BF00BF00BF002000902C4810380068D1
S315080070A040F001002949103908600846006800F0D8
S315080070B00100009000BF00BF0C2001900220029042
S315080070C001200390032004900720059001A9294870
S315080070D0FBF708FD1F4848302B4908604FF0006051
S315080070E04860002128488160C1604FF480610161D1
S315080070F0002141618161C16101624162FBF7C0FA09
S3150800710008B1FAF7ADFC00BF1F48E063846300BF0F
S31508007110002205212620FCF723FE2620FCF7E6FDA3
S315080071207FE01A49206888427BD100BF0020009082
S315080071300648006840F4802004490860084600684C
S3150800714000F48020009023E0004C004040380240C4
S3150800715000080240406002409C1F0020FC1F0020DF
S3150800716000500040000C02405C200020BC2000209B
S315080071700010014000000240406402401C2100202B
S315080071807C21002000440040DC210020004800400B
S3150800719000BF00BF00BF002000902348006840F0F1
S315080071A00200214908600846006800F002000090C5
S315080071B000BF00BF4FF440600190022002900120FA
S315080071C00390032004900720059001A91748FBF7B0
S315080071D089FC1748174908604FF00060486000218D
S315080071E014488160C1604FF48061016100214161EA
S315080071F08161C1614FF40031016200214162FBF7F0
S315080072003FFA08B1FAF72CFC00BF0A48E06384632A
S3150800721000BF002205212720FCF7A2FD2720FCF746
S3150800722065FD06B010BD000030380240000402407B
S31508007230286002403C220020704770472DE9F84F2D
S3150800724004460E46174699464FF0000A94F8410040
S31508007250202850D106B117B90120BDE8F88F0020C3
S315080072606064212084F84100FBF7E6FE8246A78485
S31508007270E784A068B0F5805F04D1206910B90025BD
S31508007280B04602E035464FF000081EE0534600229D
S3150800729080212046CDF8009004F08EFF20B12020F2
S315080072A084F841000320D8E745B9B8F80000C0F3D0
S315080072B008002168486008F1020803E02878216878
S315080072C048606D1CE08C401EE084E08C0028DDD10F
S315080072D05346002240212046CDF8009004F06CFF6A
S315080072E020B1202084F841000320B6E7202084F846
S315080072F041000020B1E70220AFE70000F7B50446D9
S31508007300154694F8410020283ED1019800B10DB9E0
S315080073100120FEBD01982062A584E58400206064F2
S31508007320212084F841001948A16BC8631848A16B4D
S3150800733008641848A16BC8640020A16B086501AEF3
S3150800734023681A1D31682B46A06BFBF747FB30B143
S3150800735010206064202084F841000120D9E76FF0EE
S3150800736040002168086000BF00BF2168143151E859
S31508007370001F41F080002168143141E80002002A0C
S31508007380F3D100BF0020C4E70220C2E78FBB000884
S31508007390E7BB000867BA00087047704700BFFEE7FA
S315080073A010B50248FBF750FE10BD0000E81B002090
S315080073B010B50248FBF7B2FE10BD0000E81B00201E
S315080073C0C16AB1F52A0F02D10121C16205E0C16A7D
S315080073D0B1F12A4F01D10821C1627047F8B50546B7
S315080073E000200090AC6B94F83D603948006819217C
S315080073F0B0FBF1F04FF47A71B0FBF1F0C0EBC000CE
S3150800740000EB8000009000BF009820B9206C40F087
S315080074102000206409E00098401E0090206800685B
S3150800742000F40070B0F5007FEED000BF606B10B1BD
S315080074300020616BC863A06B10B10020A16BC86304
S315080074402068006820F48060216808600020608554
S31508007450606B10B10020616B0865A06B10B100204D
S31508007460A16B08652068006820F0010021680860A3
S3150800747094F83D0060280AD1202084F83D000020B9
S3150800748084F83E0020642046FBF7DCFD1EE006F08B
S315080074902800282811D12068006840F001002168DA
S315080074A008602068006840F4806021680860002051
S315080074B02063282084F83D0005E0202084F83D005C
S315080074C0002084F83E002046FBF715FFF8BD0000B3
S315080074D09003002001684969C1F3C01111B1002168
S315080074E002681161704700002DE9F041044694F8DE
S315080074F03D6094F83E70102F01D0402F07D1222E00
S3150800750005D12068006820F400602168086006F04C
S315080075102800282805D100202063282084F83D006B
S3150800752010E02068406800F40060B0F5006F07D0EE
S31508007530602E05D0202084F83D00002084F83E0007
S31508007540002020632068406800F40060B0F5006FF2
S3150800755040D12068406820F4006021684860606B6C
S3150800756090F83500012814D04848616B0865606BAF
S31508007570FAF74EFF00285BD02068006820F001006B
S3150800758021680860202084F83D00606B016D8847FB
S315080075904EE03E48A16B0865A06BFAF739FF002854
S315080075A046D020684069C0F3801030B12068006971
S315080075B0616A0870606A401C60622068006820F092
S315080075C0010021680860202084F83D00A06B016D49
S315080075D088472DE094F83D0060281AD1202084F8C9
S315080075E03D000020206420684069C0F3801030B157
S315080075F020680069616A0870606A401C60622068D9
S31508007600006820F00100216808602046FBF71AFD93
S315080076100EE020684069C0F3801030B12068006928
S31508007620616A0870606A401C60622046FBF763FE68
S31508007630256C05F0010058B905F00200022807D0AC
S3150800764005F00400042803D005F00800082805D131
S315080076502068406820F4E0602168486094F83D603E
S31508007660206C00F0040004280ED1282E0CD10848FE
S31508007670E06200202063202084F83D00002084F882
S315080076803E002046FBF7B0FFBDE8F081DD73000839
S315080076900000FFFF014608684069C0F38020B0B1CA
S315080076A06FF480600A68506100200863202081F822
S315080076B03D00002081F83E00086C40F00400086494
S315080076C000BF002081F83C0000BF01207047002061
S315080076D0FCE770B50446E56A608D042810D1206879
S315080076E0406820F480602168486020680069616A03
S315080076F00870606A401C6062608D401E60857FE08D
S31508007700608D03281AD12068406820F480602168BB
S315080077104860042D07D0022D05D02068006820F4A3
S3150800772080602168086020680069616A0870606A7C
S31508007730401C6062608D401E608561E0608D022895
S3150800774054D1012D01D0102D06D12068006820F4EF
S3150800775080602168086010E0042D01D0022D06D152
S315080077602068006840F480602168086005E02068A9
S31508007770006840F400702168086020680069616A42
S315080077800870606A401C6062608D401E60852068D3
S315080077900069616A0870606A401C6062608D401EFC
S315080077A060852068406820F4407021684860202081
S315080077B084F83D0094F83E00402807D1002084F85C
S315080077C03E0020632046FBF712FF19E0002084F8EC
S315080077D03E00082D01D0202D02D10020206301E0B3
S315080077E0122020632046FBF700FF09E020680069A5
S315080077F0616A0870606A401C6062608D401E608520
S3150800780070BD70B5044694F83D0022287AD1E66A20
S31508007810658D032D13D920680069616A0870606A4E
S31508007820401C6062608D401E6085608D032868D1AB
S315080078302068406820F480602168486061E0E06A5A
S31508007840022858D0012D01D0002D54D1204600F031
S3150800785037FFA0BB2068006820F4806021680860B4
S315080078602068406820F4E060216848602068006964
S31508007870616A0870606A401C6062608D401E60859F
S31508007880202084F83D0094F83E00402807D10020C7
S3150800789084F83E0020632046FBF7A9FE31E000206D
S315080078A084F83E00082E01D0202E02D10020206345
S315080078B001E0122020632046FBF797FE21E0FFE750
S315080078C02068406820F4E060216848602068006904
S315080078D0616A0870606A401C6062608D401E60853F
S315080078E0202084F83D00002084F83E002046FBF75F
S315080078F002FD06E006E02068406820F48060216802
S31508007900486000BF70BD70B50446E56A94F83D004E
S31508007910212847D1608D50B1606A007821680861D6
S31508007920606A401C6062608D401E60853AE0082DE2
S3150800793016D0202D14D015F5803F11D02068406848
S3150800794020F4E0602168486011202063002084F854
S315080079503E00202084F83D002046FBF747FE21E044
S315080079602068406820F4E060216848602068006864
S3150800797040F400702168086000202063202084F805
S315080079803D0094F83E00402806D1002084F83E00C9
S315080079902046FBF72DFE05E0002084F83E00204631
S315080079A0FBF724FE70BD2DE9F041044694F83D50DE
S315080079B094F83E70E66A208DB0BB212D3CD1082E86
S315080079C016D0202E14D016F5803F11D020684068B6
S315080079D020F4E0602168486011202063002084F8C4
S315080079E03E00202084F83D002046FBF7FFFD44E0DA
S315080079F02068406820F4E0602168486020680068D4
S31508007A0040F400702168086000202063202084F874
S31508007A103D0094F83E00402807D1002084F83E0037
S31508007A202046FBF7E5FD28E006E0002084F83E0046
S31508007A302046FBF7DBFD20E0212D03D0402F1CD18B
S31508007A40222D1AD1608D30B92068406820F48060F4
S31508007A502168486011E094F83E00402803D120468A
S31508007A6000F0A5F909E0606A007821680861606A93
S31508007A70401C6062608D401E6085BDE8F081416CE7
S31508007A80C9B202681161416B11B1416BC96B21B969
S31508007A90816B41B1816BC96B29B10168496841F4B1
S31508007AA0006102685160704738B590F83E20C16A97
S31508007AB0036B90F83D40222C73D1046D64B9402ABB
S31508007AC00AD100BF0024009404686469009404681D
S31508007AD0A469009400BF1AE1046DC4B90469B4F539
S31508007AE0404F14D100BF00240094046864690094D0
S31508007AF00468A469009400BF00BF0468246844F4BD
S31508007B00807405682C60046D641C0465FFE0448D70
S31508007B108CB900BF00240094046864690094046862
S31508007B20A469009400BF00BF0468246844F4007484
S31508007B3005682C60DDE0448D012C72D111F5803F7B
S31508007B4030D10468246824F4806405682C600468CD
S31508007B50646804F40064B4F5006F10D104682468FE
S31508007B6024F4806405682C6000BF0024009404682F
S31508007B70646900940468A469009400BFB9E000BF72
S31508007B80002400940468646900940468A469009455
S31508007B9000BF00BF0468246844F4007405682C60BC
S31508007BA0A7E0A9E0082923D0202921D0122B01D14A
S31508007BB001291DD104290AD0022908D0102906D086
S31508007BC00468246824F4806405682C6005E0046869
S31508007BD0246844F4806405682C6000BF002400947F
S31508007BE00468646900940468A469009400BF80E08E
S31508007BF00468246824F4806405682C6000BF0024A7
S31508007C0000940468646900940468A469009400BF39
S31508007C1000BF0468246844F4007405682C6068E0B2
S31508007C20FFE7448D022C3BD1042910D002290ED03F
S31508007C3010290CD00468246824F4806405682C6034
S31508007C400468246844F4006405682C6005E0046848
S31508007C50246844F4806405682C600468646804F445
S31508007C600064B4F5006F10D111F5803F07D00129E3
S31508007C7005D0082903D0102901D0202905D1046888
S31508007C80646844F4805405686C6000BF002400945E
S31508007C900468646900940468A469009400BF28E035
S31508007CA00468246844F4806405682C600468646881
S31508007CB004F40064B4F5006F10D111F5803F07D0C5
S31508007CC0012905D0082903D0102901D0202905D17A
S31508007CD00468646844F4805405686C6000BF002436
S31508007CE000940468646900940468A469009400BF59
S31508007CF000BF002404650AE000BF0024009404685D
S31508007D00646900940468A469009400BF00BF38BD84
S31508007D1090F83E1040290ED1016D29B9416C01F049
S31508007D20FE010268116141E0416CC9B241F00101EE
S31508007D30026811613AE00169B1F5804F20D190F8E7
S31508007D403D10212905D1416C01F0FE01026811613F
S31508007D5005E0416CC9B241F0010102681161416B4D
S31508007D6011B1416BC96B21B9816BF9B1816BC96BD3
S31508007D70E1B10168496841F400610268516015E0A3
S31508007D80016D41B9416C01F44071F02242EAE111FA
S31508007D90026811610AE0016D012907D1416C01F4FD
S31508007DA04071F12242EAE11102681161704770B52B
S31508007DB0044694F83D50206D98B9E06C012807D127
S31508007DC0A06CC0B221680861206D801C206550E057
S31508007DD0A06CC0F3072021680861206D401C20654F
S31508007DE047E0206D012807D1A06CC0B22168086160
S31508007DF0206D401C20653CE0206D022836D1222DDE
S31508007E0009D12068006840F4807021680860206DF8
S31508007E10401C20652DE0608D60B1212D0AD1606A75
S31508007E20007821680861606A401C6062608D401EA7
S31508007E3060851EE0608DE0B9212D1AD12068406862
S31508007E4020F4E060216848602068006840F400700B
S31508007E502168086000202063202084F83D00002067
S31508007E6084F83E002046FBF7C3FB02E02046FFF7F6
S31508007E7031FB70BD2DE9F84304460F461546994671
S31508007E80DDE908862068006840F48060216808609B
S31508007E902068006840F48070216808604346002224
S31508007EA04FF001112046009600F0E9FA60B120680B
S31508007EB0006800F48070B0F5807F02D14FF400703E
S31508007EC020640320BDE8F88307F0FE0021680861F6
S31508007ED0334642463E49204600F030FB08B10120B1
S31508007EE0F0E700BF002000902068406900902068F5
S31508007EF08069009000BF00BF32464146204600F028
S31508007F0007FC50B1206C042805D12068006840F4AD
S31508007F100070216808600120D4E7B9F1010F03D188
S31508007F20E8B22168086117E0C5F3072021680861EF
S31508007F3032464146204600F0EBFB50B1206C04283F
S31508007F4005D12068006840F40070216808600120A7
S31508007F50B8E7E8B22168086132464146204600F093
S31508007F60D7FB50B1206C042805D12068006840F47E
S31508007F700070216808600120A4E72068006840F4C2
S31508007F80807021680860434600224FF001112046A0
S31508007F90009600F074FA58B12068006800F4807002
S31508007FA0B0F5807F02D14FF400702064032089E782
S31508007FB0F8B240F001002168086133464246044998
S31508007FC0204600F0BBFA08B101207BE7002079E7DC
S31508007FD0020001002DE9F8430446884615469946ED
S31508007FE0DDE908672068006840F480702168086049
S31508007FF0334600224FF001112046009700F03FFA61
S3150800800060B12068006800F48070B0F5807F02D106
S315080080104FF4007020640320BDE8F88308F0FE00E2
S31508008020216808613B4632462149204600F086FA17
S3150800803008B10120F0E700BF0020009020684069E1
S31508008040009020688069009000BF00BF3A4631461C
S31508008050204600F05DFB50B1206C042805D120684D
S31508008060006840F40070216808600120D4E7B9F17F
S31508008070010F03D1E8B22168086117E0C5F30720AC
S31508008080216808613A463146204600F041FB50B166
S31508008090206C042805D12068006840F40070216827
S315080080A008600120B8E7E8B2216808610020B3E754
S315080080B002000100418D49B101680969426A1170DF
S315080080C0416A491C4162418D491E4185704770B518
S315080080D0044694F83D50608DD8B120680069616AFD
S315080080E00870606A401C6062608D401E6085608D05
S315080080F078B92A2D0DD12068406820F4806021685F
S31508008100486022202063282084F83D002046FBF79B
S3150800811047FD70BD418D49B1416A09780268116110
S31508008120416A491C4162418D491E4185704770B5B7
S31508008130044694F83D50608DD8B1606A007821688D
S315080081400861606A401C6062608D401E6085608DB3
S3150800815078B9292D0DD12068406820F480602168FF
S31508008160486021202063282084F83D002046FBF73C
S3150800817018FD70BDF8B504460D46002794F83D0075
S3150800818000F0280028281CD12068406820F4806068
S3150800819021684860C5F3800000B90127C5F3C010FF
S315080081A010B9A08986B201E0208B86B200BF0020F4
S315080081B084F83C0000BF324639462046FAF743FFAA
S315080081C00FE000BF002000902068406900902068FA
S315080081D08069009000BF00BF00BF002084F83C0003
S315080081E000BFF8BD70B5044694F83D50E66A082EFF
S315080081F001D0202E1FD1282D1DD12348E0622068EA
S31508008200406820F4E060216848606FF48060216867
S3150800821048612068006820F48060216808600020B2
S315080082202063202084F83D00002084F83E00204684
S31508008230FBF7DAF926E0212D20D11348E062212048
S315080082402063202084F83D00002084F83E00206842
S31508008250406820F4E060216848606FF48060216817
S3150800826048612068006820F480602168086020461C
S31508008270FFF730F92046FBF794FC03E06FF48060C3
S315080082802168486170BD00000000FFFF38B504464C
S3150800829094F83D502068406820F4E0602168486002
S315080082A000BF0020009020684069009020680068A0
S315080082B040F001002168086000BF00BF2068006820
S315080082C020F48060216808602068406800F4006037
S315080082D0B0F5006F42D1222D01D02A2D1FD1A06BF7
S315080082E0006840686085608D18B1206C40F0040015
S315080082F020642068406820F4006021684860A06B0C
S31508008300FAF79AF8012829D04148A16B0865A06BAD
S31508008310FAF77EF810B3A06B016D88471EE0606B14
S31508008320006840686085608D18B1206C40F00400D4
S3150800833020642068406820F4006021684860606B0B
S31508008340FAF77AF8012809D03148616B0865606B3D
S31508008350FAF75EF810B1606B016D8847608D18B347
S3150800836020684069C0F3800048B120680069616AE6
S315080083700870606A401C6062608D401E60852068D7
S315080083804069C0F3801048B120680069616A0870C6
S31508008390606A401C6062608D401E6085608D18B101
S315080083A0206C40F004002064206C18B12046FFF7CA
S315080083B09BF82BE02A2D07D100202063282084F87B
S315080083C03D002046FBF7ECFB94F83D0028280DD12C
S315080083D01048E06200202063202084F83D00002039
S315080083E084F83E002046FBF7FFF80FE0206B2228B2
S315080083F001D0222D0AD100202063202084F83D00D8
S31508008400002084F83E002046FBF7CAFB38BD000072
S31508008410DD7300080000FFFF70B504460D461646DA
S3150800842025E02046FFF736F908B1012070BD681C23
S31508008430E8B1FAF701FE801BA84200D8BDB920684A
S315080084404069C0F3800090B900202063202084F89A
S315080084503D00002084F83E00206C40F02000206497
S3150800846000BF002084F83C0000BF0120DEE720683A
S315080084704069C0F380000028D3D00020D6E72DE954
S31508008480F04104460D4617461E46DDF8188038E0CA
S31508008490701CA8B3FAF7D0FDA0EB0800B04200D8CC
S315080084A076BBC5F3074001280AD120684069A9B2FE
S315080084B00840A9B2884201D101200BE0002009E05A
S315080084C020688069A9B20840A9B2884201D1012072
S315080084D000E00020B84214D100202063202084F850
S315080084E03D00002084F83E00206C40F02000206407
S315080084F000BF002084F83C0000BF0120BDE8F081E1
S31508008500FFE7C5F3074001280AD120684069A9B2E8
S315080085100840A9B2884201D101200BE0002009E0F9
S3150800852020688069A9B20840A9B2884201D1012011
S3150800853000E00020B842ABD00020DFE72DE9F0418B
S3150800854004460D4616461F4658E020684069C0F3A3
S315080085508020E8B12068006840F40070216808604F
S315080085606FF480602168486100202063202084F829
S315080085703D00002084F83E00206C40F00400206492
S3150800858000BF002084F83C0000BF0120BDE8F08150
S31508008590701C90B3FAF750FDC01BB04200D866BBFA
S315080085A0C5F3074001280AD120684069A9B20840E6
S315080085B0A9B2884201D101200BE0002009E0206819
S315080085C08069A9B20840A9B2884201D1012000E019
S315080085D0002090B900202063202084F83D00002068
S315080085E084F83E00206C40F02000206400BF002084
S315080085F084F83C0000BF0120C8E7FFE7C5F3074041
S3150800860001280AD120684069A9B20840A9B288425F
S3150800861001D101200BE0002009E020688069A9B299
S315080086200840A9B2884201D1012000E000200028B4
S315080086308BD00020AAE770B504460D46164637E0EB
S3150800864020684069C0F30010A0B16FF010002168DF
S31508008650486100202063202084F83D00002084F82B
S315080086603E00206C206400BF002084F83C0000BF58
S31508008670012070BDFAF7E0FC801BA84200D8BDB9FE
S3150800868020684069C0F3801090B90020206320203C
S3150800869084F83D00002084F83E00206C40F020005D
S315080086A0206400BF002084F83C0000BF0120E0E7FA
S315080086B020684069C0F380100028C1D00020D8E7A0
S315080086C008B5014600200090104800681922B0FB42
S315080086D0F2F04FF47A72B0FBF2F000EB80000090F3
S315080086E000BF0098401E0090009828B9086C40F01A
S315080086F020000864012008BD0868006800F40070BE
S31508008700B0F5007FEDD00020F5E7000090030020CB
S3150800871070B504460D46164625E02046FEF7BAFF14
S3150800872008B1012070BD681CE8B1FAF785FC801B0A
S31508008730A84200D8BDB920684069C0F3C01090B9F6
S3150800874000202063202084F83D00002084F83E00A5
S31508008750206C40F02000206400BF002084F83C0014
S3150800876000BF0120DEE720684069C0F3C01000287A
S31508008770D3D00020D6E7000038B5524852490860E1
S31508008780524848605248886008465249086068203E
S315080087904F4981F845002C224E494D48F7F7B2FD5E
S315080087A04B4805F008FB0024494805F035FB04460C
S315080087B034B1224648A1504803F05EFD002038BD7A
S315080087C000208DF8000001208DF8010003214048A3
S315080087D0009A08F030FB044624B1224647A14648D1
S315080087E003F04AFD01220321394805F0F5F904464C
S315080087F024B1224647A1404803F03EFD344805F01F
S3150800880029FA044624B1224648A13B4803F034FD20
S31508008810012211212E4805F0FEF9044634B12246FC
S3150800882048A1354803F028FD0020C8E70022AC21FE
S31508008830274808F00DFB04460022BE21244808F00C
S3150800884007FB044334B1224646A12B4803F014FD26
S315080088500020B4E701211E4805F0F0F9044634B1BA
S31508008860224647A1244803F007FD0020A7E7012177
S31508008870174805F0BFF9044634B1224647A11E48F9
S3150800888003F0FAFC00209AE7114808F00FFA0446AC
S3150800889034B1224648A1184803F0EEFC00208EE7C2
S315080088A00B4808F00DFA044654B1224648A112486E
S315080088B003F0E2FC4D49104803F0DEFC00207EE799
S315080088C001207CE7A90D010800080020650D0108B4
S315080088D08C070020D4070020496E697469616C69A9
S315080088E07A6520444D50206661696C65643A202596
S315080088F064210D0A000000009C2200205365744480
S315080089004C5046206661696C65643A202564210DE1
S315080089100A000000456E444C5046206661696C6545
S31508008920643A202564210D0A000000004765744654
S315080089307373206661696C65643A202564210D0AA3
S3150800894000000000456E61626C6520444D5020535E
S31508008950656E736F72206661696C65643A2025647A
S31508008960210D0A0053657420444D502072617465C8
S31508008970206661696C65643A202564210D0A000049
S31508008980456E61626C65204649464F206661696C92
S3150800899065643A202564210D0A000000456E61626F
S315080089A06C6520444D50206661696C65643A2025E3
S315080089B064210D0A00000000526573657420444D59
S315080089C050206661696C65643A202564210D0A00A9
S315080089D05265736574204649464F206661696C6521
S315080089E0643A202564210D0A00000000AC610108E4
S315080089F010B52DED048B00BF6B496C4808F03AF9A9
S31508008A006A4890F844000C2800D1F5E7674890F8C2
S31508008A10440020B1654890F844000C287ED162488D
S31508008A20008800F40060002879DD5F48008800F4BB
S31508008A3000400028F8DD5C49486A04F0DBFD5C4824
S31508008A4080ED000A5849886A04F0D4FD594880ED3B
S31508008A50000A5549C86A04F0CDFD574880ED000A5A
S31508008A60534890ED000A20EE000A5248D0ED000A5D
S31508008A7090ED001A00EE810A4F48D0ED000A90EDFD
S31508008A80001A00EE810AF7EE000A30EEC00A10EE70
S31508008A90101A0846F8F724F841EC190BB0EE490A03
S31508008AA0F0EE690A03F09AFEB0EE408AF0EE608AAC
S31508008AB051EC180BF8F758F8404908603A4880888E
S31508008AC03F4908803848C0883E49088036480089AA
S31508008AD03D490880394890ED000A3C4880ED000A77
S31508008AE0334890ED000A394880ED010A314890ED87
S31508008AF0000A364880ED020A2F4890ED000A3348EE
S31508008B0080ED030A2E48B0F9000000EE100AB8EE10
S31508008B10C00A2F4880ED000A2A4801E041E03EE0FD
S31508008B20B0F9000000EE100AB8EEC00A284880ED39
S31508008B30010A0846B0F9000000EE100AB8EEC00AAD
S31508008B40234880ED020A214904F0B4FB2048D0ED01
S31508008B50000AB0EE600A04F019FB1D48D0ED000AC1
S31508008B60B0EE600A08F07AFB1A49184807F0E0FFE9
S31508008B7018480C38D0ED050AB0EE600A04F04CFB34
S31508008B8014480C38D0ED050AB0EE600A08F074FBFC
S31508008B90114805F02DF90120BDEC048B10BD00200D
S31508008BA0FAE70020F8E700000C0800208C070020F0
S31508008BB0780200207C020020800200208402002027
S31508008BC0880200208A0200208C020020A0080020CB
S31508008BD0B0080020C80800201809002038B5054646
S31508008BE00024002000906946284600F021F9044632
S31508008BF00CB1204638BD9DF80000EA2801D00420B3
S31508008C00F8E72046F6E7F8B506460D4600240021A3
S31508008C10304600F035FD04460CB12046F8BD012368
S31508008C206A460321304600F0A0F804460CB12046F7
S31508008C30F4E735B19DF8000020F080008030009000
S31508008C4004E09DF8000020F08000009001236A46A9
S31508008C500321304600F09DF804460CB12046DDE7B6
S31508008C602046DBE7F8B506460D46002400213046C7
S31508008C7000F006FD04460CB12046F8BD01236A46FD
S31508008C800321304600F071F804460CB12046F4E79B
S31508008C9035B19DF8000020F040004030009004E017
S31508008CA09DF8000020F04000009001236A46032149
S31508008CB0304600F06EF804460CB12046DDE7204643
S31508008CC0DBE7F8B507460D461646002405F003000F
S31508008CD008B90720F8BD05F0010000B3022138469F
S31508008CE000F0CEFC044301236A461421384600F0FE
S31508008CF03CF8044336B19DF8000020F00100401C02
S31508008D00009004E09DF8000020F001000090012387
S31508008D106A461421384600F03CF8044300BF05F0C3
S31508008D20020000B30221384600F0AAFC04430123DE
S31508008D306A461946384600F018F8044336B19DF8D5
S31508008D40000020F00100401C009004E09DF800009F
S31508008D5020F00100009001236A461946384600F0C3
S31508008D6018F8044300BF2046B4E72DE9F04104464D
S31508008D700D4616461F462068406810B90220BDE811
S31508008D80F08120683A463146D0E901C32846E047D3
S31508008D90F5E72DE9F04104460D4616461F462068BC
S31508008DA0006810B90220BDE8F08120683A463146CD
S31508008DB0D0F800C083682846E047F4E710B50446B3
S31508008DC0902343F2DD720249204605F0EDFB10BD03
S31508008DD0602701087CB506460D460024002130466A
S31508008DE000F04EFC04460CB120467CBD012301AAC6
S31508008DF070213046FFF7B9FF04460CB12046F4E768
S31508008E009DF8040000F01F00019001236A467121B5
S31508008E103046FFF7AAFF04460CB12046E5E79DF861
S31508008E2000009DF8041040EA012028802046DCE76F
S31508008E3070B505460C460CB9032070BD00212846BE
S31508008E4000F01EFC0123224600212846FFF78DFF6D
S31508008E50F3E72DE9FF4F85B0894692469B460024E5
S31508008E60B9F1000F09D0B9F1010F0CD0B9F1020F11
S31508008E700FD0B9F1030F18D111E0032504260527F1
S31508008E804FF0060815E00725082609274FF00A08B7
S31508008E900FE00B250C260D274FF00E0809E00F25CD
S31508008EA0102611274FF0120803E0032009B0BDE889
S31508008EB0F08F00BF0321059800F0E2FB04460CB1D1
S31508008EC02046F3E79DF810006AF30600049013980D
S31508008ED030B19DF8100020F080008030049004E046
S31508008EE09DF8100020F080000490012304AA29466A
S31508008EF00598FFF74EFF04460CB12046D6E71398AF
S31508008F0060B918980190012301AA41460598FFF710
S31508008F1040FF04460CB12046C8E700BFCDF80CB0A8
S31508008F20012303AA31460598FFF733FF04460CB11F
S31508008F302046BBE79DF80810129860F303010291DA
S31508008F409DF80810149860F3C71102919DF808104F
S31508008F50159860F3451102919DF80810169860F36C
S31508008F60041102919DF80810179860F38611029172
S31508008F70012302AA39460598FFF70BFF04460CB1F0
S31508008F80204693E7204691E72DE9FF4F83B09846A0
S31508008F90DDF844900024B9F1000F01D0802000E0EC
S31508008FA000209DF81010084304900321039800F050
S31508008FB067FB0446012304AA13210398FFF7E9FE79
S31508008FC004461CB1204607B0BDE8F08F032103987C
S31508008FD000F056FB0446012305AA14210398FFF75F
S31508008FE0D8FE04460CB12046EDE79DF8080020F0AF
S31508008FF08000803002909DF8080020F04000029022
S315080090009DF8080020F01F0002901298C0439DF8B2
S31508009010081060F3451102910026002560E0B9F1B9
S31508009020000F0FD10321039800F02AFB044608EB32
S315080090300502012316210398FFF7ABFE04460CB17F
S315080090402046C0E70321039800F01AFB04460123D3
S3150800905002AA15210398FFF79CFE04460CB1204688
S31508009060B1E74FF47A7A0027BB4617E00021039848
S3150800907000F006FB0446012301AA17210398FFF70F
S3150800908074FE04469DF80400C0F3801B574501D3BF
S31508009090012000E0002040EA0B0B7F1CBBF1000F0B
S315080090A0E4D09DF80400C0F30016574501D301200B
S315080090B000E00020064306B115E0B9F1000F0CD018
S315080090C00321039800F0DCFA044608EB05020123A5
S315080090D017210398FFF749FE0446681C85B200BFAE
S315080090E0109885429BDB00BF0EB101206BE7204636
S315080090F069E77CB506460D4600240021304600F097
S3150800910057F804460CB120467CBD0321304600F0D2
S31508009110B7FA04460CB12046F6E7012301AA194618
S315080091203046FFF722FE04460CB12046ECE79DF8D0
S31508009130040020F00F00C01D01909DF8040020F0E7
S31508009140100010300190012301AA19463046FFF796
S3150800915020FE04460CB12046D6E70021304600F032
S315080091608FFA04460CB12046CEE701236A4603214E
S315080091703046FFF7FAFD04460CB12046C4E735B180
S315080091809DF8000020F020002030009004E09DF8B3
S31508009190000020F02000009001236A460321304693
S315080091A0FFF7F7FD04460CB12046ADE72046ABE7CE
S315080091B0F8B506460D4600240021304600F060FA50
S315080091C004460CB12046F8BD01236A460F213046F5
S315080091D0FFF7CBFD04460CB12046F4E79DF80000E6
S315080091E065F34100009001236A460F213046FFF7D8
S315080091F0D0FD04460CB12046E5E72046E3E738B53E
S31508009200054600240021284600F03AFA04460CB127
S31508009210204638BD01236A4603212846FFF7A5FDE7
S3150800922004460CB12046F4E79DF8000020F0020041
S31508009230801C009001236A4603212846FFF7A9FDF2
S3150800924004460CB12046E4E72046E2E7FEB50446AC
S315080092500D4616461F460120009001903B463246B1
S31508009260294602902046FFF78FFEFEBDFEB504464E
S315080092700D4616461F4601200021CDE900013B4652
S315080092803246294602902046FFF77EFEFEBD2DE9AE
S31508009290FF4107460D46144600260021384600F0D1
S315080092A0EFF90646002D7DD028789DF80C1060F35E
S315080092B000010391287841089DF80C0061F34100EC
S315080092C00390287881089DF80C0061F382000390CA
S315080092D02878C1089DF80C0061F3C30003909DF837
S315080092E00C0020F070000390287801099DF80C0006
S315080092F061F3C7100390287841099DF8080061F3C7
S31508009300000002909DF8080020F0FE0002902878E0
S3150800931081099DF8040061F3041001902878C109B9
S315080093209DF8040061F3C300019068789DF8041065
S3150800933060F382010191687841089DF8040061F3A1
S3150800934041000190687881089DF8040061F30000E7
S3150800935001909DF8040020F0E00001906878C108AB
S315080093609DF8000061F304100090687801099DF8E3
S31508009370000061F3C3000090687841099DF8000079
S3150800938061F382000090687881099DF8000061F316
S31508009390410000906878C1099DF8000061F300005B
S315080093A0009000E02EE09DF8000020F0E00000901C
S315080093B0012303AA10213846FFF7EBFC06461EB127
S315080093C0304604B0BDE8F081012302AA11213846CF
S315080093D0FFF7DFFC06460EB13046F2E7012301AA85
S315080093E012213846FFF7D5FC06460EB13046E8E7A7
S315080093F001236A4613213846FFF7CBFC06460EB111
S315080094003046DEE7002C7DD0012303AA102138461A
S31508009410FFF7ABFC06460EB13046D2E7012302AA97
S3150800942011213846FFF7A1FC06460EB13046C8E7BB
S31508009430012301AA12213846FFF797FC06460EB10A
S315080094403046BEE701236A4613213846FFF78DFCEE
S3150800945006460EB13046B4E79DF80C00217860F355
S31508009460000121709DF80C004108207861F3410045
S3150800947020709DF80C008108207861F38200207026
S315080094809DF80C00C108207861F3C30020709DF890
S315080094900C00C109207861F3041020709DF80800BB
S315080094A0217860F3451121709DF8040001092078A0
S315080094B061F3861020709DF80400C108207861F3D6
S315080094C0C71020709DF804008108607861F30000D9
S315080094D060709DF804004108607861F3410060708F
S315080094E09DF80400617860F3820161709DF80000C0
S315080094F00109607861F3C30060709DF80000C10837
S31508009500607800E016E061F3041060709DF80000D2
S315080095108108607861F3451060709DF80000410885
S31508009520607861F3861060709DF80000617860F3DA
S31508009530C7116170304644E7F8B506460D46002463
S315080095400021304600F09CF801236A460621304681
S31508009550FFF70BFC04460CB12046F8BD35B19DF863
S31508009560000020F020002030009004E09DF8000064
S3150800957020F02000009001236A4606213046FFF7B6
S3150800958008FC04460CB12046E7E72046E5E72DE946
S31508009590F04107460D46164600240021384600F0DD
S315080095A06FF8044614B12046BDE8F08133462A46D2
S315080095B072213846FFF7D9FB04460CB12046F3E77B
S315080095C02046F1E738B5054600240021284600F074
S315080095D057F804460CB1204638BD01236A460321D4
S315080095E02846FFF7C2FB04460CB12046F4E79DF86F
S315080095F0000020F008000830009001236A46032185
S315080096002846FFF7C6FB04460CB12046E4E7204689
S31508009610E2E738B5054600240021284600F030F870
S3150800962004460CB1204638BD01236A4668212846FF
S31508009630FFF79BFB04460CB12046F4E79DF80000B3
S3150800964020F01F001F30009001236A466821284633
S31508009650FFF79FFB04460CB12046E4E79DF800009F
S3150800966020F01F001E30009001236A466821284614
S31508009670FFF78FFB04460CB12046D4E72046D2E715
S3150800968013B504469DF80400032801DD03201CBD1C
S31508009690A0799DF80410884201D10020F7E79DF8CB
S315080096A00400A0719DF80400302101EA0010019021
S315080096B0012301AA7F212046FFF76BFBE7E7F8B5F0
S315080096C006460D46002400213046FFF7D9FF012340
S315080096D06A4606213046FFF748FB04460CB1204689
S315080096E0F8BD9DF8000065F30200009001236A4664
S315080096F006213046FFF74DFB04460CB12046EFE73E
S315080097002046EDE777B581B006460D46002405F0FC
S31508009710030010B9072004B070BD05F00100D0B1F0
S3150800972002213046FFF7ACFF044301236A461421A1
S315080097303046FFF71AFB04439DF80C109DF800000D
S3150800974061F3C500009001236A4614213046FFF7ED
S3150800975020FB044300BF05F00200D0B102213046C9
S31508009760FFF78EFF044301236A4619463046FFF782
S31508009770FCFA04439DF80D109DF8000061F3C5003E
S31508009780009001236A4619463046FFF702FB044358
S3150800979000BF2046BFE7F8B505460C4600262879DF
S315080097A008B90820F8BD20128DF80000E0B28DF83F
S315080097B0010002212846FFF763FF06460EB1304630
S315080097C0F0E702236A4650212846FFF7E2FA0646E2
S315080097D03046E7E777B581B006460D46002405F022
S315080097E0030010B9072004B070BD05F00100D0B120
S315080097F002213046FFF744FF044301236A46142139
S315080098003046FFF7B2FA04439DF80C009DF80010A5
S3150800981060F34201009101236A4614213046FFF79E
S31508009820B8FA044300BF05F00200D8B10221304659
S31508009830FFF726FF044301236A4619463046FFF719
S3150800984094FA04439DF80C0081089DF8000061F322
S315080098504200009001236A4619463046FFF799FAF6
S31508009860044300BF2046BEE7F8B507460C46154632
S31508009870002604F0130008B90720F8BD0021384671
S31508009880FFF7FEFE06460EB13046F6E701236A46A6
S3150800989005213846FFF769FA06460EB13046ECE769
S315080098A004F0010020B19DF8000065F34510009012
S315080098B004F0020020B19DF8000065F30410009042
S315080098C004F0100020B19DF8000065F386100090A2
S315080098D001236A4605213846FFF75BFA06460EB1AC
S315080098E03046CAE73046C8E777B583B006460D4620
S315080098F0002405F0030010B9072006B070BD05F076
S315080099000100E0B102213046FFF7BAFE0443BDF874
S3150800991014000002C0B20290BDF81400C0B2019053
S31508009920012302AA10213046FFF733FA0443012324
S3150800993001AA11213046FFF72CFA044300BF05F0AF
S31508009940020078B102213046FFF79AFE04439DF8DB
S3150800995016000290012302AA00213046FFF719FAE1
S31508009960044300BF2046C8E7F8B506460D4600245E
S3150800997000213046FFF784FE01236A460621304659
S31508009980FFF7F3F904460CB12046F8BD35B19DF84A
S31508009990000020F040004030009004E09DF80000F0
S315080099A020F04000009001236A4606213046FFF762
S315080099B0F0F904460CB12046E7E72046E5E738B556
S315080099C00546002400212846FFF75AFE01236A4669
S315080099D006212846FFF7C9F904460CB1204638BDCA
S315080099E09DF8000020F080008030009001236A4630
S315080099F006212846FFF7CDF904460CB12046EEE7C6
S31508009A002046ECE770B5044600250CB9042070BD65
S31508009A10A06801686420884730A1204603F09CFCB2
S31508009A20A0680168642088476068C21C2DA120468A
S31508009A3003F0AAFC6068C21C2DA1304802F01CFC89
S31508009A40A0680168C8208847606800F111022CA147
S31508009A50204603F099FC606800F111022BA1274803
S31508009A6002F00AFCA0680168C82088472DA1204694
S31508009A7003F072FC0546A0680168C82088472FA134
S31508009A80204603F069FC0546A0680168C820884797
S31508009A90606800F111021AA1204603F075FC60689F
S31508009AA000F1110229A1154802F0E6FBA068016839
S31508009AB0C82088472BA1204603F04EFCA068016801
S31508009AC04FF47A70884701206168087002022849B5
S31508009AD02848FCF7E0FD284699E7000041540D0A9E
S31508009AE00000000041542B4D41430D0A00000000C0
S31508009AF04D41433A2025730A000000009C220020AD
S31508009B0041542B4D414444520D0A00004D414444F2
S31508009B1052206265666F7265207365743A202573F4
S31508009B200A00000041542B4E45544944304131390E
S31508009B30313332452C360D0A0000000041542B4DB6
S31508009B4041444452414141330D0A00004D414444C9
S31508009B5052206166746572207365743A2025730A0B
S31508009B600000000041542B52455345540D0A00008D
S31508009B70F40B0020341E00202DE9F04104460D4662
S31508009B801646002704B11DB904273846BDE8F081FA
S31508009B9060680078012807D10027324629460D4813
S31508009BA001F05CF93846F1E76068407801280ED183
S31508009BB019210948F6F7BFFB002003E0295C064A8D
S31508009BC01154401CB042F9DB0220616848703846DF
S31508009BD0DCE7000000100020951A00200A490B480F
S31508009BE001624FF4804009498883074908480162A1
S31508009BF04FF40050064988830349064801624FF42A
S31508009C000040044988837047000C0240E41A00208B
S31508009C10081B00202C1B002070B50446F9F70CFA27
S31508009C200546207802280AD1A068281A6168884261
S31508009C3036D3A560A18B206AF9F790F930E0207831
S31508009C4003281DD1E06868B9A069291A60698142AC
S31508009C5026D3A18B0022206AF9F7B4F9A561012061
S31508009C60E0601DE0A069291A2069814218D3A18BFA
S31508009C700122206AF9F7A6F9A5610020E0600FE045
S31508009C802078012805D1A18B0022206AF9F79AF9D4
S31508009C9006E0207820B9A18B0122206AF9F792F90B
S31508009CA070BD00001FB5002000900190029003903F
S31508009CB01548164908604FF480304860002113485B
S31508009CC081600161017680F82010C16210498162C5
S31508009CD00021C1600121C161002180F830100121F5
S31508009CE04161F8F719F808B1F7F7BAFE08200090AD
S31508009CF0012001900420029069460448F7F7F4FE13
S31508009D0008B1F7F7ADFE1FBD00200140A01B0020DB
S31508009D100100000F08B500BF002000902E4800681B
S31508009D2040F480002C4908600846006800F480006A
S31508009D30009000BF00BF00BF0020009008460068E2
S31508009D4040F4001008600846006800F4001000900F
S31508009D5000BF00BF002205210B20FAF701F80B20EF
S31508009D60F9F7C4FF002205210C20F9F7F9FF0C20AA
S31508009D70F9F7BCFF002205210D20F9F7F1FF0D20A8
S31508009D80F9F7B4FF002205210F20F9F7E9FF0F20A4
S31508009D90F9F7ACFF002205211020F9F7E1FF1020A2
S31508009DA0F9F7A4FF002205212F20F9F7D9FF2F2064
S31508009DB0F9F79CFF002205213A20F9F7D1FF3A204E
S31508009DC0F9F794FF002205214620F9F7C9FF462036
S31508009DD0F9F78CFF08BD00003038024000B587B09F
S31508009DE0142102A8F6F7A7FA00BF002001907748C9
S31508009DF0006840F01000754908600846006800F0E1
S31508009E001000019000BF00BF00BF00200190084667
S31508009E10006840F0800008600846006800F080008E
S31508009E20019000BF00BF00BF0020019008460068EF
S31508009E3040F0040008600846006800F0040001903D
S31508009E4000BF00BF00BF002001900846006840F030
S31508009E50010008600846006800F00100019000BF94
S31508009E6000BF00BF002001900846006840F00200CD
S31508009E7008600846006800F00200019000BF00BFB5
S31508009E8000BF002001900846006840F008000860FE
S31508009E900846006800F00800019000BF00BF0022D5
S31508009EA00F214B48F9F78EF8002207214948F9F7A0
S31508009EB089F800224FF4E0414748F9F783F8002271
S31508009EC041F608414548F9F77DF801224FF460410B
S31508009ED04248F9F777F800224FF480714048F9F7BD
S31508009EE071F8072002900120039004900020059045
S31508009EF002A93748F8F7F6FD0820029001200390DA
S31508009F0000200490059002A93148F8F7EBFD42F2CB
S31508009F1010000290002003900120049002A92C480A
S31508009F20F8F7E0FD012002900390049000200590C8
S31508009F3002A92848F8F7D6FD0620029001200390CA
S31508009F4000200490059002A92248F8F7CBFD4FF4AB
S31508009F50E04002900120039004900020059002A999
S31508009F601D48F8F7BFFD4FF480600290012003906A
S31508009F7000200490059002A91848F8F7B3FD4FF49D
S31508009F8000600290012003900020049003200590B1
S31508009F9002A91248F8F7A6FD4FF208000290012020
S31508009FA0039004900020059002A90C48F8F79AFD42
S31508009FB04FF48070029001200390049000200590D1
S31508009FC002A90748F8F78EFD07B000BD30380240F1
S31508009FD0001002400008024000040240000C024043
S31508009FE00000024010B50C480C4908600C4848604F
S31508009FF04FF48041094881600021C1604FF48041D7
S3150800A0000161002141618161C1610162F9F774F959
S3150800A01008B1F7F725FD10BD00540040E81B0020E5
S3150800A020801A060000B58BB0242102A8F6F783F93A
S3150800A03000200090019018481849086000204860E0
S3150800A0400021164881604FF6FF71C1600021016149
S3150800A0504161816103200290002003900120049051
S3150800A060002005900690079001200890002009908E
S3150800A0700A9002A90948FBF72DFB08B1F7F7F0FC8F
S3150800A08000200090019069460448FAF7E9FC08B1F7
S3150800A090F7F7E6FC0BB000BD000001403C1C0020B1
S3150800A0A000B58BB0242102A8F6F745F900200090E8
S3150800A0B001904FF080401749086000204860002151
S3150800A0C014488160491EC160002101618161012037
S3150800A0D0029000200390012004900020059006902D
S3150800A0E0079001200890002009900A9002A90948C3
S3150800A0F0FBF7F0FA08B1F7F7B3FC002000900190DF
S3150800A10069460448FAF7ACFC08B1F7F7A9FC0BB0A6
S3150800A11000BD0000841C002000B58BB0242102A8D5
S3150800A120F6F709F9002000900190184818490860C8
S3150800A130002048600021164881604FF6FF71C16013
S3150800A1400021016181610320029000200390012013
S3150800A15004900020059006900790012008900020A2
S3150800A16009900A9002A90A48FBF7B4FA08B1F7F76A
S3150800A17077FC00200090019069460548FAF770FCC4
S3150800A18008B1F7F76DFC0BB000BD000000040040F5
S3150800A190CC1C002000B58BB0242102A8F6F7CBF81A
S3150800A1A0002000900190184818490860002048606F
S3150800A1B00021164881604FF6FF71C16000210161D8
S3150800A1C08161032002900020039001200490002062
S3150800A1D0059006900220079001200890002009901B
S3150800A1E00A9002A90948FBF775FA08B1F7F738FC8F
S3150800A1F000200090019069460448FAF731FC08B13E
S3150800A200F7F72EFC0BB000BD00080040141D002017
S3150800A2101CB50020009001900E480F490860532095
S3150800A220486000210C48816040F2F311C16080212A
S3150800A2308161FAF7E1FC08B1F7F712FC00200090FB
S3150800A240019069460448FAF70BFC08B1F7F708FCD1
S3150800A2501CBD0000001000405C1D00201CB500203D
S3150800A260009001900E480F4908605320486000216D
S3150800A2700C48816042F20F71C16080218161FAF752
S3150800A280BBFC08B1F7F7ECFB00200090019069468B
S3150800A2900448FAF7E5FB08B1F7F7E2FB1CBD000036
S3150800A2A000140040A41D002000B595B000201190B0
S3150800A2B01290139014900F9010901C2108A8F6F78E
S3150800A2C03AF820216846F6F736F8374837490860DD
S3150800A2D00020486000213548816044F29F11C16022
S3150800A2E000210161416180218161FAF785FC08B18D
S3150800A2F0F7F7B6FB4FF48050119011A92B48FAF7DF
S3150800A3001DFF08B1F7F7ACFB2848FBF799FF08B122
S3150800A310F7F7A6FB00200F9010900FA92348FAF72D
S3150800A3209FFB08B1F7F79CFB602008900020099076
S3150800A3300A900B900C900D900E90002208A91B48CD
S3150800A340FBF7FEFD08B1F7F78BFB042208A91748AF
S3150800A350FBF7F6FD08B1F7F783FB082208A91348AF
S3150800A360FBF7EEFD08B1F7F77BFB0C2208A90F48AF
S3150800A370FBF7E6FD08B1F7F773FB002000900190A4
S3150800A3800290039004904FF4005005900020079027
S3150800A39069460648FAF7A0FA08B1F7F761FB0348D9
S3150800A3A0FBF79AFD15B000BD00040140EC1D002026
S3150800A3B010B50B480B4908604FF416504860002149
S3150800A3C008488160C16001610C21416100218161F9
S3150800A3D0C161FCF7F1FB08B1F7F742FB10BD0000BD
S3150800A3E0004C0040341E002010B50B480B4908608D
S3150800A3F04FF4E1304860002108488160C16001617E
S3150800A4000C21416100218161C161FCF7D5FB08B1CE
S3150800A410F7F726FB10BD0000005000407C1E002008
S3150800A42010B50B480B4908604FF4E130486000212D
S3150800A43008488160C16001610C2141610021816188
S3150800A440C161FCF7B9FB08B1F7F70AFB10BD0000BC
S3150800A45000100140C41E002010B50B480B490860C7
S3150800A4604FF4E1304860002108488160C16001610D
S3150800A4700C21416100218161C161FCF79DFB08B196
S3150800A480F7F7EEFA10BD0000004400400C1F00204C
S3150800A49010B50B480B4908604FF4E13048600021BD
S3150800A4A008488160C16001610C2141610021816118
S3150800A4B0C161FCF781FB08B1F7F7D2FA10BD0000BD
S3150800A4C000480040541F002010B54FF480721F4901
S3150800A4D01F4800F095FC4FF480721E491E4800F094
S3150800A4E08FFC4FF480721D491D4800F089FC8022BC
S3150800A4F01C491D4800F084FC4FF400721B491C4897
S3150800A50000F07EFC4FF400721A491B4800F078FCF4
S3150800A5104FF4807219491A48FCF7BDF84FF4807257
S3150800A52018491948FCF7B7F8802218491848FCF763
S3150800A530B2F84FF4007217491748FCF7ACF84FF415
S3150800A54000720C491548FCF7A6F810BDF40C00205B
S3150800A550F40F0020F40D002000100020F40E002057
S3150800A5600C1000209812002018170020181300203D
S3150800A570241700201815002030170020F40A0020A0
S3150800A580C41E0020F40B0020341E002018100020E2
S3150800A5900C1F002098100020541F00207C1E00204D
S3150800A5A000BFFEE710B51048407B02280DD00022F8
S3150800A5B001210E48F8F706FD012202210B48F8F79B
S3150800A5C001FD0B4805F0D2FA0CE0012211460748B6
S3150800A5D0F8F7F8FC002202210448F8F7F3FC0548CE
S3150800A5E005F0C4FA10BD000008050020001002405E
S3150800A5F0840A0020BC0A002010B500210748FBF792
S3150800A60019FF04210548FBF715FF08210348FBF746
S3150800A61011FF0C210148FBF70DFF10BDEC1D0020B2
S3150800A620002006490968486304490968886303499C
S3150800A6300968C8630149096808647047EC1D002069
S3150800A64010B5F7F711FA04461D4890ED000AF2EE28
S3150800A650080AB4EEE00AF1EE10FA1CD290ED000AF0
S3150800A660F1EE040AB4EEE00AF1EE10FA13DD002169
S3150800A6700C2000F087FC0021082000F083FC002154
S3150800A680042000F07FFC0021084600F07BFC6420D3
S3150800A690F7F754F810BD5CB10A48007B012807D0CB
S3150800A6A00848C07B012803D00648007C012804D14D
S3150800A6B0FFF7B6FF00200449087000BFEAE700006C
S3150800A6C050020020CC060020641B002000BFFEE7D5
S3150800A6D010B5002000F01CFAE22000F0D5F80120A1
S3150800A6E000F016FA10BD10B5002000F011FAE120AE
S3150800A6F000F0CAF8012000F00BFA10BD10B50020D2
S3150800A70000F0FCF9012000F003FA002000F014FA2A
S3150800A710002000F007FA10BD10B5FFF7EFFF08217B
S3150800A720002000F013FA0021012000F00FFA0121A1
S3150800A730022000F00BFA0321084600F007FA002170
S3150800A740042000F003FA0221052000F0FFF90E218B
S3150800A750062000F0FBF90421112000F0F7F9052284
S3150800A76007490A2000F003FAFFF7BDFFFFF7B0FF1D
S3150800A7707021072000F0EAF900F070F810BD00001B
S3150800A7800902002010B54FF400510248F8F7B4FB4F
S3150800A79010BD00000010024070B50446002000F00D
S3150800A7A0B7F9204600F070F8FF2000F06DF805466E
S3150800A7B0012000F0ADF9284670BD70B505460E4675
S3150800A7C0002000F0A5F9612000F05EF8002405E0FD
S3150800A7D0FF2000F059F82855601CC4B2B442F7DBD4
S3150800A7E0012000F095F970BD10B5002000F090F931
S3150800A7F0FF2000F049F80446012000F089F92046B8
S3150800A80010BD000070B5FFF7EFFF05460020FFF703
S3150800A810C3FF064606F0020018B90324FFF77CFFBB
S3150800A82018E005F03000302803D10224FFF774FF42
S3150800A83010E005F0400040280BD101240421064809
S3150800A840FFF7BBFF4021072000F080F9FFF740FF24
S3150800A85000E00024204670BD0E02002010B500203E
S3150800A86000F04CF90020FFF797FF0446FF2C00D1B3
S3150800A87010BD44F003042146002000F067F90120CA
S3150800A88000F03CF900BFF3E770B50446002518E070
S3150800A89004F0800018B1012000F044F902E000201D
S3150800A8A000F040F96006040E012000F045F9FFF7B4
S3150800A8B069FF08B144F00104002000F03DF9681C66
S3150800A8C0C5B2082DE4DB204670BD000070B5052230
S3150800A8D02049102000F04BF905221E490A2000F0F5
S3150800A8E046F904211C4800F05CF900F0E5F842F24C
S3150800A8F010761EE0FFF778FF0446761E1EB904257B
S3150800A900FFF70AFF16E004F03000302803D10325CC
S3150800A910FFF702FF0EE004F01000102803D102250D
S3150800A920FFF7FAFE06E004F02000202801D10125F1
S3150800A93000E0DFE700BF3021072000F007F9FFF746
S3150800A940D2FE052205490A2000F011F9FFF786FF15
S3150800A950284670BD000200200502002009020020DA
S3150800A9600022027042708270AA22C270017170477A
S3150800A9701CB5A3212648FFF7F3FF00F0B5F8FFF74B
S3150800A98041FF244908700846007801283DD122482D
S3150800A990C078022839D164214FF49670F6F7B0FED4
S3150800A9A002201E4948731EA1274801F065FCA42110
S3150800A9B02648FFF7D5FF002025490870487088709B
S3150800A9C00220C870FFF782FF2249087008460078FF
S3150800A9D001280DD11E48C0781D498978CDE9001097
S3150800A9E01B48437802781CA1174801F045FC0CE087
S3150800A9F01748C07816498978CDE900101448437875
S3150800AA00027821A1104801F037FC00201CBD000087
S3150800AA1009020020310200200E020020080500204D
S3150800AA204D6964646C6520436172203220726563E7
S3150800AA3065697665642072657475726E20736967D8
S3150800AA406E616C2E0A0000009C2200200002002085
S3150800AA500502002030020020537563636573736630
S3150800AA60756C6C792073656E74207061636B6574A0
S3150800AA703A20253032582025303258202530325891
S3150800AA8020253032580D0A004661696C65642074C9
S3150800AA906F2073656E64207061636B65743A202558
S3150800AAA0303258202530325820253032582025306B
S3150800AAB032580D0A0000000010B5002000F01EF8FC
S3150800AAC00020FFF769FE0446FF2C00D110BD44F0B4
S3150800AAD0020424F001042146002000F037F8012082
S3150800AAE000F00CF800BFF1E710B5052202490A206C
S3150800AAF000F03DF810BD00000902002010B504461C
S3150800AB00224608210148F8F75DFA10BD00100240F8
S3150800AB1010B50446224604210148F8F753FA10BD39
S3150800AB200010024010B50446224604210148F8F7F1
S3150800AB3049FA10BD0008024010B504462246022113
S3150800AB400148F8F73FFA10BD0008024070B5044600
S3150800AB500D460020FFF7DCFF44F02000FFF794FEC7
S3150800AB602846FFF791FE0120FFF7D2FF70BD2DE9B9
S3150800AB70F04105460E4617460020FFF7C9FF45F087
S3150800AB802000FFF781FE002404E0305DFFF77CFE1D
S3150800AB90601CC4B2BC42F8DB0120FFF7B9FFBDE870
S3150800ABA0F08170B505460E460020FFF7B1FFA020DC
S3150800ABB0FFF76AFE002404E0285DFFF765FE601CC7
S3150800ABC0C4B2B442F8DB0120FFF7A2FF70BD000053
S3150800ABD02DE9F34F2DED028BB9B00C46012084F810
S3150800ABE035003B9800F05EF9054600203890062DA2
S3150800ABF006DA84F8350039B0BDEC028BBDE8FC8F67
S3150800AC00012084F8350000203690379082462CE0E3
S3150800AC103B9800F011F90290681E85B202984D28FB
S3150800AC2022D1012D20DB3B9800F006F90190681E21
S3150800AC3085B20198502816D1042D03DA002084F82D
S3150800AC403500D8E704220DF1DA013B9800F0E1F867
S3150800AC50281F85B24D208DF8D80050208DF8D900D0
S3150800AC604FF0010A03E000BF00BF022DD0DA00BF93
S3150800AC70BAF1000F03D1002084F83500BBE70020A5
S3150800AC8034903590DDF8DA00349034A8F5F782FD73
S3150800AC90461C002E01DD802E03DD002084F83500D9
S3150800ACA0A9E7701C854203DA002084F83500A2E77C
S3150800ACB0842113A8F5F73FFBB2B213A93B9800F01D
S3150800ACC0A8F8002013A98855A81B85B23B9800F060
S3150800ACD0B3F88046444981F80080681E85B2B8F109
S3150800ACE00A0F03D0002084F8350084E7402103A822
S3150800ACF0F5F721FB00270DF14C0B38AA3BA1584666
S3150800AD00F5F742FB81460AE038467F1C03A941F85D
S3150800AD10209038AA35A10020F5F736FB8146B9F10F
S3150800AD20000F01D0102FEFDB0B2F03DA002084F879
S3150800AD30350060E70398F5F72DFD20600498F5F7D0
S3150800AD4029FD60600598F5F725FDA0600698F5F7DA
S3150800AD5021FDE0600798F5F71DFD6061089801F090
S3150800AD6017FDB0EE408AF0EE608A51EC180BF5F745
S3150800AD70FBFEA061099801F00BFDB0EE408AF0EEEB
S3150800AD80608A51EC180BF5F7EFFEE0610A98F5F7C3
S3150800AD9001FD20620B98F5F7FDFC60620C98F5F74B
S3150800ADA0F9FCA0620D98F5F7F5FCE0620C2F01DBC3
S3150800ADB0012000E0002084F8340094F8340060B1E3
S3150800ADC00E9801F0E5FCB0EE408AF0EE608A51EC90
S3150800ADD0180BF5F7C9FE206303E09FED050A84ED1D
S3150800ADE00C0A012007E70000C40200202C0000001E
S3150800ADF0000000000021C18001818172C172704784
S3150800AE0010B503460C461C609A801846FFF7F2FFF9
S3150800AE1010BD2DE9F04107460D461646A846002402
S3150800AE2006E0384600F008F808F80400601C84B20A
S3150800AE30B442F6DBBDE8F0810146CB880A68D05CEF
S3150800AE40CA88521C92B2CA808B889A4205D18A7ADD
S3150800AE5082F001028A720022CA8070472DE9F04109
S3150800AE6007460D461646A846002406E018F80410BC
S3150800AE70384600F006F8601C84B2B442F6DBBDE83A
S3150800AE80F08103890268D1540289521C92B2028168
S3150800AE9083889A4205D1C27A82F00102C2720022E0
S3150800AEA00281704701460889CA88904204DD0889EC
S3150800AEB0CA88801A80B270470889CA88904206DA1A
S3150800AEC08888CA88801A0A89104480B2F3E7C87A43
S3150800AED08A7A904201D08888EDE70020EBE70000E7
S3150800AEE0154A82ED000AC2ED010A9060D16082ED32
S3150800AEF0041AD2689200104B9B685A4301EE902AB6
S3150800AF00F8EEE11A0D4AC2ED001A0B4AD2ED041A00
S3150800AF109FED0B2A61EE821A0A4AC2ED001A064A0A
S3150800AF20D2ED001A084AC2ED001A034AD2ED011AF8
S3150800AF30064AC2ED001A7047DC040020F000002023
S3150800AF40DA0F4940F4000020F8000020FC00002039
S3150800AF5010B50170022901D1426012E003290FD110
S3150800AF60642A04D30A2404610024446109E00A23FC
S3150800AF70B2FBF3F404610369C3F10A04446100E017
S3150800AF8000BF10BD30B5034600220C1E01DB254666
S3150800AF9000E065422846154C6468641C844200D269
S3150800AFA030BD002901DD012205E0002902DA4FF053
S3150800AFB0FF3200E000228BB1042B0BD0082B05D002
S3150800AFC00C2B0FD1094CE260A0600CE0074C6261C3
S3150800AFD0206108E0054CE261A06104E0034C62626E
S3150800AFE0206200E000BF00BF00BFD9E7641B002055
S3150800AFF02DE9F04107460C4615461E46002F07DD8B
S3150800B00000202D49086001202C49C1F8B00206E04D
S3150800B01001202949086000202849C1F8B0023846AD
S3150800B02004F086FC264909680864002C07DD002020
S3150800B0302449086001202149C1F8B80206E0012028
S3150800B0402049086000201D49C1F8B802204604F0CE
S3150800B0506FFC1B490968C863002D07DD00201A49E3
S3150800B060086001201949C1F8A80206E0012016491E
S3150800B070086000201549C1F8A802284604F058FCC3
S3150800B0800F4909688863002E07DD0020104908600B
S3150800B09001200E49C1F88C0206E001200C4908601F
S3150800B0A000200A49C1F88C02304604F041FC0449E4
S3150800B0B009684863BDE8F081B48240420080404296
S3150800B0C0EC1D002080024142B0824142008041428C
S3150800B0D0A002404210B5264890ED000AF3EE060A93
S3150800B0E0B4EEE00AF1EE10FA12DB4FF4FA72002120
S3150800B0F02048FFF72DFF4FF4FA7202211E48FFF78A
S3150800B10027FF4FF4FA7200211C48FFF721FF2EE0B3
S3150800B110174890ED000AF3EE040AB4EEE00AF1EEE1
S3150800B12010FA12DB4FF4FA7200211248FFF710FFEB
S3150800B1304FF4FA7200211048FFF70AFF4FF4FA722B
S3150800B14002210E48FFF704FF11E04FF4FA720221BC
S3150800B1500848FFF7FDFE4FF4FA7200210648FFF78C
S3150800B160F7FE4FF4FA7200210448FFF7F1FE10BD0E
S3150800B17050020020E41A0020081B00202C1B002087
S3150800B18000BF0A2004F0DBFBFFF70CFAFFF758FABA
S3150800B190F7E700BF0A2004F0D2FBFDF729FC0446B6
S3150800B1A0F8E70000A1211B48FFF7DAFB00BF64207F
S3150800B1B004F0C5FB1848FEF72FFD1848FEF72CFDCE
S3150800B1C01748FEF729FDF6F703FAF6F759FC15486E
S3150800B1D080ED000AFFF77EFF1348C078012803D0E8
S3150800B1E01148C07B012812D10F48C078012804D124
S3150800B1F0C8210846F6F784FAD9E70B48C07B012828
S3150800B200D5D04FF496716420F6F77AFACFE7F6F7B9
S3150800B210A5FACCE709020020E41A0020081B002042
S3150800B2202C1B002050020020CC0600201CB511481B
S3150800B2301149124B124ACDE900101249124804F07E
S3150800B24015F911484068816A0F4888470F49104820
S3150800B25002F0A0FB00BF182004F071FB0D490E4850
S3150800B260FFF7B6FC0D490E48FFF7B2FCFFF780FB67
S3150800B270F1E70000FC020020E4020020F4020020AE
S3150800B280EC02002028030020501A0020DC010020D0
S3150800B290CC060020840A002018170020BC0A0020CB
S3150800B2A02417002010B500221146012004F09CFB4B
S3150800B2B012498860002008821149012006F020FC06
S3150800B2C00E49C864002008700E4890ED010A084629
S3150800B2D080ED0C0A0B4890ED020A084680ED0D0A2F
S3150800B2E09FED090A80ED120A9FED070A80ED100A04
S3150800B2F0002008734873887310BD000008050020F5
S3150800B30058050020CC0600200000000010B54FF0BC
S3150800B310E020006906F0CEFF012801D006F076FB92
S3150800B32010BD000000B593B0302107A8F5F703F863
S3150800B330142102A8F4F7FFFF00BF0020019024485B
S3150800B340006840F08050224908600846006800F00E
S3150800B3508050019000BF00BF00BF002001901D482B
S3150800B360006840F480401B4908600846006800F4FD
S3150800B3708040019000BF00BF01200790000408909C
S3150800B38002200D9041050E9104210F91A8211091DC
S3150800B390022111910421129107A8F8F78FFF08B12D
S3150800B3A0F6F75EFB0F20029002200390002004901F
S3150800B3B04FF4A05005904FF480500690052102A83E
S3150800B3C0F8F77CFD08B1F6F74BFB13B000BD00009B
S3150800B3D040380240007000400348006840F470009E
S3150800B3E0014908607047000088ED00E010B5034881
S3150800B3F0FAF7BBFC0248FAF7B8FC10BD3C1C002063
S3150800B4003C24002010B50248FAF7AFFC10BD000036
S3150800B4105C1D002010B50248FAF7A7FC10BD000015
S3150800B420A41D002010B502682B4B98420ED0B0F12F
S3150800B430804F0BD0294B984208D0294B984205D00B
S3150800B440284B984202D0284B984203D122F070022A
S3150800B4504B681A43204B984220D0B0F1804F1DD03C
S3150800B4601E4B98421AD01E4B984217D01D4B984235
S3150800B47014D01D4B984211D01C4B98420ED01C4B31
S3150800B48098420BD01B4B984208D01B4B984205D0CC
S3150800B4901A4B984202D01A4B984203D122F44072B2
S3150800B4A0CB681A4322F080034C6943EA04028B688E
S3150800B4B0C3620B688362084B984202D00A4B9842D3
S3150800B4C001D10B690363036843F004030360012396
S3150800B4D04361026010BD0000000001400004004006
S3150800B4E000080040000C00400004014000400140F4
S3150800B4F0004401400048014000180040001C00407C
S3150800B500002000402DE9F04104460D461646254820
S3150800B510844220D0B4F1804F1DD0234884421AD0EB
S3150800B5202248844217D02248844214D021488442B3
S3150800B53011D0214884420ED0204884420BD020489E
S3150800B540844208D01F48844205D01F48844202D04E
S3150800B5501E48844200D104E041F69C511CA001F02B
S3150800B56014FE3DB1042D05D0082D03D00C2D01D0B5
S3150800B5703C2D00D104E041F69D5115A001F005FED1
S3150800B58005F01F01012000FA01F7206AB84320627E
S3150800B590206A05F01F0106FA01F108432062BDE89A
S3150800B5A0F08100000000014000040040000800404F
S3150800B5B0000C0040000401400040014000440140E6
S3150800B5C00048014000180040001C004000200040D0
S3150800B5D02E5C447269766572735C53544D333246F9
S3150800B5E03478785F48414C5F4472697665725C537B
S3150800B5F072635C73746D3332663478785F68616C35
S3150800B6005F74696D2E63000030B50C46816821F4BD
S3150800B6107F4142EA032525432943816030BD0A4616
S3150800B620816821F0700142F0070319438160704771
S3150800B6302DE9F04104460D46266A206A20F00100ED
S3150800B64020626768D4F8188028F0700828F0030884
S3150800B650286840EA080826F00206A8680643234830
S3150800B660844200D103E02248844211D100BFE86831
S3150800B67010B1E868082800D104E041F6CD211DA0E4
S3150800B68001F083FD26F00806E868064326F004065E
S3150800B6901648844202D0164884421FD1A869B0F5DC
S3150800B6A0007F01D0A86900B904E041F6DA2111A0AB
S3150800B6B001F06BFD6869B0F5807F01D0686900B953
S3150800B6C004E041F6DB210BA001F05FFD27F480774B
S3150800B6D027F4007768690743A86907436760C4F8D1
S3150800B6E01880686860632662BDE8F0810000014042
S3150800B6F0000401402E5C447269766572735C53548B
S3150800B7004D3332463478785F48414C5F44726976E7
S3150800B71065725C5372635C73746D33326634787821
S3150800B7205F68616C5F74696D2E6300002DE9F041F6
S3150800B73004460D46266A206A20F0100020626768D3
S3150800B740D4F8188028F4E04828F44078286848EAAD
S3150800B750002826F02006A86846EA001624488442EF
S3150800B76000D103E02348844212D100BFE86810B133
S3150800B770E868082800D104E041F619311EA001F056
S3150800B78004FD26F08006E86846EA001626F040061C
S3150800B7901748844202D01748844221D1A869B0F5D7
S3150800B7A0007F01D0A86900B904E041F6263112A04D
S3150800B7B001F0EBFC6869B0F5807F01D0686900B9D3
S3150800B7C004E041F627310CA001F0DFFC27F480677E
S3150800B7D027F40067686947EA8007A86947EA800787
S3150800B7E06760C4F818806868A0632662BDE8F081BF
S3150800B7F000000140000401402E5C447269766572BF
S3150800B800735C53544D3332463478785F48414C5F05
S3150800B8104472697665725C5372635C73746D333215
S3150800B820663478785F68616C5F74696D2E630000B2
S3150800B8302DE9F04104460D46266A206A20F48070F8
S3150800B84020626768D4F81C8028F0700828F003087E
S3150800B850286840EA080826F40076A86846EA00261A
S3150800B8602448844200D103E02348844212D100BF11
S3150800B870E86810B1E868082800D104E041F66431A8
S3150800B8801EA001F082FC26F40066E86846EA002657
S3150800B89026F480661748844202D01748844221D18C
S3150800B8A0A869B0F5007F01D0A86900B904E041F69F
S3150800B8B0713112A001F069FC6869B0F5807F01D08A
S3150800B8C0686900B904E041F672310CA001F05DFC2C
S3150800B8D027F4805727F40057686947EA0017A869CC
S3150800B8E047EA00176760C4F81C806868E063266248
S3150800B8F0BDE8F08100000140000401402E5C44725E
S3150800B90069766572735C53544D3332463478785F82
S3150800B91048414C5F4472697665725C5372635C7326
S3150800B920746D3332663478785F68616C5F74696DFC
S3150800B9302E6300002DE9F04104460D46276A206A69
S3150800B94020F480502062D4F80480E66926F4E046A4
S3150800B95026F44076286846EA002627F40057A868A1
S3150800B96047EA00370F48844202D00F48844210D174
S3150800B9706869B0F5807F01D0686900B904E041F6CE
S3150800B980B1310AA001F001FC28F48048686948EA48
S3150800B9908018C4F80480E661686820642762BDE8F8
S3150800B9A0F081000000000140000401402E5C447252
S3150800B9B069766572735C53544D3332463478785FD2
S3150800B9C048414C5F4472697665725C5372635C7376
S3150800B9D0746D3332663478785F68616C5F74696D4C
S3150800B9E02E63000030B50B461446026A056A25F038
S3150800B9F001050562816921F0F00141EA041122F08E
S3150800BA000A021A438161026230BD30B50B461446FC
S3150800BA10026A056A25F010050562816921F47041FC
S3150800BA2041EA043122F0A00242EA0312816102626D
S3150800BA3030BD000010B50248FAF73AFF10BD000005
S3150800BA40341E002010B50248FAF732FF10BD000078
S3150800BA507C1E002070B50446A56B0020E8852846A4
S3150800BA60FAF7D8FE70BD70B506460025B46B206897
S3150800BA704069C0F3C01594F84100212805D125B1C5
S3150800BA800020E084204600F0FBF820684069C0F3F7
S3150800BA90801594F84200222805D125B10020E085BA
S3150800BAA0204600F0A7F8606C40F01000606420465D
S3150800BAB0FAF7B0FE70BD70B50546AC6B286800682D
S3150800BAC000F48070002842D1E08500BF00BF2168DD
S3150800BAD00C3151E8001F21F4807021680C3141E8CF
S3150800BAE00002002AF3D100BF00BF00BF216814314D
S3150800BAF051E8001F21F001002168143141E80002D5
S3150800BB00002AF3D100BF00BF00BF2168143151E8F5
S3150800BB10001F21F040002168143141E80002002A84
S3150800BB20F3D100BF202084F84200206B01280ED1F3
S3150800BB3000BF00BF21680C3151E8001F21F010003A
S3150800BB4021680C3141E80002002AF3D100BF002029
S3150800BB506063206B012804D1A18D2046FAF7D4FD35
S3150800BB6002E02046FBF768FB70BD70B50546AC6B76
S3150800BB7001206063206B012805D1A08D410820466D
S3150800BB80FAF7C2FD02E02046FBF757FB70BD70B519
S3150800BB900546AC6B2868006800F48070F8B9002088
S3150800BBA0E08400BF00BF2168143151E8001F21F06E
S3150800BBB080002168143141E80002002AF3D100BF51
S3150800BBC000BF00BF21680C3151E8001F41F040005A
S3150800BBD021680C3141E80002002AF3D102E0204630
S3150800BBE0FBF7DAFB70BD70B50446A56B2846FBF774
S3150800BBF0D4FB70BD00BF00BF02680C3252E8002FAC
S3150800BC0022F4907102680C3242E80013002BF3D13B
S3150800BC1000BF00BF00BF0268143252E8002F22F0AE
S3150800BC2001010268143242E80013002BF3D100BF69
S3150800BC30016B01290ED100BF00BF02680C3252E821
S3150800BC40002F22F0100102680C3242E80013002B84
S3150800BC50F3D100BF202180F842100021016370470C
S3150800BC6010B504462068C06820F040002168C86006
S3150800BC70202084F841002046FBF78EFB002010BDEB
S3150800BC8000BF00BF02680C3252E8002F22F0C00144
S3150800BC9002680C3242E80013002BF3D100BF2021C2
S3150800BCA080F841107047F8B504460025002694F838
S3150800BCB04200222873D1A068B0F5805F0BD12069B5
S3150800BCC048B9A66A20684068C0F308003080A06AB0
S3150800BCD0801CA06214E0A56AA068B0F5805F03D056
S3150800BCE0A06828B9206918B920684068287004E057
S3150800BCF02068406800F07F002870A06A401CA06297
S3150800BD00E08D401E80B2E085002846D12068C068D4
S3150800BD1020F020002168C8602068C06820F4807080
S3150800BD202168C8602068406920F0010021684861E0
S3150800BD30202084F8420000206063206B012826D169
S3150800BD400020206300BF00BF21680C3151E8001FA6
S3150800BD5021F0100021680C3141E80002002AF3D1D5
S3150800BD6000BF2068006800F0100010280AD100BF44
S3150800BD7000200090206800680090206840680090C5
S3150800BD8000BF00BFA18D2046FAF7BEFC02E02046A0
S3150800BD90FBF752FA0020F8BD01E00020FBE702207D
S3150800BDA0F9E700002DE9FC5F0446A449606888426B
S3150800BDB000D804E040F69961A1A001F0E6F9E06830
S3150800BDC018B1E068B0F5005F00D104E040F69A616A
S3150800BDD09BA001F0DAF9206938B12069B0F5806FC7
S3150800BDE003D02069B0F5C06F00D104E040F69B612E
S3150800BDF093A001F0CAF94FF6F3716069084010B9CB
S3150800BE00606900B104E040F69C618DA001F0BDF9BF
S3150800BE102068006920F44050E168084321680861F9
S3150800BE202169A068084361690843E16940EA010A93
S3150800BE302068C06849F20C61884340EA0A00216814
S3150800BE40C8602068406920F44070A16908432168E9
S3150800BE50486189492068884203D088492068884211
S3150800BE6003D1F8F7C3F9814602E0F8F7AFF981463E
S3150800BE70E069B0F5004F70D102206168A0FB01505F
S3150800BE8003461920A9FB00712A463846F4F7FAF941
S3150800BE906421B0FBF1F0070102206168A0FB0150A4
S3150800BEA003461920A9FB00B001462A465846F4F76E
S3150800BEB0E9F9804602206168A0FB01511920A9FB17
S3150800BEC000B084462A460B4658466146F4F7DAF926
S3150800BED06421B0FBF1F000EBC00101EB0010A8EB08
S3150800BEE08000322101EBC0006421B0FBF1F000F0C4
S3150800BEF0F80007EB400702206168A0FB01500346E3
S3150800BF001920A9FB00B001462A465846F4F7BAF9A3
S3150800BF10804602206168A0FB01511920A9FB00B0E8
S3150800BF2084462A460B4658466146F4F7ABF964211F
S3150800BF30B0FBF1F000EBC00101EB0010A8EB8000AC
S3150800BF40322101EBC0006421B0FBF1F000F00700DC
S3150800BF503844216888606FE0FFE704206168A0FB29
S3150800BF60015003461920A9FB007001462A463846A7
S3150800BF70F4F788F9834604206168A0FB015003465C
S3150800BF801920A9FB007001462A463846F4F77AF9C3
S3150800BF906421B0FBF1F000EBC00101EB0010ABEB44
S3150800BFA08000322101EB00106421B0FBF1F000F0B3
S3150800BFB0F00B04206168A0FB01511920A9FB007051
S3150800BFC080462A460B4638464146F4F75BF9642113
S3150800BFD0B0FBF1F00BEB001B04206168A0FB0151DC
S3150800BFE01920A9FB007080462A460B46384641466A
S3150800BFF0F4F748F9074604206168A0FB01510B468F
S3150800C0001920A9FB00012A46CDE90001F4F73AF9FF
S3150800C0106421B0FBF1F000EBC00101EB0010A7EBC7
S3150800C0208000322101EB00106421B0FBF1F000F032
S3150800C0300F00584421688860BDE8FC9FA037A0001F
S3150800C0402E5C447269766572735C53544D3332467E
S3150800C0503478785F48414C5F4472697665725C5300
S3150800C06072635C73746D3332663478785F68616CBA
S3150800C0705F756172742E6300001001400014014060
S3150800C08077B581B0044615460298A062A5850020BA
S3150800C0906064222084F842002C48E16BC8632C486F
S3150800C0A0E16B08642B48E16BC8640020E16B086506
S3150800C0B002AE32682368191D2B46E06BF6F78EFC34
S3150800C0C038B110206064202084F84200012004B0B2
S3150800C0D070BD00BF002000902068006800902068AE
S3150800C0E04068009000BF00BF206970B100BF00BF64
S3150800C0F021680C3151E8001F41F4807021680C3129
S3150800C10041E80002002AF3D100BF00BF00BF216842
S3150800C110143151E8001F41F001002168143141E84B
S3150800C1200002002AF3D100BF00BF00BF2168143106
S3150800C13051E8001F41F040002168143141E800022F
S3150800C140002AF3D100BF0020C1E70000B7BA0008F3
S3150800C1506BBB000867BA0008014691F84100212820
S3150800C16028D18868B0F5805F0BD1086948B90A6A92
S3150800C1701088C0F308000B685860086A801C0862BB
S3150800C18005E00B6A581C086218780B685860C88C5A
S3150800C190401E80B2C88458B90868C06820F080007C
S3150800C1A00B68D8600868C06840F040000B68D86023
S3150800C1B0002070470220FCE72DE9F84304460D46A7
S3150800C1C017469846089E31E0701C70B3F6F734FFA0
S3150800C1D0A0EB0800B04200D816B90320BDE8F883E2
S3150800C1E02068C06800F00400F8B1802D1ED0402DEC
S3150800C1F01CD020680068C0F3C000B0B100BF0020A2
S3150800C200009020680068009020684068009000BF91
S3150800C21000BF2046FFF7EEFC0820606400BF002040
S3150800C22084F8400000BF0120D8E7FFE720680068CF
S3150800C2302840A84201D1012000E00020B842C3D01E
S3150800C2400020CBE710B50248FAF732FB10BD000014
S3150800C250C41E002010B50248FAF72AFB10BD0000DC
S3150800C2600C1F002010B50248FAF722FB10BD00008B
S3150800C270541F002000BFFEE70FB438B5044606A8D1
S3150800C28000904FF496712046009B059A00F042F8FC
S3150800C2900546AAB22146204600F006F8002000907E
S3150800C2A038BC5DF814FB00002DE9F04107460C4642
S3150800C2B01546F6F7C1FE064606E0F6F7BDFE801BF4
S3150800C2C0B0F57A7F00D904E0074890F841002028A5
S3150800C2D0F3D100BF4FF47A732A4621460248FAF78B
S3150800C2E0ADFFBDE8F0810000C41E00200FB4084B66
S3150800C2F010B504A902AA039800F0B4FB044602A9E3
S3150800C300002000F03DFF204610BC5DF814FB00003D
S3150800C31081D100087CB50C001D461646014601D0A1
S3150800C320601E00E00020CDE90010064B6A4629464B
S3150800C330304600F097FB002C02D0009A00211170BD
S3150800C3407CBD00006BD100084100080218BF04201C
S3150800C3500A0E18BF40F001004FF07F4232EA010191
S3150800C36008BF40F00200012808BF052070470000FA
S3150800C37002480068C0F30220704700000CED00E098
S3150800C38010B5002804DB0A07130E054A135406E005
S3150800C3900A07140E034A00F00F031B1FD45410BDDE
S3150800C3A000E400E018ED00E000487047240400208F
S3150800C3B0EFF305807047000010B54FF00E402DEDE5
S3150800C3C0028BB0EE408A18EE104A00EB4400B0F13A
S3150800C3D0506F4AD84FF0FC40B0EB440F22D2B0EE73
S3150800C3E0C80AF7EE000A30EEC00AF6EE000A60EE5A
S3150800C3F0208A18EE900A04F08AFD01EE100A14F05D
S3150800C400004F1DBFDFED2D0A9FED2D0AB1EE411A33
S3150800C410DFED2C0A08BF9FED2C0AF8EE001A21EE74
S3150800C420218A05E0DFED290A68EE088AB0EE600A7F
S3150800C4309FED271ADFED271A30EE080A48EE811A13
S3150800C4409FED251A08EEA11ADFED241A48EE811A87
S3150800C4509FED231A08EEA11A68EE281ABDEC028B86
S3150800C46001EE810A30EE200A10BD4FF0E440B0EB31
S3150800C470440F0CD918EE100AFFF766FF042808BF08
S3150800C48000F0F8F9B0EE480ABDEC028B10BD4FF08B
S3150800C4907F40B0EB440F07D2B0EE480ABDEC028BE2
S3150800C4A0BDE8104000F0D7B9012000F00BFABDEC4A
S3150800C4B0028BBDE8104000F0D5B900000000C9BFE6
S3150800C4C022AAFDB90000C93F22AAFD3900000000D2
S3150800C4D024FE1C3DC78AD83C1E67383D1B93993DF0
S3150800C4E0AFAA2A3E70B54FF068422DED048BF0EEE8
S3150800C4F0408A18EE900AB0EE608A18EE101A02EB1F
S3150800C5004003B3F1654F3CBF02EB4102B2F1654F00
S3150800C5107DD200BFC0F3C753C1F3C7529A1A1B2A6C
S3150800C52009DD10F0004F14BF9FED830A9FED830AC3
S3150800C530BDEC048B70BD12F11A0F36DA11F0004FFC
S3150800C54009D010F0004F0CBF9FED7D0A9FED7D0AC4
S3150800C550BDEC048B70BD88EE889A19EE100AFFF7B9
S3150800C560F3FE042808BF00F085F918EE900AFFF7D5
S3150800C570EBFE054618EE100AFFF7E6FE044619EE2E
S3150800C580100AFFF7E1FE042D18BF052D08D1042C6B
S3150800C59018BF052C04D1002804BF022000F092F928
S3150800C5A0B0EE490ABDEC048B70BD4200B2EB410FF8
S3150800C5B03AD910F0004F19BFDFED630A9FED630A01
S3150800C5C0DFED630A9FED630AB0EE481A0A46B1EE3C
S3150800C5D0688A80F00041F0EE418A10460A1A520035
S3150800C5E0B2F1807F34D2484010F0004FDFED5A1A7E
S3150800C5F09FED5A2A1DBFBEEE001A70EEE10A30EE14
S3150800C600420AB6EE001A08BF70EEA10A00E040E042
S3150800C61008BF30EE020AB0EE682A01EE482A08EE94
S3150800C620818AC2EE081A15E011F0004F04BF9FED8B
S3150800C6304C0AF0EE400AD1D010F0004F19BFDFEDDA
S3150800C640490A9FED490ADFED490A9FED490AC5E700
S3150800C650C8EE881A21EEA11A9FED462ADFED462A72
S3150800C66041EE022A9FED452A01EE222ADFED442AF1
S3150800C67041EE022A9FED432ABDEC048B01EE222AE5
S3150800C68021EE811A01EE020A30EE210A30EE200A66
S3150800C69070BD4FF07F42B2EB400F28BFB2EB410F9F
S3150800C6A009D2F0EE480AB0EE680ABDEC048BBDE884
S3150800C6B0704000F0D3B840EA01035B0008BF41F0C0
S3150800C6C0FF410BD0B2EB400F08BFB2EB410F08D1C8
S3150800C6D020F0804008EE900A21F0804108EE101AFA
S3150800C6E018E7B2EB400F12BF5FEA410340F0FF4084
S3150800C6F001F000413FF40EAFB2EB410F12BF5FEA03
S3150800C700400200F0004041F0FF413FF403AF4A0009
S3150800C71092EA40033FF5FEAE002AACBF9FED1A0A27
S3150800C7209FED1A0A68EE808A28EE008A18EE900AAB
S3150800C73018EE101AEEE60000DB0FC9BFDB0FC93F83
S3150800C740DB0F4940DB0F49C00000C9BF22AAFDB96B
S3150800C7500000C93F22AAFD390060ED3EC30ACE3764
S3150800C76000000000000049C022AA7DBA0000494026
S3150800C77022AA7D3A2DAD65BD8FB8D53D0FB511BE40
S3150800C78061C84C3EA8AAAABE0000804F0000802FB0
S3150800C79030B583B0044600F07FF89FED090B0546D7
S3150800C7A08DED000B002221466846F4F78EFA2846DE
S3150800C7B000F088F89DED000B03B030BD00000000C6
S3150800C7C000000000000000002DED020B019820F08B
S3150800C7D0004001909DED000B02B0704700B52DEDAD
S3150800C7E0048BB0EE409AF0EE609A83B051EC190BC8
S3150800C7F0F4F76AFB41EC180B18EE100A18EE901ABB
S3150800C8008DED008B002818BF0120084320F000405A
S3150800C810C0F17F6000F1E040C00F14D019EE101A85
S3150800C82019EE900A8DED009B002918BF01210843D7
S3150800C83020F00040C0F17F6000F1E040C00F04BF67
S3150800C840012000F03FF8B0EE480A03B0F0EE680A9F
S3150800C850BDEC048B00BD30EE000A704730EE200AAE
S3150800C86070470000DFED020A80EEA00A704700005C
S3150800C870000000009FED020A20EE000A7047000043
S3150800C8800000001010B505F025FD10BD10B50446D2
S3150800C890204603F054F810BD0148006870470000B0
S3150800C8A02404002002E008C8121F08C1002AFAD191
S3150800C8B070477047002001E001C1121F002AFBD112
S3150800C8C070470000014908607047000024040020F2
S3150800C8D02DE9FF5F82B00021DDE90430020DDDF8A5
S3150800C8E040B0034318D044F61050A2F2FF32424338
S3150800C8F01514119801281FD0A5EB0B00401C5FEA00
S3150800C900000A4FF000064E4FDFF83891B046504601
S3150800C91015D5CAF1000413E0119801244AA3012889
S3150800C92001D16FEA0B010298119AC0E90031C0E9FA
S3150800C930024206B0BDE8F09FCBF10000DFE70446EF
S3150800C9400021404A491842EB0450CDE9001012E094
S3150800C950E00707D032463B4640464946F3F7CEFF46
S3150800C9608046894632463B4610461946F3F7C6FFC7
S3150800C97006460F466410002CEAD1DDE90401DDE91C
S3150800C9800023BAF1000F06DAF3F7B8FF42464B4622
S3150800C990F3F7B4FF05E0F4F723F842464B46F4F7FD
S3150800C9A01FF804460E460022284BF4F7C5F803D8AC
S3150800C9B04FF0FF30014607E00022254B204631465E
S3150800C9C0F3F7F5FEF4F7DDFA102409E0002C0ADB8C
S3150800C9D00A220023F3F756FC039B30321A55641ECD
S3150800C9E050EA0102F2D1641C039AC4F111031444FB
S3150800C9F0119A012A03D0012208430DD10AE00843FF
S3150800CA0004D000204FF0110B119072E7A3EB0B0531
S3150800CA106D1E0DE05B4504DD4FF0000205F10105D2
S3150800CA2004E003DA4FF00002A5F10105002AECD074
S3150800CA3002981199C0E90231C0E9004579E700007A
S3150800CA40000014400000F03F300000000000F043F2
S3150800CA500000E03F30380A2801D201207047002044
S3150800CA60704700002DE9FF4F95B09A46884606465E
S3150800CA700025EEE1252877D100242746F94A012129
S3150800CA80039400E0044316F8013F203B01FA03F043
S3150800CA901042F7D130782A2811D06FF02F0330785A
S3150800CAA0A0F13002092A16D8039A44F0020402EBD0
S3150800CAB0820203EB42021044761C0390EFE758F813
S3150800CAC0042B0392002A03DA504244F400540390DC
S3150800CAD044F00204761C30782E2816D116F8010F79
S3150800CAE044F004042A280DD06FF02F023078A0F104
S3150800CAF03003092B09D807EB870302EB4303C71852
S3150800CB00761CF3E758F8047B761C30786C280FD02F
S3150800CB1006DC4C2817D068280DD06A2814D104E002
S3150800CB20742810D07A280FD10DE044F400140AE0D6
S3150800CB3044F4801401E044F440147278824202D12D
S3150800CB4004F58014761C761C307866280BD013DC26
S3150800CB50582877D009DC002875D04528F6D046280D
S3150800CB60F4D047281AD193E118E0632835D0642811
S3150800CB7079D0652812D18BE1702873D008DC672834
S3150800CB80F1D069286FD06E280DD06F2806D1ACE099
S3150800CB9073282CD0752874D0782853D05246179904
S3150800CBA090476D1C54E1C4F30250022809D00328AB
S3150800CBB00DD0D8F8001004280DD00D6008F104082F
S3150800CBC046E1D8F80010EA17C1E90052F6E7D8F8A6
S3150800CBD000100D80F2E70D70F0E718F8041B8DF8C9
S3150800CBE0001000208DF80100EB46012003E058F8FC
S3150800CBF004BB4FF0FF3061074FF0000102D40DE08F
S3150800CC0009F101018946B9420FDA8145F8DB1BF8BB
S3150800CC1009100029F4D108E009F101018946814289
S3150800CC20FADB1BF809100029F6D103985346A0EB46
S3150800CC30090721463846179A00F080FA284400EB7F
S3150800CC40090507E044E008E10DE01BF8010B524630
S3150800CC5017999047B9F10109F7D253462146384644
S3150800CC60179AF2E039E00A21C4F302524FF0000B9A
S3150800CC700091022A06D058F8040BC117032A09D0D6
S3150800CC800AE023E008F1070020F00702F2E80201B3
S3150800CC90904605E000B2C117042A01D140B2C11777
S3150800CCA0002906DA0A460021404261EB02012D22DC
S3150800CCB002E0220504D52B228DF80420012203E088
S3150800CCC0E20701D02022F7E7914657E00A2100E063
S3150800CCD010214FF0000B00910BE010214FF0000BD4
S3150800CCE044F004040827009103E008204FF0000BE5
S3150800CCF00090C4F30252022A05D058F8040B00210A
S3150800CD00032A08D008E008F1070020F00702F2E835
S3150800CD100201904603E080B2042A00D1C0B24FF067
S3150800CD20000922072AD53278702A07D0DDF800C014
S3150800CD308CF0100C5CEA0B0C05D00EE040228DF846
S3150800CD400420012208E050EA010306D030238DF8BA
S3150800CD5004308DF8052002229146009B83F00803D3
S3150800CD6053EA0B030AD150EA010201D1620705D53D
S3150800CD7030228DF804204FF001097F1E3278582A98
S3150800CD8004D039A20C920CAA02920BE03BA2F9E756
S3150800CD905B46009AF3F776FA0C9B9B5C029A521E46
S3150800CDA00292137050EA0102F2D1029804A9081AF5
S3150800CDB000F1200B600702D524F4803400E0012737
S3150800CDC05F4502DDA7EB0B0000E0002000EB0B013E
S3150800CDD0009003984944401A0390E00306D453464A
S3150800CDE02146179A039800F0A9F90544002706E09A
S3150800CDF001A85246C05D179990476D1C7F1C4F4588
S3150800CE00F6DBE0030CD553462146179A039800F043
S3150800CE1095F9054404E030205246179990476D1C51
S3150800CE200099481E00900029F5DC08E0029802994E
S3150800CE3052460078491C0291179990476D1CBBF120
S3150800CE400001ABF1010BF1DC5BE100F065F905448B
S3150800CE50761C307800287FF40DAE19B02846BDE858
S3150800CE60F08F000009280100303132333435363767
S3150800CE703839616263646566000000003031323318
S3150800CE8034353637383941424344454600000000B8
S3150800CE90600700D4062708F1070020F00700F0E82D
S3150800CEA00223804603F0004C5FEA0C0001D097A0ED
S3150800CEB009E0200501D596A005E0E00701D095A078
S3150800CEC001E0AFF24C001390307823F00043652858
S3150800CED00CD006DC452809D046281DD047287FD126
S3150800CEE03BE0662818D067287AD136E00021112F52
S3150800CEF001DB112000E0781CCDE9000104A90CA88B
S3150800CF00FFF7E6FCDDE90D010C9A4FF0000B07F17F
S3150800CF100109109200914EE04FF000400097CDE9CC
S3150800CF20011004A90CA8FFF7D3FCDDE90D020C9B40
S3150800CF300F994FF0000B91461093009211B9791C86
S3150800CF4000EB0109B7EB090003D4C0F1FF3B07F179
S3150800CF500109A9EB0700019042E0012F00DA012739
S3150800CF600021112F01DD112000E03846CDE900012E
S3150800CF7004A90CA8FFF7ACFCDDE90D010C9A009199
S3150800CF804FF0000BB946109221070FD4009A4A4574
S3150800CF9003DA914601E0A9F10109B9F1010F05DDAE
S3150800CFA0109AA9F10101515C3029F4D0B84202DA8D
S3150800CFB010F1040F03DA0121CDE9011010E0002871
S3150800CFC003DC8344A9EB000102E0411C494500DD6E
S3150800CFD08946A0EB0B00401C01904FF000400290E0
S3150800CFE0200705D40198484502DB4FF0FF30019031
S3150800CFF000208DF84B0002980DF14B07B0F1004F59
S3150800D00025D002200C902B200D90029800280CDACF
S3150800D010404202902D200D9007E00A210298F3F76E
S3150800D020BFFD3031029007F8011D0C99481E0C907F
S3150800D0300029F2DC02980028EFD1791E0D980870B5
S3150800D040307800F0200040F0450007F8020D11A8DE
S3150800D050C01BC01D02901398007800B1012000EB98
S3150800D0600901019801EBE071029801440398401AFE
S3150800D070401E0390E00306D453462146179A0398A8
S3150800D08000F05CF805441398007818B152461799D1
S3150800D09090476D1CE00323D553462146179A0398FB
S3150800D0A000F04CF805441BE0BBF1000F07DB0098C5
S3150800D0B0584504DD1098179910F80B0001E01799E8
S3150800D0C030205246904701980BF1010B401E05F19E
S3150800D0D00105019004D12E205246179990476D1CE0
S3150800D0E0B9F10001A9F10109DEDC05E017F8010B29
S3150800D0F05246179990476D1C0299481E02900029BE
S3150800D100F4DC53462146179A03989EE62D00000044
S3150800D1102B000000200000002DE9F0410446002500
S3150800D1201E461746880404D405E039462020B04731
S3150800D1306D1C641EF9D52846BDE8F0812DE9F0413D
S3150800D140044600251E469046C80301D5302700E050
S3150800D1502027880404D505E041463846B0476D1CAB
S3150800D160641EF9D52846BDE8F0814A68002A06D02B
S3150800D1700A68531C0B6010704868401E4860704768
S3150800D1800A68531C0B601070704770471D48007979
S3150800D190012808D100201C490860DFED1C0A1C483C
S3150800D1A0C0ED000A70471848006838280CDA184895
S3150800D1B0D0ED000A70EE800AC0ED000A1248006839
S3150800D1C0401C114908601BE00F480068382817D131
S3150800D1D00F4890ED001ADFED0F1A81EE212AF0EEC6
S3150800D1E0420A0848C0ED000A0120064908710020D5
S3150800D1F0054908609FED051A054880ED001A00BF2D
S3150800D20000BFCFE7BC0800209802002000000000FD
S3150800D21094020020000060421D48007F012808D1C2
S3150800D22000201C490860DFED1C0A1C48C0ED000AF6
S3150800D2307047184800680E280CDA1848D0ED000A1E
S3150800D24070EE800AC0ED000A12480068401C1149B9
S3150800D25008601BE00F4800680E2817D10F4890EDAC
S3150800D260001AF2EE0C1A81EE212AF0EE420A08485C
S3150800D270C0ED060A0120064908770020054908601E
S3150800D2809FED051A054880ED001A00BF00BFCFE7DD
S3150800D290BC080020A0020020000000009C0200201C
S3150800D2A010B504462046FBF799FC84F8440094F828
S3150800D2B0440010BDD1ED011A91ED032A61EE821AE0
S3150800D2C091ED002AD1ED022A42EE621AB0EE002A4A
S3150800D2D061EE821AB0EE610AD1ED001A91ED012ACB
S3150800D2E061EE821A91ED022AD1ED032A42EE221A44
S3150800D2F0B0EE002A61EE821AF0EE610AD1ED011A4B
S3150800D30061EEA11A91ED022AD1ED022A42EE221A05
S3150800D310B7EE002AF0EE002A02EEE12AB0EE421A33
S3150800D320D0ED001A9FED0B2A40EE421AC0ED001A06
S3150800D330D0ED011A9FED072A40EEC21AC0ED011A78
S3150800D340D0ED021A9FED032A41EE421AC0ED021AE9
S3150800D3507047000000007A442DE9F04104460D4666
S3150800D36000266068407818B101263046BDE8F0818D
S3150800D3702846F2F7F5FF87B2E0683A462946436839
S3150800D380204698473046F1E72DE9F04704460E4611
S3150800D39017464FF00008C1460025A168486880472F
S3150800D3A0804610E0A16848688047A0EB0800B0F501
S3150800D3B0FA7F08D94FF0010935A14148FEF75CFF0D
S3150800D3C04846BDE8F087606840780028EAD1012021
S3150800D3D06168487031463B4803F014FD3948F2F756
S3150800D3E0BFFF1FFA80FAE06852463649436820466E
S3150800D3F09847A16848688047804615E0A16848684C
S3150800D4008047A0EB0800B0F5FA7F0DD900206168C7
S3150800D41048704FF001092CA12948FEF72DFF01207D
S3150800D420364908744846CCE7606840780128E5D054
S3150800D43060684078022829D13046F2F791FFC51E68
S3150800D4402A462FA11E48FEF717FF354A35A11C4864
S3150800D450FEF712FF03F080FF3148F2F781FF401B09
S3150800D460A0F1010A2E48411952463846F2F7AEFF96
S3150800D47000206168487003F099FF3A462EA11048CB
S3150800D480FEF7FAFE4FF0000948469AE7484698E73D
S3150800D4904572726F723A204A4459207175657279DD
S3150800D4A02074696D656F7574202877616974696E73
S3150800D4B06720666F722069646C65292E0A00000071
S3150800D4C09C2200207C1A00204572726F723A204A0C
S3150800D4D044592071756572792074696D656F757424
S3150800D4E0202877616974696E6720666F7220726595
S3150800D4F073706F6E7365292E0A000000CC06002033
S3150800D50052656365697665642064617461206C653B
S3150800D5106E6774683A2020202025640A00000000FF
S3150800D520951A00205265636569766564206461749E
S3150800D530613A2025730A0000517565727920726573
S3150800D54073756C743A2025730A00000070B504469A
S3150800D5500D4629462046FCF707FA84F8440094F855
S3150800D560440070BD10B52DED048BB0EE408AF0EE88
S3150800D570608A38EE880AB0EE409A38EEC80AF0EEAD
S3150800D580409A9FED120A29EE800ABDEEC00A10EEF7
S3150800D590103A9FED0E0A29EE800ABDEEC00A10EE7B
S3150800D5A0102A9FED0A0A29EE000ABDEEC00A10EEFF
S3150800D5B0101A9FED060A29EE000ABDEEC00A10EE03
S3150800D5C0100AFDF715FDBDEC048B10BD0000A04246
S3150800D5D02DE9F04104460D4616461F463B4632469F
S3150800D5E029462046FBF7D5FB84F8440094F8440006
S3150800D5F0BDE8F08110B52DED048B04462046F3F7FF
S3150800D6005EFA41EC190B9FED070B53EC102BF3F761
S3150800D610E7F941EC180BF3F7A7FA00EE100ABDEC90
S3150800D620048B10BD000000000000D04130B52DED80
S3150800D630048B83B00446607809287AD2DFE800F0C4
S3150800D640E4051E3B5A7A8DA0C70064217348F2F799
S3150800D65072FE73480068F3F743FA41EC180B53EC73
S3150800D660182B70A16D48FEF741FE6C48F2F778FE5C
S3150800D67085B229466948A2699047C6E06421674889
S3150800D680F2F759FE6D4890ED020A10EE101A084698
S3150800D690F3F726FA41EC180B53EC182B68A15F48F0
S3150800D6A0FEF724FE5D48F2F75BFE85B229465B4825
S3150800D6B0A2699047A9E064215848F2F73CFEE07851
S3150800D6C0401CE070E078022801D10020E070E07884
S3150800D6D008B161A000E061A0024661A14F48FEF7CB
S3150800D6E005FE4E48F2F73CFE85B229464B48A2692C
S3150800D6F090478AE0207B401C2073207B022801D1BA
S3150800D7000020207364214548F2F715FE207B08B1F6
S3150800D71056A000E058A002465AA14048FEF7E6FD8A
S3150800D7203E48F2F71DFE85B229463C48A269904755
S3150800D7306BE069E00120607364213848F2F7FBFD6D
S3150800D74055A13648FEF7D2FD3448F2F709FE85B2F0
S3150800D75029463248A269904757E00120A073642100
S3150800D7602E48F2F7E8FD53A12C48FEF7BFFD2B48DB
S3150800D770F2F7F6FD85B229462848A269904744E0A3
S3150800D78064212648F2F7D7FD94ED020A10EE101A26
S3150800D7900846F3F7A5F941EC180B94ED010A10EECB
S3150800D7A0101A0846F3F79CF941EC190B8DED008B1E
S3150800D7B053EC192B46A11948FEF798FD1748F2F7BE
S3150800D7C0CFFD85B229461548A26990471DE0607CC1
S3150800D7D008B9012000E00020607464210F48F2F7C0
S3150800D7E0AAFD607C08B141A000E043A0024647A11B
S3150800D7F00A48FEF77BFD0948F2F7B2FD85B22946CD
S3150800D8000648A269904700E000BF00BF0920607083
S3150800D810012003B0BDEC048B30BD0000F0060020EB
S3150800D8205002002042617474657279206C657665D1
S3150800D8306C20697320252E3166760A0018090020A7
S3150800D840506974636820616E676C6520697320256A
S3150800D8502E31660A000000004F4E00004F46460073
S3150800D860416C61726D2025730A000000416374697A
S3150800D8707661746564000000446561637469766165
S3150800D880746564004F6E652D6B65792073746F70CF
S3150800D8902025730A000000004F6E652D6B65792000
S3150800D8A073746172742072656365697665642E0A9D
S3150800D8B0000000004F6E652D6B65792072657475E2
S3150800D8C0726E2072656365697665642E0A000000CB
S3150800D8D0536574205859204F4B3A20783D252E32EF
S3150800D8E0662C20793D252E32660A000054575220B0
S3150800D8F0636F6E74726F6C00424C452072656D6F73
S3150800D900746520636F6E74726F6C00004D6F64658A
S3150800D910206368616E67656420746F2025730A004A
S3150800D92070B504460D4604B10DB9002070BD00BFA0
S3150800D9302089E188884205D1E07AA17A884201D116
S3150800D940012000E0002008B10020EFE72046FDF79F
S3150800D950A9FA0646324629462046FDF75AFA012014
S3150800D960E4E7014609B905207047092048700020F8
S3150800D9708870C870087348738873C8730874B0EEE3
S3150800D980000A81ED010AB0EE000A81ED020A487428
S3150800D9900120E9E770B504460D46012604B10DB924
S3150800D9A0052070BD207808B10420FAE765610D48A6
S3150800D9B0A0610D48E0610D4820622046FFF7D1FFBF
S3150800D9C0012E07D00020606109A11248FEF754FC19
S3150800D9D03046E6E7122110A0A26990470120207080
S3150800D9E03046DEE7C1DB00082DDA00082DD6000830
S3150800D9F04572726F723A2044545520696E6974698B
S3150800DA00616C697A6174696F6E206661696C6564B8
S3150800DA102E0A00009C22002054686520636172204B
S3150800DA2069732072656164792E0A000070B5044630
S3150800DA300D4653488078012819D129465148FFF7E1
S3150800DA406FFF2846F2F78CFC86B2324629462046F6
S3150800DA50F3F764FF31462846F2F76DFC61694868BA
S3150800DA6080474949086000204549887000BFE07B27
S3150800DA70012815D164214548F2F75DFC44A14348C5
S3150800DA80FEF734FC4148F2F76BFC86B231463F4854
S3150800DA90A2699047606901684FF4FA70884717E0F1
S3150800DAA0207C012814D164213848F2F744FC3BA1B4
S3150800DAB03648FEF71BFC3548F2F752FC86B231466B
S3150800DAC03248A2699047606901684FF4FA7088473E
S3150800DAD06169486880472C490968401A3249884272
S3150800DAE04BD964212948F2F726FC30A12748FEF7CE
S3150800DAF0FDFB2648F2F734FC86B231462348A26974
S3150800DB009047606901684FF4FA70884764211F4896
S3150800DB10F2F711FC26A11D48FEF7E8FB1B48F2F7B1
S3150800DB201FFC86B231461948A269904760690168A8
S3150800DB304FF4FA70884764211448F2F7FCFB1DA1DC
S3150800DB401248FEF7D3FB1148F2F70AFC86B23146B3
S3150800DB500E48A2699047606901684FF4FA708847D1
S3150800DB600A48F2F7FDFB86B231460848A269904793
S3150800DB7061694868804704490860012070BD000053
S3150800DB80CC06002030170020D8010020F00600201F
S3150800DB90696D75206572726F720000006A6479207B
S3150800DBA06572726F72000000E09304002B2B2B0045
S3150800DBB061746B0041542B5057520D0A0000000047
S3150800DBC070B504460D462A4621460248F9F796FBE3
S3150800DBD0012070BD7C1E002070B504460D46164611
S3150800DBE0324629462046FBF76CF884F8440094F838
S3150800DBF0440070BD70B504460D462079012808D149
S3150800DC0029462046FAF7FFFF84F8440094F84400B2
S3150800DC1070BD0820FCE770B504460E461546207907
S3150800DC20012809D12A463146204600F095FB84F89A
S3150800DC30440094F8440070BD0820FCE770B504461B
S3150800DC400D4629462046FBF70DF884F8440094F85B
S3150800DC50440070BDFEB506460EB90320FEBD374624
S3150800DC6006F12C05002402213846FBF709FD04437A
S3150800DC70012302AA14213846FBF777F804439DF8D6
S3150800DC8008004108287D61F30100287502213846FD
S3150800DC90FBF7F6FC0443012301AA19463846FBF7AD
S3150800DCA064F804439DF804004108287D61F3830065
S3150800DCB0287501236A4615213846FBF756F80443AA
S3150800DCC02046CBE7014890ED020A7047BC080020C1
S3150800DCD0034890ED030AD0ED040A90ED051A704743
S3150800DCE0BC080020014890ED080A7047BC080020CF
S3150800DCF02DE9FF4F87B004460D461646DDF868B095
S3150800DD0015AF97E880071998CDE9050BCDE9039A71
S3150800DD1014988DE881013246294620460A9BFBF76E
S3150800DD2098F884F8440094F844000BB0BDE8F08FE6
S3150800DD3070B504460D4629462046FBF7DAF984F8FD
S3150800DD40440094F8440070BD70B504460D46294653
S3150800DD502046FBF72DFA84F8440094F8440070BD79
S3150800DD6010B504462046FBF74AFA84F8440094F8AE
S3150800DD70440010BDF8B504460D461646002000902E
S3150800DD806B46324629462046FBF760FA84F844007B
S3150800DD909DF80000F8BD7FB504460D46164603AB50
S3150800DDA0324629462046FBF761FA84F8440094F87F
S3150800DDB0440004B070BD10B50446206808B90320B5
S3150800DDC010BD0120207100206071FF20A071E07154
S3150800DDD00020A060207320616061A061E061217964
S3150800DDE0204603F0B3F884F8440094F84400E7E7C3
S3150800DDF010B50446FFF766FF84ED000AFFF768FFD3
S3150800DE0084ED010AC4ED020A84ED031AFFF76AFFDE
S3150800DE1084ED040A10BD000070B59CB00646307942
S3150800DE20012802D008201CB070BD0025002400205F
S3150800DE300121CDE903010A22CDE90510CDE900212A
S3150800DE4003230C22029101463046FFF751FF044690
S3150800DE50AC4200DD25460120002103910491CDE95D
S3150800DE600510CDE9000131230C2201460290304607
S3150800DE70FFF73EFF0446AC4200DD25460321304647
S3150800DE8002F0B4FF0446AC4200DD254604201B9090
S3150800DE9001231BAA00213046FFF79AFB0446AC4231
S3150800DEA000DD25460121304602F0B9FF0446AC42A2
S3150800DEB000DD25460021304602F098FF0446AC42B4
S3150800DEC000DD254640201A9001231AAA072130466C
S3150800DED0FFF77EFB0446AC4200DD254601221321EE
S3150800DEE0304602F0F9FF0446AC4200DD2546002123
S3150800DEF03046FFF7A3FE0446AC4200DD2546002166
S3150800DF003046FFF777FE0446AC4200DD25469DF80D
S3150800DF10640020F00300401C19909DF8640020F06E
S3150800DF200C000C30199003213046199A02F0B4FF00
S3150800DF300446AC4200DD25460021304602F056FF75
S3150800DF400446AC4200DD254600201890012318AA95
S3150800DF5066213046FFF73CFB0446AC4200DD254609
S3150800DF60012318AA67213046FFF732FB0446AC4264
S3150800DF7000DD25460021304600F0BCF90446AC42D7
S3150800DF8000DD2546304602F09BFE0446AC4200DD25
S3150800DF90254613208DF85E00ADF85C000321304657
S3150800DFA0179A02F0A7FF0446AC4200DD25464FF457
S3150800DFB08051304602F05FFF0446AC4200DD25463C
S3150800DFC0304601F0E9FA0446AC4200DD25464FF436
S3150800DFD08051304602F04FFF0446AC4200DD25462C
S3150800DFE00021304602F002FF0446AC4200DD254619
S3150800DFF048201690012316AA75213046FFF7E8FA3D
S3150800E0000446AC4200DD25460021304602F0EEFE0D
S3150800E0100446AC4200DD2546E4201590012315AAE6
S3150800E02026213046FFF7D4FA0446AC4200DD2546E1
S3150800E030A6A00068149014AB04224FF4F071304681
S3150800E04003F00AFC0446AC4200DD2546A0A00068A1
S3150800E050139013AB042240F2F441304603F0FCFB64
S3150800E0600446AC4200DD25460020129099A00068BF
S3150800E070119099A00068109011AB04224FF4B87162
S3150800E080304603F0E9FB0446AC4200DD254612ABF8
S3150800E09004224FF4BA71304603F0DEFB0446AC4264
S3150800E0A000DD254612AB04224FF4BC71304603F05E
S3150800E0B0D3FB0446AC4200DD254612AB04224FF4DE
S3150800E0C0BE71304603F0C8FB0446AC4200DD254667
S3150800E0D010AB04224FF4C071304603F0BDFB044672
S3150800E0E0AC4200DD254612AB04224FF4C27130461D
S3150800E0F003F0B2FB0446AC4200DD254612AB04220F
S3150800E1004FF4C471304603F0A7FB0446AC4200DD69
S3150800E110254612AB04224FF4C671304603F09CFB29
S3150800E1200446AC4200DD254610AB04224FF4C87104
S3150800E130304603F091FB0446AC4200DD254600203C
S3150800E1400F9066A000680E900EAB04224FF4506143
S3150800E150304603F081FB0446AC4200DD25460FAB92
S3150800E160042240F60451304603F076FB0446AC42DE
S3150800E17000DD25460FAB042240F60851304603F071
S3150800E1806BFB0446AC4200DD25460FAB042240F685
S3150800E1900C51304603F060FB0446AC4200DD2546D0
S3150800E1A00EAB04224FF45161304603F055FB04468A
S3150800E1B0AC4200DD25460FAB042240F6145130462A
S3150800E1C003F04AFB0446AC4200DD25460FAB0422A9
S3150800E1D040F61851304603F03FFB0446AC4200DDDA
S3150800E1E025460FAB042240F61C51304603F034FB9B
S3150800E1F00446AC4200DD25460EAB04224FF45261BC
S3150800E200304603F029FB0446AC4200DD25460322CE
S3150800E2101321304602F04DFE0446AC4200DD254689
S3150800E2202FA000680D900DAB042240F28C413046B9
S3150800E23003F012FB0446AC4200DD254629A000681F
S3150800E2400C900CAB04224FF48671304603F004FBA5
S3150800E2500446AC4200DD254623A000680B900BABB4
S3150800E26004224FF4B661304603F0F6FA0446AC428F
S3150800E27000DD25461DA000680A900AAB04224FF46B
S3150800E280B861304603F0E8FA0446AC4200DD25469C
S3150800E2900020099009AB022240F2E451304603F00F
S3150800E2A0DBFA0446AC4200DD254611A0006808905A
S3150800E2B008AB022240F20E71304603F0CDFA04464E
S3150800E2C0AC4200DD25462846ADE500000400000006
S3150800E2D00004000009999999F666666740000000EF
S3150800E2E01000000003A49249349249250B6DB6DB51
S3150800E2F00045000038B504460D466A46002120460A
S3150800E300FAF7C5FF84F8440094F8440010B194F86D
S3150800E310440038BD9DF8000065F345108DF80000EF
S3150800E3206A4669462046FAF7B2FF84F8440094F82C
S3150800E330440010B194F84400EBE79DF80000C0F3E0
S3150800E3404010A84205D0012084F8440094F84400FF
S3150800E350DFE794F84400DCE72DE9F74F82B005467D
S3150800E3604FF000080027BB46287918B9082005B0E1
S3150800E370BDE8F08F039802F0BBFC8146B9F12C0F7B
S3150800E38001DB0720F3E7844830F819404FF6FF70A1
S3150800E390844201D10720EAE7B9F1200F0CDA0120FF
S3150800E3A000FA09F6049818B92869B043286111E0FB
S3150800E3B02869304328610DE0A9F12000012101FAFE
S3150800E3C000F6049818B96869B043686102E068699C
S3150800E3D0304368610024002032E0012101FA00F68A
S3150800E3E02969314019B16C4931F810100C43696933
S3150800E3F0314029B1684A00F1200132F811100C4366
S3150800E4006649314011B906F4DD6119B14BF0020BCA
S3150800E41047F400776249314019B940F6180131408E
S3150800E42019B14BF0010B47F480775E49314011B9B9
S3150800E43006F0840119B14BF0080B47F08007401C21
S3150800E4402028CADB00212846FBF78EFA8046B8F159
S3150800E450000F01D040468AE700212846FBF76CF8F2
S3150800E4608046B8F1000F01D0404680E74FF0000A19
S3150800E47004F40040002801DD4AF4804A04F0400014
S3150800E480002803DC04F48040002801DD4AF4005A21
S3150800E49004F0200000280BDC04F40050002807DCF8
S3150800E4A004F48060002803DC04F48070002801DD91
S3150800E4B04AF4805A20128DF80400E0B28DF805005F
S3150800E4C02C8401AB02224021284600F02FFF80460B
S3150800E4D0B8F1000F01D0404649E74FEA2A208DF8E7
S3150800E4E004000AF0FF008DF80500A5F822A001AB8C
S3150800E4F002224221284600F019FF8046B8F1000F93
S3150800E50001D0404633E74FEA2B208DF804000BF084
S3150800E510FF008DF80500A5F824B001AB02228A2178
S3150800E520284600F003FF8046B8F1000F01D04046A8
S3150800E5301DE704F48060002801DD47F0400704F079
S3150800E540100000280BDC04F00100002807DC04F0AA
S3150800E5500200002803DC04F00400002801DD47F46B
S3150800E560005704F48070002801DD47F008073812C8
S3150800E5708DF80400F8B28DF80500EF8401AB02228D
S3150800E5804E21284600F0D2FE8046B8F1000F01D091
S3150800E5904046ECE64046EAE6106001080A8E9EE22E
S3150800E5A0188E01E60C4810832DE9FF4F85B0814689
S3150800E5B08A46934600270020009099F8040018B967
S3150800E5C0082009B0BDE8F08F99F8050008B10020C9
S3150800E5D0F7E700214846FBF7C7F907460FB1384663
S3150800E5E0EFE700214846FAF7A7FF07460FB1384676
S3150800E5F0E7E7D0465D46089E1CE0102D01DC2C4658
S3150800E60000E01024F0B22044B0F5807F03DDF0B2BC
S3150800E6102044A0F58074434622463146484600F019
S3150800E62085FE07460FB13846CBE7A044281B85B2BE
S3150800E630301986B2002DE0DCD0465D46089E25E0FE
S3150800E640102D01DC2C4600E01024F0B22044B0F571
S3150800E650807F03DDF0B22044A0F5807401AB22462A
S3150800E6603146484600F064FC074617B10098401C3E
S3150800E67000902246414601A8F1F779FE08B1092023
S3150800E6809FE7A044281B85B2301986B2002DD7DC37
S3150800E690009838B906A11148FDF7EEFD012089F862
S3150800E6A0050003E00EA10D48FDF7E6FD384688E7AC
S3150800E6B0444D50204669726D7761726520776173A3
S3150800E6C0207570646174656420737563636573731C
S3150800E6D066756C6C792E2E0D0A0000009C220020AF
S3150800E6E0444D50204669726D776172652077617373
S3150800E6F0206E6F7420757064617465642073756329
S3150800E7006365737366756C6C792E2E0D0A000000AE
S3150800E7102DE9F04186B007460C460025387918B928
S3150800E720082006B0BDE8F08101A93846FAF752FB81
S3150800E73005460DB12846F4E7BDF80400022801DABB
S3150800E7400A20EEE7002020800026022202A9384689
S3150800E750FAF71DFF05460DB12846E2E7002008E056
S3150800E76002A9095C0822A2EBC002914031438EB28D
S3150800E770401C0228F4DB2680BDF80400801E80B207
S3150800E780019000206080207800F0080000282EDD27
S3150800E790BDF80400022807DA01A93846FAF71AFB79
S3150800E7A005460DB12846BCE7BDF80400022801DA83
S3150800E7B00B20B6E70026022202A93846FAF7E7FE3A
S3150800E7C005460DB12846ACE7002008E002A9095C19
S3150800E7D00822A2EBC002914031438EB2401C0228A7
S3150800E7E0F4DB6680BDF80400801E80B201902088A4
S3150800E7F000F4004000282BDDBDF80400062807DADF
S3150800E80001A93846FAF7E6FA05460DB1284688E71B
S3150800E810BDF80400062801DA0B2082E7062202A9C1
S3150800E8203846FAF7B4FE05460DB1284679E70020C2
S3150800E83007E002A90A5CFE4951F82030211DCA5496
S3150800E840401C0628F5DBBDF80400801F80B2019045
S3150800E850208800F4804000282CDDBDF804000C2830
S3150800E86007DA01A93846FAF7B5FA05460DB128467A
S3150800E87057E7BDF804000C2801DA0B2051E70C22F3
S3150800E88002A93846FAF783FE05460DB1284648E739
S3150800E890002008E002A90A5CE64951F8203004F194
S3150800E8A00A01CA54401C0C28F4DBBDF804000C38D5
S3150800E8B080B20190208800F4005000282CDDBDF8B5
S3150800E8C00400062807DA01A93846FAF783FA054646
S3150800E8D00DB1284625E7BDF80400062801DA0B2005
S3150800E8E01FE7062202A93846FAF751FE05460DB17A
S3150800E8F0284616E7002008E002A90A5CCC4951F828
S3150800E900203004F11601CA54401C0628F4DBBDF871
S3150800E9100400801F80B20190208800F480500028EF
S3150800E92029DDBDF80400082807DA01A93846FAF7F0
S3150800E93051FA05460DB12846F3E6BDF80400082845
S3150800E94001DA0B20EDE6082202A93846FAF71FFE7F
S3150800E95005460DB12846E4E6002005E002A90A5C52
S3150800E96004F11C010A54401C0828F7DBBDF8040012
S3150800E970083880B20190208800F4006000282CDD59
S3150800E980BDF804000C2807DA01A93846FAF722FA76
S3150800E99005460DB12846C4E6BDF804000C2801DA80
S3150800E9A00B20BEE60C2202A93846FAF7F0FD05460A
S3150800E9B00DB12846B5E6002008E002A90A5C9E4982
S3150800E9C051F8203004F12401CA54401C0C28F4DB09
S3150800E9D0BDF804000C3880B20190208800F48060ED
S3150800E9E000282CDDBDF804000E2807DA01A93846F0
S3150800E9F0FAF7F0F905460DB1284692E6BDF8040087
S3150800EA000E2801DA0B208CE60E2202A93846FAF700
S3150800EA10BEFD05460DB1284683E6002008E002A99A
S3150800EA200A5C864951F8203004F13001CA54401C6A
S3150800EA300E28F4DBBDF804000E3880B20190208859
S3150800EA4000F4007000282CDDBDF80400062807DA5B
S3150800EA5001A93846FAF7BEF905460DB1284660E61B
S3150800EA60BDF80400062801DA0B205AE6062202A998
S3150800EA703846FAF78CFD05460DB1284651E60020C2
S3150800EA8008E002A90A5C6A4951F8203004F14001FD
S3150800EA90CA54401C0628F4DBBDF80400801F80B267
S3150800EAA00190208800F4807000282CDDBDF8040051
S3150800EAB00E2807DA01A93846FAF78CF905460DB18A
S3150800EAC028462EE6BDF804000E2801DA0B2028E6B3
S3150800EAD00E2202A93846FAF75AFD05460DB1284610
S3150800EAE01FE6002008E002A90A5C544951F82030C4
S3150800EAF004F14801CA54401C0E28F4DBBDF8040092
S3150800EB000E3880B20190207800F08000002829DDB8
S3150800EB10BDF80400062807DA01A93846FAF75AF9B3
S3150800EB2005460DB12846FCE5BDF80400062801DABD
S3150800EB300B20F6E5062202A93846FAF728FD05460F
S3150800EB400DB12846EDE5002005E002A90A5C04F1AE
S3150800EB5058010A54401C0628F7DBBDF80400801F3C
S3150800EB6080B20190207800F0200000282CDDBDF846
S3150800EB7004000C2807DA01A93846FAF72BF90546E6
S3150800EB800DB12846CDE5BDF804000C2801DA0B20A6
S3150800EB90C7E50C2202A93846FAF7F9FC05460DB175
S3150800EBA02846BEE5002008E002A90A5C224951F879
S3150800EBB0203004F16C01CA54401C0C28F4DBBDF863
S3150800EBC004000C3880B20190207800F0100000286C
S3150800EBD03ADDBDF80400042807DA01A93846FAF731
S3150800EBE0F9F805460DB128469BE5BDF8040004284A
S3150800EBF001DA0B2095E5042202A93846FAF7C7FC84
S3150800EC0005460DB128468CE54FF00008002008E0BF
S3150800EC1002A9095C1822A2EBC002914041EA080841
S3150800EC20401C0428F4DBC4F87880BDF8040007E02B
S3150800EC30A85F0108C05F0108785F0108405F010806
S3150800EC40001F80B2019000BF608800F48040002851
S3150800EC502FDDBDF80400022807DA01A93846FAF7BD
S3150800EC60B9F805460DB128465BE5BDF8040002284B
S3150800EC7001DA0B2055E50026022202A93846FAF7E2
S3150800EC8086FC05460DB128464BE5002008E002A99A
S3150800EC90095C0822A2EBC002914031438EB2401CA7
S3150800ECA00228F4DBA4F87C60BDF80400801E80B25C
S3150800ECB00190608800F4005000282FDDBDF804009C
S3150800ECC0022807DA01A93846FAF784F805460DB18D
S3150800ECD0284626E5BDF80400022801DA0B2020E5BF
S3150800ECE00026022202A93846FAF751FC05460DB15C
S3150800ECF0284616E5002008E002A9095C0822A2EBCE
S3150800ED00C002914031438EB2401C0228F4DBA4F8BD
S3150800ED107E60BDF80400801E80B20190608800F411
S3150800ED20805000282FDDBDF80400022807DA01A963
S3150800ED303846FAF74FF805460DB12846F1E4BDF80E
S3150800ED400400022801DA0B20EBE40026022202A9BD
S3150800ED503846FAF71CFC05460DB12846E1E40020C2
S3150800ED6008E002A9095C0822A2EBC00291403143DF
S3150800ED708EB2401C0228F4DBA4F88060BDF80400BB
S3150800ED80801E80B20190608800F4806000282FDD24
S3150800ED90BDF80400022807DA01A93846FAF71AF876
S3150800EDA005460DB12846BCE4BDF80400022801DA80
S3150800EDB00B20B6E40026022202A93846FAF7E7FB3A
S3150800EDC005460DB12846ACE4002008E002A9095C16
S3150800EDD00822A2EBC002914031438EB2401C0228A1
S3150800EDE0F4DBA4F88460BDF80400801E80B20190AC
S3150800EDF0A07800F0800000282CDDBDF80400062865
S3150800EE0007DA01A93846F9F7E5FF05460DB12846A0
S3150800EE1087E4BDF80400062801DA0B2081E40622FF
S3150800EE2002A93846FAF7B3FB05460DB1284678E439
S3150800EE30002008E002A90A5C3B4951F8203004F199
S3150800EE408801CA54401C0628F4DBBDF80400801F5C
S3150800EE5080B20190A07800F0400000282CDDBDF8B3
S3150800EE600400022807DA01A93846F9F7B3FF054670
S3150800EE700DB1284655E4BDF80400022801DA0B2036
S3150800EE804FE4022202A93846FAF781FB05460DB17E
S3150800EE90284646E4002008E002A90A5C234951F8FE
S3150800EEA0203004F19001CA54401C0228F4DBBDF856
S3150800EEB00400801E80B20190BDF80400022807DA1B
S3150800EEC001A93846F9F786FF05460DB1284628E414
S3150800EED0BDF80400022801DA0B2022E400260222EB
S3150800EEE002A93846FAF753FB05460DB1284618E439
S3150800EEF0002008E002A9095C0822A2EBC0029140A2
S3150800EF0031438EB2401C0228F4DBA4F89260BDF8A7
S3150800EF100400801E80B20190BDF80400002801DDBF
S3150800EF200C2008E4284606E4F05F0108086001089A
S3150800EF302DE9FC4780460E461746994600240025CB
S3150800EF40B9F1000F02D10620BDE8FC870021404632
S3150800EF50FAF796FB04460CB12046F5E73012019005
S3150800EF6098F807009DF8041088420DD09DF8040013
S3150800EF7088F80700012301AA7E214046F9F709FF10
S3150800EF8004460CB12046DFE722E0F0B200900123E8
S3150800EF906A467C214046F9F7FCFE04460CB1204639
S3150800EFA0D2E7781B102802D8A7EB050A01E04FF034
S3150800EFB0100A09EB050253467D214046F9F7D5FEAE
S3150800EFC004460CB12046BFE7554406EB0A0086B254
S3150800EFD0BD42DAD32046B7E72DE9FC410646884606
S3150800EFE0154600240027307910B90820BDE8FC81B1
S3150800EFF028128DF80400E8B28DF80500002000906C
S3150800F00000213046FAF7B0FC04460CB12046EDE77D
S3150800F01000213046FAF790FA04460CB12046E5E797
S3150800F0204046B8F1B40F17D00CDCA8285FD004DC32
S3150800F030A0283ED0A42878D14AE0AC2866D0B228C9
S3150800F040F9D173E0B63809286FD2DFE800F07EAB55
S3150800F05014AB8DAB23AB9C0001AB0222B421304626
S3150800F06000F064F904466B4602229421304600F00B
S3150800F0705DF9074698E001AB0222B821304600F058
S3150800F08055F904466B4602229821304600F04EF99F
S3150800F090074689E001AB0222BC21304600F046F95A
S3150800F0A004466B4602229C21304600F03FF907468B
S3150800F0B07AE001AB0222A021304600F037F9044677
S3150800F0C06B4602228021304600F030F907466BE095
S3150800F0D001AB0222A421304600F028F904466B460B
S3150800F0E002228421304600F021F907465CE001AB94
S3150800F0F00222A821304600F019F904466B4602227E
S3150800F1008821304600F012F907464DE001AB02228D
S3150800F110AC21304600F00AF904466B4602228C21DF
S3150800F120304600F003F907463EE03BE001AB022219
S3150800F130B221304600F0FAF804466B4602229221C4
S3150800F140304600F0F3F807462EE001AB0222B6215E
S3150800F150304600F0EBF804466B460222962130460C
S3150800F16000F0E4F807461FE001AB0222BA21304658
S3150800F17000F0DCF804466B4602229A21304600F07D
S3150800F180D5F8074610E001AB0222BE21304600F052
S3150800F190CDF804466B4602229E21304600F0C6F89A
S3150800F1A0074601E00F2400BF00BFA74200DD3C462A
S3150800F1B020461BE72DE9F04F8BB007468846914657
S3150800F1C000200890387918B908200BB0BDE8F08FF0
S3150800F1D04FF0040901213846FAF752FA089001233C
S3150800F1E007AA28213846F9F7C0FD0890089808B1FB
S3150800F1F00898EAE79DF91C00387300BF00BF9DF820
S3150800F2001C0000F08000B0B34A464FF0010A002007
S3150800F210099050460999F1F766F8424B4FF2830276
S3150800F2208C46A0FB031E0CFB03E300FB023208F12D
S3150800F2300100C317A1FB00CE02FB00E001FB03009F
S3150800F240CDE900C09DF81C0000F07F0040F2F641B1
S3150800F250081AC11702460B46CDE902016046019914
S3150800F260F1F710F8304A0023CDE90401F1F70AF85E
S3150800F27005460E4634E0FFE74A464FF0010B0020EC
S3150800F2800A9058460A99F1F72EF8264B4FF2830250
S3150800F2908C46A0FB031E0CFB03E300FB023208F1BD
S3150800F2A001004FEAE07CA1FB003E02FB00E001FB07
S3150800F2B00C00CDE900309DF91C0000F2F640C1179C
S3150800F2C002460B46CDE90201DDE90001F0F7DAFF57
S3150800F2D0154A0023CDE90401F0F7D4FF05460E468A
S3150800F2E06FF000410020491BB04102D26FF0004484
S3150800F2F000E02C46BC60200E8DF81800200C8DF816
S3150800F3001900200A8DF81A00E0B28DF81B0006AB2A
S3150800F31004224FF49871384600F008F808900898C7
S3150800F32053E70000AF756656A08601002DE9FC4735
S3150800F33080460E461746994600240025B9F1000F67
S3150800F34002D10620BDE8FC8700214046FAF798F965
S3150800F35004460CB12046F5E73012019098F80700EC
S3150800F3609DF8041088420DD09DF8040088F807001F
S3150800F370012301AA7E214046F9F70BFD04460CB18C
S3150800F3802046DFE722E0F0B2009001236A467C219E
S3150800F3904046F9F7FEFC04460CB12046D2E7781B36
S3150800F3A0102802D8A7EB050A01E04FF0100A09EB6E
S3150800F3B0050253467D214046F9F7EBFC04460CB19D
S3150800F3C02046BFE7554406EB0A0086B2BD42DAD3AB
S3150800F3D02046B7E770B50446002534B90EA11E4885
S3150800F3E0FCF74AFF0425042070BD01206070002048
S3150800F3F021690870E1680870616808706168496A7F
S3150800F40000231A46C869194602F078FC13A1124867
S3150800F410FCF732FF2846E7E74572726F723A2049D1
S3150800F4206E76616C696420696E707574207061729D
S3150800F430616D6574657220666F72204A445920644E
S3150800F440726976657220696E697469616C697A6138
S3150800F45074696F6E2E0A00009C220020696E69741A
S3150800F46020737563636573732E0A00002DE9F047F0
S3150800F47004460D4616461F46DDE908894FF0000A80
S3150800F48044B13DB136B12FB1B8F1000F02D0B9F190
S3150800F490000F06D11AA12A48FCF7EEFE0420BDE8A3
S3150800F4A0F087207818B14FF0030A5046F7E7E66070
S3150800F4B027616560C4F80880C4F814900322002107
S3150800F4C0012002F032FB6168496AC8612046FFF7ED
S3150800F4D081FFBAF1000F0BD000206060E060206168
S3150800F4E0A060606117A11648FCF7C6FE5046D6E72D
S3150800F4F01FA11348FCF7C0FE012020705046CEE736
S3150800F5004572726F723A20496E76616C6964206939
S3150800F5106E70757420706172616D657465727320A2
S3150800F520666F72204A44592064726976657220694A
S3150800F5306E7374616E74696174696F6E2E0A000069
S3150800F5409C2200204572726F723A204A4459206400
S3150800F550726976657220696E697469616C697A6127
S3150800F56074696F6E206661696C65642E0A00000016
S3150800F5704A44592064726976657220696E737461AB
S3150800F5806E74696174696F6E20636F6D706C6574F3
S3150800F59065642E0A0000000010B50446207901288B
S3150800F5A007D12046F9F70AFC84F8440094F8440089
S3150800F5B010BD0820FCE770B504460D4629462046CE
S3150800F5C0F9F7BAFF84F8440094F8440070BD2DE9B1
S3150800F5D0F041044600250021204601F05CFB074661
S3150800F5E094F8445015B12846BDE8F081012120461B
S3150800F5F001F051FB064694F844500DB12846F3E74E
S3150800F600482F07D1092E05D1002584F8445094F8CF
S3150800F6104400E9E7042584F8445094F84400E3E7F5
S3150800F620F4F7CCFAFBF77EFEFAF7D8FBFAF772FB8B
S3150800F630FAF7F6FEFAF7D6FCFAF7BAFEFAF728FF53
S3150800F640FAF730FBFAF730FEFAF708FEFAF7E0FDAC
S3150800F650FAF702FFFAF724FDFAF75EFDFAF79AFDC4
S3150800F660FAF7E0FCFAF7C0FE01F066FD00F076F95D
S3150800F6700F4A00210F4800F01DFA0F4908600F4A8B
S3150800F68000210F4800F016FA0E4908600E4A0021BC
S3150800F6900E4800F00FFA0E4908600E4A00210E487F
S3150800F6A000F008FA0D49086000F06EF900BFFEE7A1
S3150800F6B07460010881B10008700300209860010891
S3150800F6C02DB2000874030020BC60010893B100083D
S3150800F6D078030020E0600108A5B100087C0300203B
S3150800F6E010B502F0F7FD10BD704710B50446204668
S3150800F6F000F025F910BDFEB506460D4606B10DB952
S3150800F7000120FEBD00BF2889E988884205D1E87A2C
S3150800F710A97A884201D1012000E0002008B1012021
S3150800F720EFE72846FBF788FB044600BFF12C18D103
S3150800F7302846FBF7B7FB0B2801D20120E1E728464C
S3150800F740FBF77AFB0446DD2C0AD14FF2DD10ADF843
S3150800F75000002846FBF770FB04468DF8024002E0DD
S3150800F760E4E70120CDE72846FBF766FB0446284672
S3150800F770FBF762FB074647EA0420ADF80300284674
S3150800F780FBF75AFB04462846FBF756FB074647EAAB
S3150800F7900420ADF805002846FBF74EFB04468DF815
S3150800F7A007402846FBF748FB04468DF808402846DC
S3150800F7B0FBF742FB04468DF809402846FBF73CFB5D
S3150800F7C004462846FBF738FB074647EA0420ADF807
S3150800F7D00A00BDF80A0040F60A51884201D0012005
S3150800F7E08FE77068406A9DE80E000EC0002088E723
S3150800F7F070B505460C46E08808B9012070BD20782A
S3150800F80008B90120FAE712211848F0F794FD4120BB
S3150800F81016490870542048700D2088700A20C87050
S3150800F82060780871A0784871E07888712079C87185
S3150800F83060790872E088000A4872A0798872207A8E
S3150800F840C872607A0873A07A4873E07A8873A089C8
S3150800F850000AC873207B087400204874E8681222DE
S3150800F8604368284698470020C8E70000AE1A0020DB
S3150800F87010B504462046FAF7C5F810BD0346002021
S3150800F8807047000070B504460D4616460CB105B122
S3150800F8902EB90DA11948FCF7EFFC042070BDE068ED
S3150800F8A0007828B116A11548FCF7E6FC0320F5E711
S3150800F8B001F052FD324629461C48F7F71FFD01F0B4
S3150800F8C075FD0020EAE700004572726F723A20491A
S3150800F8D06E76616C696420696E70757420706172E9
S3150800F8E0616D6574657220666F722073656E64203B
S3150800F8F063616C6C6261636B2E0A00009C220020B7
S3150800F9004572726F723A205472616E736D69742013
S3150800F910697320627573792C2063616E6E6F74202B
S3150800F92073656E6420646174612E0A00341E0020BB
S3150800F9300146002901DA484200E00846704770B5DA
S3150800F9400546FCF735FD10B16FF0050404E0002408
S3150800F95015B1284601F058FE204670BD10B5FCF7D3
S3150800F96027FD10B16FF0050409E00648006820B9C4
S3150800F970012004490860002401E04FF0FF342046C6
S3150800F98010BD0000A003002070B5FCF711FD10B1F2
S3150800F9906FF005041FE011480068012819D100BF5F
S3150800F9A0801F0021002804DB0A07130E0C4A135493
S3150800F9B006E00A07150E0B4A00F00F031B1FD55465
S3150800F9C000BF00BF02200549086001F099FE002427
S3150800F9D001E04FF0FF34204670BD0000A003002070
S3150800F9E000E400E018ED00E02DE9F84305460F466F
S3150800F9F014464FF00008FCF7DBFC002857D1002D11
S3150800FA0055D0AF4253D8461E64B1A06820B1E0680D
S3150800FA10502801D3012606E0A06820B9E06810B98D
S3150800FA20002600E00026701C002840D0012D23D1B6
S3150800FA30012E09D103200090002211460120A36857
S3150800FA4002F0A0F8804605E003220021012002F01A
S3150800FA506CF88046B8F1000F1CD0DFB100231A46B7
S3150800FA601946404602F04AF9012813D0404601F0EB
S3150800FA7073FD4FF000080DE0012E06D139462846E1
S3150800FA80A26802F00BF8804604E03946284601F0E1
S3150800FA90D7FF8046B8F1000F09D014B1D4F800900A
S3150800FAA001E04FF000094946404601F03FFD404657
S3150800FAB0BDE8F8832DE9FF478046894614460020AD
S3150800FAC00390FCF775FC00284ED1B8F1000F4BD017
S3150800FAD0802618258246471E44B3206808B1D4F804
S3150800FAE000A0A06900B1A5692DB1382D03D82079E9
S3150800FAF000F0010018B1002004B0BDE8F087606985
S3150800FB0008B160698608A06840B1E0685C2805D33A
S3150800FB10206918B1606908B1012708E0A06830B902
S3150800FB20E06820B9206910B9002700E00027012FF6
S3150800FB300CD12169A0684B463246CDE900510290A6
S3150800FB405146404602F058FB03900DE067B903A8FA
S3150800FB50B2B24B465146CDE90050404602F01AFB78
S3150800FB60012801D0002003900398C5E770B52DED54
S3150800FB70088B044694F8350001287BD194ED070AD2
S3150800FB80DFEDBB0AB4EEE00AF1EE10FA03DD9FEDF5
S3150800FB90B80A84ED070A94ED070ADFEDB60AB4EE53
S3150800FBA0E00AF1EE10FA03D29FEDB20A84ED070AD5
S3150800FBB00025B148844201D16D1E00E00125D4ED2F
S3150800FBC0078A94ED030AB8EEC00AF7EE000A20EE9B
S3150800FBD0200ADFEDAA0A80EE208A9FEDA99AA64898
S3150800FBE0844204D1B6EE000AB0EE409A03E0B7EEBE
S3150800FBF0000AB0EE409AA3480078062876D2DFE8D5
S3150800FC0000F085FC2475280318EE900AF0F768FFC3
S3150800FC1041EC1B0BB0EE4B0AF0EE6B0AFCF7D4FD79
S3150800FC20B0EE40AAF0EE60AA9FED970B53EC102BAE
S3150800FC3051EC1A0BF0F768FF03D2042091490870BB
S3150800FC4002E004208F4908700AE105208D490870F2
S3150800FC5006E118EE900AF0F743FF41EC1B0BB0EEF5
S3150800FC604B0AF0EE6B0AFCF7AFFDB0EE40AAF0EED9
S3150800FC7060AA00E0F6E09FED860B53EC102B51ECE2
S3150800FC801A0BF0F759FF32D2B4EEC98AF1EE10FA20
S3150800FC902DDDF7EE000AB0EE680A7F4800F00AF993
S3150800FCA0F0EE409A19EE900AF0F71AFF41EC1B0B9A
S3150800FCB0B0EE4B0AF0EE6B0AFCF786FDB0EE40AAF2
S3150800FCC0F0EE60AA9FED750B53EC102B51EC1A0B56
S3150800FCD0F0F71AFF03D29FED6A0AF0EE409ADFEDBD
S3150800FCE0710AB0EE690AFDF73DFC0EE0B7E00520A3
S3150800FCF06449087000231A4619461846FBF778F92E
S3150800FD009FED5F0A644880ED030AA9E0B1EE0C0A8C
S3150800FD10B4EEC08AF1EE10FA18DD634890ED000AD9
S3150800FD20DFED620A60EE200A00EE105AB8EEC00A4D
S3150800FD3020EE800AF0EE409A00231A461946184625
S3150800FD40FBF756F905204F49087083E0B0EE0C0A18
S3150800FD50B4EEC08AF1EE10FA2BDDB1EE0C0AB4EE61
S3150800FD60C08AF1EE10FA24D24F4890ED000ADFED72
S3150800FD704F0A60EE200A00EE105AB8EEC00A20EECE
S3150800FD80800AF0EE409ABDEEE90A10EE103ABDEE92
S3150800FD90E90A10EE102ABDEEE90A10EE101ABDEEB9
S3150800FDA0E90A10EE100AFBF723F905203549087011
S3150800FDB050E0B4EEC98AF1EE10FA2DDDB0EE0C0A69
S3150800FDC0B4EEC08AF1EE10FA26D2374890ED000A52
S3150800FDD0DFED360A60EE200A00EE105AB8EEC00AC9
S3150800FDE020EE800AF0EE409ABDEEE90A10EE103ACF
S3150800FDF0BDEEE90A10EE102A00E02CE0BDEEE90A95
S3150800FE0010EE101ABDEEE90A10EE100AFBF7F0F82C
S3150800FE1005201C4908701DE09FED250AB4EEC08A2E
S3150800FE20F1EE10FA0ADDB4EEC98AF1EE10FA05D23F
S3150800FE30FAF7F6FB0520134908700BE09FED1C0A3C
S3150800FE40B4EEC08AF1EE10FA04D2FAF7E9FB0520FF
S3150800FE500C49087004E000200A49087000E000BF59
S3150800FE6000BF01E0FAF7DCFBBDEC088B70BD0000B3
S3150800FE7000007042000070C2BC0A00200000C842A0
S3150800FE8000000000700100200000000000002E4065
S3150800FE9000000000000000007401002000000000BF
S3150800FEA0000014400000204294010020000048434E
S3150800FEB0CDCC4C3EB0EE401AD0ED003A63EE813A16
S3150800FEC0B0EE633AD0ED033A41EE203AC0ED033A7C
S3150800FED0D0ED033A90ED054AF4EEC43AF1EE10FA85
S3150800FEE004DDD0ED053AC0ED033A10E0D0ED033A53
S3150800FEF090ED054AB1EE444AF4EEC43AF1EE10FA32
S3150800FF0005D2D0ED053AF1EE633AC0ED033AD0EDED
S3150800FF10013A90ED034A23EE842AD0ED043A71EEB5
S3150800FF20633AC3EEA01AD0ED023A63EEA12A80ED39
S3150800FF30041A73EE023A33EEA20AD0ED063AF4EE4C
S3150800FF40C03AF1EE10FA04D2D0ED063AB0EE630AE2
S3150800FF500EE0D0ED063AF1EE633AF4EEC03AF1EE71
S3150800FF6010FA05DDD0ED063AF1EE633AB0EE630A13
S3150800FF70704700002DE9F04105460E461648076809
S3150800FF8016480068001D01F085F9681C38B936B1B5
S3150800FF9012480168091D124801F0D2F91AE07C19C5
S3150800FFA00E4800684460BC4207D20C480168091D27
S3150800FFB00C48006801F0AAF90CE008480168091D18
S3150800FFC00948006801F0A2F908480068844201D28D
S3150800FFD006480460BDE8F081E4030020D003002051
S3150800FFE02C6C0020D8030020D40300200004002035
S3150800FFF010B5044601F0B0F924480068401C2349AE
S3150801000008602348006840B921480460084600682A
S3150801001001280DD100F00CFA0AE01E48006838B92B
S315080100201B480068C06AE16A884201D8184804601A
S3150801003019480068401C1849086008460068606449
S315080100401649E06A0968884202D91449E06A0860D3
S31508010050E16A01EB8101124A02EB8100211D01F0DF
S315080100606FF901F0A3F90B48006868B10848006800
S31508010070C06AE16A884207D24FF080500949086090
S31508010080BFF34F8FBFF36F8F10BD0000E003002051
S31508010090D0030020EC030020FC030020E803002025
S315080100A07C67002004ED00E008B501F055F9124817
S315080100B00068E8B9114801F019F9114801F016F973
S315080100C00E48104908600E480F49086000200F4B7A
S315080100D00F4A102100900A2001F054FD06490860D4
S315080100E00846006820B10BA10348006801F01EFA12
S315080100F001F05CF908BD000014040020406C0020E2
S31508010100546C00200C04002010040020686C0020A8
S31508010110B86C0020546D72510000000010B516E04D
S3150801012001F01AF90C48C068C468201D01F0B2F83C
S315080101300A480068401E0949086009480068401EC7
S315080101400749086001F032F9204600F05FF80448D3
S3150801015000680028E4D110BD186C0020E0030020D7
S31508010160DC03002070B504460D46206C70B1216C85
S31508010170E0680144E160D4E90210884201D32168AC
S31508010180E1602846226CE168F0F7BCF870BD2DE9FC
S31508010190F04104460F4615464FF00008A66B206C41
S315080101A048B9206800282CD1A06802F03BF980469E
S315080101B00020A06025E07DB93946226C6068F0F719
S315080101C0A1F8216C606808446060D4E9010188429D
S315080101D017D32068606014E03946226CE068F0F7AE
S315080101E091F8216CE068411AE1602168E06888426B
S315080101F003D2216CA068411AE160022D01D106B132
S31508010200761E701CA0634046BDE8F08110B5044611
S3150801021094F8590030B9206B01F0E6F8204601F050
S31508010220E3F81AE094F85900012803D1204601F0B1
S31508010230DBF812E094F85900022801D1012000E008
S31508010240002050B900BF502080F31188BFF34F8FAB
S31508010250BFF36F8F00BF00BFFEE710BD0146084A16
S31508010260126812680AB9012200E000220A600A68C7
S3150801027022B9034A1268D268106800E00020704764
S315080102800C04002030B54FF47053174800F00704EA
S315080102902CB1C01D20F00700134C041B1B1B024682
S315080102A0124C22600024114D6C60D018083820F0D9
S315080102B007000F4C206000240D4D2D686C600C4D15
S315080102C02D682C601146441A4C60094C24680C6050
S315080102D0084D4C682C60084D4C682C604FF0004462
S315080102E0064D2C6030BD00003C2B0020A4030020E5
S315080102F0AC030020B4030020B0030020C003002093
S3150801030000BFFFF70BFF064800680128F9D94FF02F
S31508010310805004490860BFF34F8FBFF36F8FF0E732
S315080103207C67002004ED00E010B5044654B10020B6
S31508010330A06020600021E16000231A461946204684
S3150801034001F0DCFC10BD2DE9F04106460D461746C5
S315080103509846069C0DB9246000E02760E66325648B
S315080103600121204601F07EFC84F84C80BDE8F0812D
S315080103702DE9F05F82460E4690469B460A9F0C9CE5
S315080103804FEA8801A522206BEFF7CEFFA8F10100FD
S31508010390216B01EB800929F0070909F0070008B963
S315080103A0012000E0002050B900BF502080F31188D9
S315080103B0BFF34F8FBFF36F8F00BF00BFFEE786B154
S315080103C0002507E0715D04F134004155705D00B9FF
S315080103D002E06D1C102DF5D300BF00214320015505
S315080103E002E0002084F83400382F00D33727E7626B
S315080103F0E76400202065201D00F085FF04F1180040
S3150801040000F081FF2461C7F13800A0616462002011
S31508010410606584F858005A465146484600F072FB12
S3150801042020600B9808B10B980460BDE8F09F0000A6
S3150801043010B5002407E004EB84010F4A02EB8100A2
S3150801044000F054FF641C382CF5D30C4800F04EFF1D
S315080104500B4800F04BFF0B4800F048FF0A4800F034
S3150801046045FF0A4800F042FF044809490860044864
S315080104700849086010BD00007C670020DC6B00207D
S31508010480F06B0020046C0020186C00202C6C0020F6
S31508010490D4030020D803002010B50146164800E011
S315080104A0006803688B42FBD30246436813448B42B8
S315080104B004D143684C682344436001460A464B68A5
S315080104C013440468A34211D10C4C03682468A3425F
S315080104D008D04B680468646823444B6003681B684A
S315080104E00B6005E0054B1B680B6001E003680B60B8
S315080104F0884200D0016010BDA4030020AC0300208F
S315080105002DE9F04104460D4616461F464FF00008F0
S3150801051065602461B5420CD8F01BA169884202D3F3
S315080105204FF0010811E0211D0948006800F0EEFEB0
S315080105300BE0BE4204D2BD4202D34FF0010804E0EB
S31508010540211D0448006800F0E1FE4046BDE8F0813F
S31508010550100400200C04002070B5054600F0FCFECE
S31508010560A86B08B9012400E0002400F01FFF20460B
S3150801057070BD70B5054600F0EFFEA86BE96B8842C1
S3150801058001D1012400E0002400F010FF204670BDCF
S31508010590F8B505460F461A480068C068C468201DA4
S315080105A000F078FE94F8280000F00400E8B1A0698C
S315080105B041192B463A462046FFF7A2FFD8B100203B
S315080105C003462A4601460090204602F087F8064669
S315080105D056B900BF502080F31188BFF34F8FBFF380
S315080105E06F8F00BF00BFFEE705E094F8280020F0F2
S315080105F0010084F828002046216A8847F8BD0000D2
S315080106000C040020F0B587B0A0E00398002811DAA1
S3150801061004AE56B900BF502080F31188BFF34F8F3F
S31508010620BFF36F8F00BF00BFFEE7D6E90020B168B0
S31508010630904700BF03980028E6DB059C606908B966
S31508010640012000E0002010B9201D00F023FE02A8B9
S3150801065000F0DEF8054603980A2875D2DFE800F0AF
S3150801066009050739416306083A4200BF00BF00BFC2
S3150801067000BF94F8280040F0010084F82800049887
S31508010680A269811803462A462046FFF739FFF8B1C1
S315080106902046216A884794F8280000F00400B8B17A
S315080106A0002000900498A1694218002319462046A3
S315080106B002F014F8074657B900BF502080F3118895
S315080106C0BFF34F8FBFF36F8F00BF00BFFEE700BFB9
S315080106D03BE000BF94F8280020F0010084F82800C8
S315080106E033E000BF94F8280040F0010084F82800A0
S315080106F00498A061A06908B1012000E0002050B962
S3150801070000BF502080F31188BFF34F8FBFF36F8F5F
S3150801071000BF00BFFEE7A06941192B462A462046BD
S31508010720FFF7EEFE11E094F8280000F0020018B970
S31508010730204600F059FE05E094F8280020F0010053
S3150801074084F8280001E0FFE700BF00BF002203A9E3
S315080107500448006801F024FC00287FF456AF07B06E
S31508010760F0BD000014040020F8B505460C4601F05A
S3150801077023F8684600F04CF80646009820BB44B9B1
S31508010780B54206D801F0ECFE31462846FFF700FFD0
S315080107901CE03CB10E480068006808B9012000E079
S315080107A000200446A91B22460A48006800F006FFF5
S315080107B001F0D6FE50B94FF0805007490860BFF3E3
S315080107C04F8FBFF36F8F01E001F0CAFEF8BD00003D
S315080107D0100400201404002004ED00E00A49096809
S315080107E0096809B9012100E0002121B14FF0FF3163
S315080107F0064A116006E004490968C968C868034AD7
S315080108004168116070470000D403002000040020ED
S3150801081070B5044601F05EFD054607480068854245
S3150801082004D200F00BF80120206001E000202060CE
S3150801083001480560284670BD1C0400202DE9F843CF
S3150801084034E025480068C068056823480068C06820
S31508010850C468201D00F01EFD2046216A884794F8C9
S31508010860280000F0040008B3A0694619AE4207D96A
S3150801087066602461211D1848006800F047FD15E0EF
S31508010880002003462A4601460090204601F026FF2D
S31508010890074657B900BF502080F31188BFF34F8F21
S315080108A0BFF36F8F00BF00BFFEE700BF0A480068AD
S315080108B0006808B9012000E000200028C1D00648D8
S315080108C0D0F8008005480068034908600348C0F865
S315080108D00080BDE8F88300000C0400201004002005
S315080108E00E480068401C08B9012000E0002050B9F4
S315080108F000BF502080F31188BFF34F8FBFF36F8F6E
S3150801090000BF00BFFEE700BF502080F31188BFF388
S315080109104F8FBFF36F8F00BF00BFFEE7C4030020F0
S3150801092008B500BF6846FFF799FC044620460099BA
S31508010930FFF71AFFFFF766FEF4E770B5044600F005
S315080109400BFD94F9455010E0606A08B9012000E0F2
S31508010950002038B904F1240001F0B6FD18B100F001
S315080109608DFE00E003E0681E45B2002DECDC00BFF9
S31508010970FF2084F8450000F019FD00F0EDFC94F91C
S31508010980445010E0206908B9012000E0002048B968
S3150801099004F1100001F098FD08B100F06FFE681E21
S315080109A045B200E001E0002DECDC00BFFF2084F831
S315080109B0440000F0FBFC70BD2DE9F04104464FF000
S315080109C0000800F0F9FE4948006808B9FFF75AFC23
S315080109D0474800682040002870D1D4B1083404F093
S315080109E00700B0B104F00700C0F10800044404F0A0
S315080109F0070008B9012000E0002050B900BF5020C7
S31508010A0080F31188BFF34F8FBFF36F8F00BF00BF0D
S31508010A10FEE7002C52D03748006884424ED8364E3D
S31508010A203046056801E02E462D686868A04202D264
S31508010A3028680028F7D12D48006885423ED03068DD
S31508010A4000F10808286830606868001B102819D961
S31508010A502F1907F0070008B9012000E0002050B956
S31508010A6000BF502080F31188BFF34F8FBFF36F8FFC
S31508010A7000BF00BFFEE76868001B78606C603846F7
S31508010A80FFF70AFD1B4968680968081A19490860C9
S31508010A900846006819490968884203D2154800685A
S31508010AA016490860124968680968084368600020A1
S31508010AB0286013480068401C1149086001F050FD80
S31508010AC008F0070008B9012000E0002050B900BF6E
S31508010AD0502080F31188BFF34F8FBFF36F8F00BF8C
S31508010AE000BFFEE74046BDE8F0810000AC030020E8
S31508010AF0C0030020B0030020A4030020B403002093
S31508010B00B8030020001F4FF080730360001F21F017
S31508010B1001030360001F054B036014380260001FC0
S31508010B206FF002030360203870470000E1080108EE
S31508010B3070B52DED028B04460D4694ED011A21EE92
S31508010B40011AD4ED021A94ED022A01EE821AF7EE81
S31508010B50001AB0EE002A42EE411AF0EE610A94ED4F
S31508010B60001AD4ED011A21EE211AD4ED021A94EDD8
S31508010B70032A01EE821AF0EE001A21EE211AB0EECE
S31508010B80410AFBF7AFFCDFED390A20EE200ADFED5B
S31508010B90380A80EE201A85ED001A94ED000AD4ED84
S31508010BA0020A20EE200AD4ED030A94ED011A00EE9A
S31508010BB0C10AF0EE000A20EE200AB0EE408AB7EE2E
S31508010BC0000AB4EEC08AF1EE10FA03DDB7EE000AA8
S31508010BD0B0EE408ABFEE000AB4EEC08AF1EE10FA12
S31508010BE003D2BFEE000AB0EE408AB0EE480AFBF720
S31508010BF0E3FBDFED1E0A20EE200ADFED1D0A80EE7B
S31508010C00201A85ED011A94ED021A21EE011AD4ED86
S31508010C10031A94ED032A01EE821AF7EE001AB0EED2
S31508010C20002A42EE411AF0EE610A94ED001AD4ED5B
S31508010C30031A21EE211AD4ED011A94ED022A01EEC6
S31508010C40821AF0EE001A21EE211AB0EE410AFBF7DC
S31508010C5049FCDFED060A20EE200ADFED050A80EEE3
S31508010C60201A85ED021ABDEC028B70BD00003443D3
S31508010C70DA0F494070B504460D462079012808D196
S31508010C8029462046FDF744FD84F8440094F84400BB
S31508010C9070BD0820FCE770B505460C4622460C21B6
S31508010CA02846FDF767F80646304670BD10B5044676
S31508010CB02046F8F787FC84F8440094F8440010BDF0
S31508010CC010B504462046F8F7A4FC84F8440094F8C5
S31508010CD0440010BD70B5044601252B4632220C216D
S31508010CE02046FDF758F884F8440094F8440070BD8E
S31508010CF00146142933D2DFE801F00A0C0E1012144A
S31508010D0016181A1C1E20222426282A2C2E300120C9
S31508010D1070470420FCE72A20FAE72B20F8E70E2083
S31508010D20F6E71020F4E72F20F2E71220F0E7132068
S31508010D30EEE70F20ECE70B20EAE71420E8E70220AC
S31508010D40E6E71120E4E72E20E2E72920E0E709207B
S31508010D50DEE70A20DCE70320DAE72D20D8E72C2096
S31508010D60D6E700002DE9FE4306460F4690461C4687
S31508010D7014B90320BDE8FE8394F845904FF47A71BF
S31508010D801FFA88F0CDE9007002914FEA4901012363
S31508010D9032460448F2F72EFC05460DB90020E9E76C
S31508010DA00620E7E7E81B00202DE9FE4306460F4625
S31508010DB090461C4614B90320BDE8FE8394F8459075
S31508010DC04FF47A711FFA88F0CDE9007002914FEA63
S31508010DD04901012332460448F2F7B6FD05460DB925
S31508010DE00020E9E70620E7E7E81B002070B504467E
S31508010DF00D4629462046F8F743FC84F8440094F842
S31508010E00440070BD70B504460D4619212046EFF71A
S31508010E1092FA192229462046EFF7D8FA70BD70B51D
S31508010E2004460D4629462046F8F749FC84F844004D
S31508010E3094F8440070BD37B504460D462946204648
S31508010E40029AF8F75FFC84F8440094F844003EBD22
S31508010E5070B504460E4615462079012809D1AAB26D
S31508010E6031462046FEF7B8F884F8440094F8440061
S31508010E7070BD0820FCE770B504460D4620790128A7
S31508010E8008D129462046F8F786FC84F8440094F8E8
S31508010E90440070BD0820FCE737B504460D462946CF
S31508010EA02046029AF8F796FC84F8440094F8440020
S31508010EB03EBD70B504460D4616462079012809D16E
S31508010EC0324629462046FEF775F984F8440094F817
S31508010ED0440070BD0820FCE770B504460D46164669
S31508010EE0324629462046F8F7BFFC84F8440094F8B0
S31508010EF0440070BD37B504460D4629462046029A78
S31508010F00F8F7F2FC84F8440094F844003EBD10B5A5
S31508010F1000EE100A2DED028BB1EEC08A18EE100A0A
S31508010F2020F00040C0F1FF40C00F0AD010EE100AB1
S31508010F3020F00040C0F1FF40C00F04BF0120FBF7BD
S31508010F40C1FC18EE100ABDEC028B10BD7CB5044637
S31508010F500E4600252046FCF7A3F9054625B184F877
S31508010F60445094F844007CBD204600F0DAF8054662
S31508010F7025B184F8445094F84400F4E74FF4FA7024
S31508010F80F0F74DFD00212046FCF7E0FA054625B1AC
S31508010F9084F8445094F84400E5E700212046FEF71A
S31508010FA00AFB054625B184F8445094F84400DAE76B
S31508010FB03146204600F059F8054625B184F84450D3
S31508010FC094F84400CFE716B194F84400CBE7002221
S31508010FD003212046FFF780FF054625B184F84450D2
S31508010FE094F84400BFE79DF8040020F0030001903F
S31508010FF09DF8040020F00C00019003212046019A77
S31508011000FFF74AFF054625B184F8445094F8440091
S31508011010A9E707208DF800008DF801000321204675
S31508011020009AFFF708FF054625B184F8445094F85D
S31508011030440098E7002201212046FCF7CDFD05462C
S3150801104025B184F8445094F844008CE70022022123
S315080110502046FCF7C1FD054625B184F8445094F8AD
S31508011060440080E794F844007DE7F0B589B004466A
S315080110700F46002500212046FCF766FE0121204681
S31508011080FCF756FE2046FFF725FE00260DE0701CEC
S31508011090C6B22046FEF79BFA054605B907E0204683
S315080110A0FCF75EFE0A20F0F7BAFC0A2EEFDB00BF5A
S315080110B00A2E06D1042084F8440094F8440009B0A5
S315080110C0F0BD17B194F84400F9E79DF8200020F027
S315080110D01F000830089008AA3121204600F0D3FBEA
S315080110E0054625B184F8445094F84400E7E7002002
S315080110F0039004900590069001200922CDE900206D
S3150801110010230C22002102902046FCF7F1FD05462A
S3150801111025B184F8445094F84400D0E794F8440083
S31508011120CDE710B504462046F8F749FC84F8440093
S3150801113094F8440010BD000070B52DED028BF0F750
S3150801114013FBF9F759FAF8F749FD4FF4FA7200213A
S315080111502E48F9F7FDFE4FF4FA7202212C48F9F7E9
S31508011160F7FE4FF4FA7200212A48F9F7F1FEF9F76A
S31508011170ABF94FF4C872002396216420F0F7D0FA30
S3150801118025A12C48FBF778F8F0F77AFC10EE106ADF
S315080111903046EFF7A5FC41EC180B53EC182B26A1AA
S315080111A02448FBF769F84FF49670F1F787FCF0F7D6
S315080111B03DFCF9F7B1FA00BFF7F7DEFA0446012557
S315080111C012E00A20F1F77AFCF7F7D6FA04466D1C05
S315080111D0022D09DD1CB901201E49C87302E0002051
S315080111E01C49C873012501E0002CEAD000BF002282
S315080111F001211948F1F7E6FE002202211648F1F706
S31508011200E1FEFAF74FF8BDEC028B70BDE41A002037
S31508011210081B00202C1B0020566F66612B20556188
S3150801122072743320496E69742053756363657373E9
S31508011230210D0A009C22002042617474657279208E
S31508011240566F6C746167653A20252E303366560DE4
S315080112500A000000CC06002000100240F0EE400A09
S31508011260044890ED000A30EEC00A80ED020A90EDBE
S31508011270020A7047BC080020F0EE400A044890EDC7
S31508011280060A30EEC00A80ED080A90ED080A704792
S31508011290BC08002001460A69D1E901309860D1E904
S315080112A0010358605068884201D18868506000205F
S315080112B008611068401E106010687047034B036090
S315080112C0034B0B60802313607047000084240020C1
S315080112D0E0240020034B0360034B0B604FF480733B
S315080112E013607047E02600203C27002000F1080122
S315080112F041604FF0FF31816000F10801C160016171
S3150801130000210160704700210161704710B502464E
S315080113100B685C1C0CB9106907E002F1080000E0D3
S315080113204068446824689C42FAD944684C604C6811
S31508011330A160886041600A611468641C146010BD6C
S3150801134042684A6093688B60936859609160086146
S3150801135003685B1C0360704700BF502080F3118847
S31508011360BFF34F8FBFF36F8F00BF0E480068401C55
S315080113700C49086008460068012812D10A48006825
S31508011380C0B208B9012000E0002050B900BF5020C2
S3150801139080F31188BFF34F8FBFF36F8F00BF00BF74
S315080113A0FEE77047C403002004ED00E00D4800681D
S315080113B050B900BF502080F31188BFF34F8FBFF398
S315080113C06F8F00BF00BFFEE706480068401E05494B
S315080113D008600846006820B9002080F3118800BF1C
S315080113E000BF7047C403002070B506463546002E77
S315080113F044D0083D2C46224960680968084008B16E
S31508011400012000E0002050B900BF502080F3118868
S31508011410BFF34F8FBFF36F8F00BF00BFFEE7206892
S3150801142008B9012000E0002050B900BF502080F320
S315080114301188BFF34F8FBFF36F8F00BF00BFFEE761
S315080114400F49606809680840C0B12068B0B90C49FD
S31508011450606809688843606000F0AEF90949606808
S3150801146009680844074908602046FFF715F8064841
S315080114700068401C0449086001F072F870BD00005C
S31508011480C0030020B0030020BC03002000204FF059
S31508011490E02108618861064800684FF47A71B0FB5B
S315080114A0F1F0401E4FF0E0214861072008617047BE
S315080114B09003002070B5EEF7CFFE0446102C16D324
S315080114C004F1E02090F8F05315480078854201DBD5
S315080114D0012000E0002050B900BF502080F3118898
S315080114E0BFF34F8FBFF36F8F00BF00BFFEE70D48F5
S315080114F0006800F4E0600C490968884201D80120B7
S3150801150000E0002050B900BF502080F31188BFF3D6
S315080115104F8FBFF36F8F00BF00BFFEE770BD00009E
S31508011520C80300200CED00E0CC0300200246002091
S315080115300BE0084B53F8303033B9064B43F83010FB
S3150801154003EBC0035A6002E0401C0828F1D300BF30
S31508011550704700003C67002070B50446254655B91A
S3150801156000BF502080F31188BFF34F8FBFF36F8FF1
S3150801157000BF00BFFEE7284600F008F895F84600C8
S3150801158010B92846FFF730FF70BD0000014600205C
S315080115900EE0094A02EBC00252688A4207D10022CC
S315080115A0054B43F8302003EBC0035A6002E0401CA8
S315080115B00828EED300BF70473C6700202DE9F041AB
S315080115C005460E4617462C46FFF7C6FE94F9440013
S315080115D0401C10B9002084F8440094F94500401CC9
S315080115E010B9002084F84500FFF7E0FEA06B28B982
S315080115F03A46314604F1240000F062F82046FFF726
S315080116009CF9BDE8F081000070B504460025D4B107
S315080116101248006808B9012000E0002050B900BF4F
S31508011620502080F31188BFF34F8FBFF36F8F00BF30
S3150801163000BFFEE700F0C0F800212046FEF79AFC3D
S3150801164000F08EFF05463DB94FF080500449086009
S31508011650BFF34F8FBFF36F8F70BD000008040020E2
S3150801166004ED00E00349096801600349096841601E
S3150801167070470000F8030020E40300200120014917
S3150801168008607047F403002070B504460D4654B946
S3150801169000BF502080F31188BFF34F8FBFF36F8FC0
S315080116A000BF00BFFEE70548016818312046FFF76D
S315080116B02DFE01212846FEF75DFC70BDD0030020F2
S315080116C070B505460E46144655B900BF502080F33D
S315080116D01188BFF34F8FBFF36F8F00BF00BFFEE7BF
S315080116E00648016818312846FFF72AFE0CB14FF063
S315080116F0FF3621463046FEF73DFC70BDD00300207B
S3150801170010B586B000200590049003AA04A905A87F
S31508011710FFF7D4FD0022DDE904101346CDE90021C7
S3150801172002901EA11F48039A00F066FD1E49086033
S315080117300846006808B1012400E00024012C02D102
S3150801174000F090FF0446012C15D100BF502080F30C
S315080117501188BFF34F8FBFF36F8F00BF4FF0FF3074
S3150801176012490860012012490860002011490860E1
S3150801177000F098F810E0601C08B1012000E0002094
S3150801178050B900BF502080F31188BFF34F8FBFF3C4
S315080117906F8F00BF00BFFEE706B010BD49444C4538
S315080117A000000000010301080404002000040020D1
S315080117B0EC030020E403002002480068401C0149AC
S315080117C008607047080400201E48006818B1012007
S315080117D01D49086034E000201B4908601B48016860
S315080117E00CE051B900BF502080F31188BFF34F8F29
S315080117F0BFF36F8F00BF00BFFEE7491E01EB8100F3
S31508011800134A52F8200008B9012000E000200028F8
S31508011810E7D101EB81020E4B03EB82004268526865
S31508011820426000F108024368934202D14268526855
S3150801183042604268D268074B1A600448016000BFDB
S315080118407047000008040020F4030020E803002084
S315080118507C670020D00300202DE9F04104460D469F
S3150801186016461F46207901280BD13B4632462946A2
S315080118702046FDF75BFD84F8440094F84400BDE872
S31508011880F0810820FBE770B504460D461646337805
S315080118902A460C212046FCF77EFA84F8440094F87F
S315080118A0440070BD1CB5524800685249884201D0AF
S315080118B0012000E0002050B900BF502080F31188B4
S315080118C0BFF34F8FBFF36F8F00BF00BFFEE74848D6
S315080118D000684849491E884201D0012000E00020DD
S315080118E050B900BF502080F31188BFF34F8FBFF363
S315080118F06F8F00BF00BFFEE73F4908460078019099
S31508011900FF200A4610700846007800909DF80000EE
S3150801191000F0F0009DF80020904201D1012000E07E
S31508011920002050B900BF502080F31188BFF34F8FB4
S31508011930BFF36F8F00BF00BFFEE79DF8000000F000
S3150801194050002E4A107007202D4A106009E02C48D5
S315080119500068401E2A4A10609DF800004006000EE5
S3150801196000909DF8000000F080008028EFD0244800
S315080119700068C0F10700042801D1012000E0002019
S3150801198050B900BF502080F31188BFF34F8FBFF3C2
S315080119906F8F00BF00BFFEE7194800680002184AAA
S315080119A010601046008800F4E0601060124A019841
S315080119B010700F482030006840F470000C4920313F
S315080119C008600846006840F070400860FFF75EFD51
S315080119D000200C490860EEF707FC0B48006840F048
S315080119E0404009490860EEF7EBFB00201CBD0000EA
S315080119F000ED00E071C20F4100E400E0C8030020D9
S31508011A00CC030020C403002034EF00E010B500BF6A
S31508011A10502080F31188BFF34F8FBFF36F8F00BF3C
S31508011A2000F05EFC18B14FF080500449086000BF11
S31508011A30002080F3118800BF10BD000004ED00E00E
S31508011A4070B505460E460DB1012000E0002050B9DB
S31508011A5000BF502080F31188BFF34F8FBFF36F8FFC
S31508011A6000BF00BFFEE7AE4201D8012000E000201A
S31508011A7050B900BF502080F31188BFF34F8FBFF3D1
S31508011A806F8F00BF00BFFEE702220021284600F043
S31508011A904CF8044604B1A663204670BDF8B5054660
S31508011AA00E4617460DB1012000E0002050B900BFCF
S31508011AB0502080F31188BFF34F8FBFF36F8F00BF9C
S31508011AC000BFFEE7AE4201D8012000E0002050B970
S31508011AD000BF502080F31188BFF34F8FBFF36F8F7C
S31508011AE000BF00BFFEE702203B46002211460090D8
S31508011AF0284600F047F8044604B1A6632046F8BD17
S31508011B002DE9F84304460D4601274FF000082B46F8
S31508011B10002211460120009400F034F806463046AA
S31508011B20FEF702FC3046BDE8F8832DE9F843054681
S31508011B300E4617460DB1012000E0002050B900BF3E
S31508011B40502080F31188BFF34F8FBFF36F8F00BF0B
S31508011B5000BFFEE705FB06F808F15000FEF72CFF6B
S31508011B60044664B1A14609F15009002084F84600EB
S31508011B703B464A46314628460094FEF7E4FB204692
S31508011B80BDE8F8832DE9F84380460E4617461D46FB
S31508011B90DDF82090B8F1000F01D0012000E0002007
S31508011BA050B900BF502080F31188BFF34F8FBFF3A0
S31508011BB06F8F00BF00BFFEE70DB1012000E00020D6
S31508011BC050B900BF502080F31188BFF34F8FBFF380
S31508011BD06F8F00BF00BFFEE707B10EB1012000E01D
S31508011BE0002050B900BF502080F31188BFF34F8FF2
S31508011BF0BFF36F8F00BF00BFFEE707B90EB901201B
S31508011C0000E0002050B900BF502080F31188BFF3CF
S31508011C104F8FBFF36F8F00BF00BFFEE750200090C4
S31508011C200098502801D1012000E0002050B900BFDA
S31508011C30502080F31188BFF34F8FBFF36F8F00BF1A
S31508011C4000BFFEE700BF2C464CB1012084F84600D0
S31508011C504B463A46314640460094FEF774FB204609
S31508011C60BDE8F88370B505460E462C4654B900BF43
S31508011C70502080F31188BFF34F8FBFF36F8F00BFDA
S31508011C8000BFFEE7FFF768FBD4E90F12206801FBE6
S31508011C900200A0600020A06320686060E06B401E1F
S31508011CA0226C216800FB0211E160FF2084F84400E0
S31508011CB084F845009EB9206908B9012000E0002092
S31508011CC0A8B904F1100000F0FFFB80B14FF0805075
S31508011CD009490860BFF34F8FBFF36F8F07E004F11F
S31508011CE01000FFF703FB04F12400FFF7FFFAFFF7E3
S31508011CF05DFB012070BD000004ED00E02DE9FF4306
S31508011D0083B0064688461D464FF00009344654B945
S31508011D1000BF502080F31188BFF34F8FBFF36F8F39
S31508011D2000BF00BFFEE7B8F1000F01D1206C08B96A
S31508011D30012000E0002050B900BF502080F311882F
S31508011D40BFF34F8FBFF36F8F00BF00BFFEE7022DB2
S31508011D5002D1E06B012801D1012000E0002050B931
S31508011D6000BF502080F31188BFF34F8FBFF36F8FE9
S31508011D7000BF00BFFEE700F09DFA08B9059808B94B
S31508011D80012000E0002050B900BF502080F31188DF
S31508011D90BFF34F8FBFF36F8F00BF00BFFEE700BFD2
S31508011DA0FFF7DAFAA06BE16B884201D3022D28D13D
S31508011DB02A4641462046FEF7EAF90746606A08B907
S31508011DC0012000E0002068B904F1240000F07CFB42
S31508011DD088B14FF0805032490860BFF34F8FBFF387
S31508011DE06F8F08E03FB14FF080502D490860BFF36F
S31508011DF04F8FBFF36F8FFFF7D9FA012007B0BDE800
S31508011E00F083059818B9FFF7D1FA0020F6E7B9F17A
S31508011E10000F04D101A8FFF725FC4FF00109FFF7D0
S31508011E20C5FAFFF7C9FCFFF797FA94F94400401C75
S31508011E3010B9002084F8440094F94500401C10B9F3
S31508011E40002084F84500FFF7B1FA05A901A800F0BA
S31508011E505BF9F0B92046FEF78CFBA0B104F110003E
S31508011E600599FFF711FC2046FEF767FD00F078FBA0
S31508011E70002895D14FF0805009490860BFF34F8F6C
S31508011E80BFF36F8F8CE72046FEF757FD00F068FB1E
S31508011E9086E72046FEF751FD00F062FB0020ADE71C
S31508011EA004ED00E02DE9F84F07468A4690461E469E
S31508011EB03C4654B900BF502080F31188BFF34F8FB9
S31508011EC0BFF36F8F00BF00BFFEE7BAF1000F01D164
S31508011ED0206C08B9012000E0002050B900BF50204D
S31508011EE080F31188BFF34F8FBFF36F8F00BF00BF19
S31508011EF0FEE7022E02D1E06B012801D1012000E0A4
S31508011F00002050B900BF502080F31188BFF34F8FCE
S31508011F10BFF36F8F00BF00BFFEE7FFF7CBFA00BF25
S31508011F205021EFF3118081F31188BFF34F8FBFF36F
S31508011F306F8F00BF0546A06BE16B884201D3022E65
S31508011F4025D194F945B0A06B0090324651462046FA
S31508011F50FEF71DF90BF1010088B9606A08B901207D
S31508011F6000E0002050B904F1240000F0ADFA28B1D0
S31508011F70B8F1000F02D00120C8F8000004E00BF107
S31508011F80010040B284F845004FF0010901E04FF025
S31508011F90000900BF85F3118800BF4846BDE8F88FE0
S31508011FA02DE9F74183B005460E464FF000082C4649
S31508011FB054B900BF502080F31188BFF34F8FBFF388
S31508011FC06F8F00BF00BFFEE70EB9206C08B901206C
S31508011FD000E0002050B900BF502080F31188BFF3FC
S31508011FE04F8FBFF36F8F00BF00BFFEE700F062F9A6
S31508011FF008B9059808B9012000E0002050B900BFCA
S31508012000502080F31188BFF34F8FBFF36F8F00BF46
S3150801201000BFFEE700BFFFF79FF9A76BF7B131468F
S315080120202046FEF79FF8781EA063206908B90120AB
S3150801203000E0002060B904F1100000F045FA38B15B
S315080120404FF080502F490860BFF34F8FBFF36F8F52
S31508012050FFF7ACF9012006B0BDE8F081059818B97B
S31508012060FFF7A4F90020F6E7B8F1000F04D101A89B
S31508012070FFF7F8FA4FF00108FFF798F9FFF79CFB0D
S31508012080FFF76AF994F94400401C10B9002084F856
S31508012090440094F94500401C10B9002084F8450015
S315080120A0FFF784F905A901A800F02EF8F0B9204632
S315080120B0FEF752FAA0B104F124000599FFF7E4FAF4
S315080120C02046FEF73AFC00F04BFA0028A3D14FF060
S315080120D080500C490860BFF34F8FBFF36F8F9AE7A3
S315080120E02046FEF72AFC00F03BFA94E72046FEF765
S315080120F024FC00F035FA2046FEF72EFA00288AD08D
S315080121000020A8E704ED00E070B505460C4655B970
S3150801211000BF502080F31188BFF34F8FBFF36F8F35
S3150801212000BF00BFFEE754B900BF502080F31188F5
S31508012130BFF34F8FBFF36F8F00BF00BFFEE7FFF7F7
S315080121400BF9124802686868131A2068401C08B916
S31508012150002617E00E4928680968884204D068688D
S31508012160904201D801260DE02068984207D92068D7
S31508012170C01A20602846FFF775FA002602E00020FB
S3150801218020600126FFF712F9304670BDE4030020EE
S31508012190F80300202DE9FF4F85B08046894617468A
S315080121A0DDE912ABB800FEF707FC064656B15C201E
S315080121B0FEF702FC04460CB1266304E03046FFF73D
S315080121C013F900E000248CB1002084F85900CDE908
S315080121D000ABCDE902403A4649464046089BFEF720
S315080121E0C7F82046FDF704FF012501E04FF0FF354A
S315080121F0284609B0BDE8F08F2DE9F04F85B00746AE
S31508012200884691469A46DDE90EB6109C0EB1012024
S3150801221000E0002050B900BF502080F31188BFF3B9
S315080122204F8FBFF36F8F00BF00BFFEE70CB10120D0
S3150801223000E0002050B900BF502080F31188BFF399
S315080122404F8FBFF36F8F00BF00BFFEE75C2003907F
S3150801225003985C2801D1012000E0002050B900BF95
S31508012260502080F31188BFF34F8FBFF36F8F00BFE4
S3150801227000BFFEE700BFB4B1AEB125462C462E63BA
S31508012280022085F85900002004A953464A46CDE99B
S3150801229000B1CDE9025041463846FEF769F82846AD
S315080122A0FDF7A6FE01E000200490049805B0BDE8FC
S315080122B0F08F00000549096809B9012005E00449BC
S315080122C0096809B9022000E000207047EC030020E4
S315080122D0080400200149086870470000E40300204B
S315080122E02DE9F0414FF000084348006800287BD1EA
S315080122F042480068451C4148056015BB40480068CE
S31508012300006808B9012000E0002050B900BF50203C
S3150801231080F31188BFF34F8FBFF36F8F00BF00BFE4
S31508012320FEE7374807683748006835490860354881
S31508012330076035480068401C33490860FEF74EFAC5
S3150801234000BF3248006885423BD300BF2C4800686D
S31508012350006808B9012000E0002020B14FF0FF30E5
S315080123602A4908602CE026480068C068C46866687F
S31508012370B54202D22548066022E0201DFEF78AFFF3
S31508012380A06A18B104F11800FEF784FF2049E06A33
S315080123900968884202D91E49E06A0860E16A01EBC8
S315080123A081011C4A02EB8100211DFEF7C9FF1A496A
S315080123B0E06A0968C96A8842C8D34FF00108C5E7C7
S315080123C000BF15480068C06A00EB8000114951F842
S315080123D02000012801D94FF001081048006808B10A
S315080123E04FF0010805E0FFE70D480068401C0C495D
S315080123F008604046BDE8F08108040020E403002097
S31508012400D4030020D8030020F8030020000400208C
S31508012410E80300207C670020D0030020F403002095
S31508012420F003002070B505462C460026002D43D042
S3150801243022480068844201D1012000E0002050B9F9
S3150801244000BF502080F31188BFF34F8FBFF36F8F02
S3150801245000BF00BFFEE7206D50B900BF502080F3D2
S315080124601188BFF34F8FBFF36F8F00BF00BFFEE721
S31508012470206D401E2065E16CE06A88421CD0206D03
S31508012480D0B9201DFEF706FFE06CE062E06AC0F1F4
S315080124903800A0610A49E06A0968884202D90849F0
S315080124A0E06A0860E16A01EB8101064A02EB8100F4
S315080124B0211DFEF745FF0126304670BDD0030020D9
S315080124C0E80300207C67002070B50646F068C468FA
S315080124D054B900BF502080F31188BFF34F8FBFF363
S315080124E06F8F00BF00BFFEE704F11800FEF7D2FEAA
S315080124F015480068A0B9201DFEF7CCFE1349E06A0D
S315080125000968884202D91149E06A0860E16A01EB63
S3150801251081010F4A02EB8100211DFEF711FF04E03C
S3150801252004F118010B48FEF70BFF0B49E06A09682D
S31508012530C96A884204D9012501200849086000E0D2
S315080125400025284670BD000008040020E803002085
S315080125507C670020046C0020D0030020F4030020CF
S3150801256070B5002400263648006850B900BF5020CF
S3150801257080F31188BFF34F8FBFF36F8F00BF00BF82
S31508012580FEE7FEF7E9FE2E480068401E2C49086062
S315080125900846006800284ED12A48006800284AD013
S315080125A023E02948C068C46804F11800FEF772FEE2
S315080125B0201DFEF76FFE2549E06A0968884202D99F
S315080125C02249E06A0860E16A01EB8101204A02EBCF
S315080125D08100211DFEF7B4FE1E49E06A0968C96A31
S315080125E0884202D301201C4908601748006808B9C7
S315080125F0012000E000200028D3D00CB1FEF7EEF848
S315080126001648056865B100BFFFF76AFE10B10120DB
S31508012610114908606D1E002DF6D100200F4908608A
S315080126200D48006838B1012630070D490860BFF327
S315080126304F8FBFF36F8FFEF7B9FE304670BD0000AE
S3150801264008040020E0030020046C0020E8030020B1
S315080126507C670020D0030020F4030020F00300204B
S3150801266004ED00E010B586B00024FDF71DFD1648FF
S315080126700068D0B100200590049003AA04A905A812
S31508012680FEF728FE0222DDE904100023CDE9002128
S3150801269002900EA10F48039AFFF7AEFD0E49086096
S315080126A00846006800B1012400BF54B900BF502094
S315080126B080F31188BFF34F8FBFF36F8F00BF00BF41
S315080126C0FEE7204606B010BD14040020546D7220A2
S315080126D05376630021090108180400202DE9FF47F4
S315080126E004460D4616461F46DDF830804FF00009B0
S315080126F054B900BF502080F31188BFF34F8FBFF341
S315080127006F8F00BF00BFFEE71448006810B300953D
S3150801271001960294062D15DAFFF7CCFD022808D199
S315080127200023424669460D480068FFF7E7FA8146E5
S3150801273010E000231A46694608480068FFF7DEFAE2
S31508012740814607E000233A46694604480068FFF7D0
S31508012750A9FB8146484604B0BDE8F0871404002069
S315080127600001000000000000000000000000000059
S31508012770000500000005000000050001000500FF36
S31508012780FFF7000500050005000500050005000521
S31508012790800080004000400020002000100010004A
S315080127A008000800040004000200020001000100FC
S315080127B0008000800040004000200020001000102A
S315080127C000080008000400040002000200010001DC
S315080127D00000038400009C40000000000400000083
S315080127E036666666000F0000135C28F60CF5C28F84
S315080127F0000000000000000000000000FFF800389B
S3150801280009EDD1E8000068000001FFC700000000DB
S31508012810000000000147AE143EB851EC000F00005D
S315080128200000000000000000000000000000000099
S315080128300000000000000000000000000000000089
S315080128404000000000000000000000000000000039
S315080128504000000000000000000000000000000029
S3150801286040000000000000000000010000010C000B
S315080128700000000000000000000000000000000049
S315080128800000000000000000155555550AAAAAAA1D
S3150801289000000000000000E1000000010006000140
S315080128A000000000000000000048D1593FB72EA7DC
S315080128B00200000000000000000000000000000007
S315080128C08E1700070000000000000000000003202A
S315080128D040000000000000007FFF0000000521E91C
S315080128E04000000000000000000000000000000099
S315080128F0003E033000000000000000000000000058
S3150801290000000002000000000000000000000000B6
S3150801291000000000000000000000000000000000A8
S315080129200000000000000000000000000000000098
S315080129300000000000000000000000006000000028
S315080129400000000000000000000000000000000078
S315080129500000000000000000000000000000000068
S315080129600000000000000000400000000000000018
S315080129700000000000000000000000000000000048
S3150801298000000000000000010003000A012B4AEEC6
S315080129900654AD11E3075C15362BD026D08C49A415
S315080129A00654AD111E0BB55538EE175031363F0397
S315080129B00000000000000000000000000000000008
S315080129C000000000000000000000000000000000F8
S315080129D00000000100000000000000010000800066
S315080129E0000000000000000000070000000E357519
S315080129F00000000000000000000700100096003CDF
S31508012A0000000000000000000000000000000000B7
S31508012A100D72AA29C93D6C4E55164C7FC44274974E
S31508012A200000000000000000000000000000000097
S31508012A30000000001000000000000000000000086F
S31508012A400000000000000000000000000000000077
S31508012A50000000100000003D00000000000000001A
S31508012A6000000000000000000020318815E3A340A3
S31508012A700000000000000000000000000000000047
S31508012A800E704B8CC50A92BE5A9691D2C1EEE70DCD
S31508012A90000000000000000000000000000700021E
S31508012AA000000014002D00000000000000000000D6
S31508012AB00000000000000000000000000000000007
S31508012AC000000000000000000000000000000000F7
S31508012AD0000000A3000000020000003A03E800001D
S31508012AE000000000000000000000000000000000D7
S31508012AF0000000000000000000000026000000029F
S31508012B0000000000000000000000000000000000B6
S31508012B100000000000000000000000033FC1A76894
S31508012B204000000000000000000000000000000056
S31508012B300000000000000000333333330CCCCCCD49
S31508012B4000FFFF000000000000000000000001185F
S31508012B5000000000FFFFFFFF00000000100000005A
S31508012B600000000000000000000000000000000056
S31508012B700000000100000000000000000000000342
S31508012B800000000000000000100000006487ED51FD
S31508012B9000000000000000000000000000000064C2
S31508012BA0000000000000000040000000011DF46A5A
S31508012BB00000000000000000000000000000000006
S31508012BC0000200000008000000007FFF000020004E
S31508012BD000009C400CCCCCCD000007800002000010
S31508012BE000000000000000003EB851EC0147AE1499
S31508012BF00000015E00000000600000000000000007
S31508012C0000008000000000000000800000100000A5
S31508012C10000061A80000001000000100000010007B
S31508012C20000100000400000000400000000400004C
S31508012C30000000000000200000002EE00006400011
S31508012C400000000100000000000000000000000074
S31508012C500200000000000000000000000000000063
S31508012C600000000000000000400000000000000114
S31508012C7003FFFFFF00000000000000000000000045
S31508012C803333333300000000000000000000000069
S31508012C900CCCCCCD000000000000000000000000B4
S31508012CA00000009D00000000000000000000000078
S31508012CB000010000000100000000000000000007FC
S31508012CC000000000000000000000000000000000F5
S31508012CD000000000000000000000000000000000E5
S31508012CE000000001000000000000000000000000D4
S31508012CF000320000003200000032000000320000FD
S31508012D0000000000000000000000000000000000B4
S31508012D1000000000000000000000000000000000A4
S31508012D200000000000000000000000000000000094
S31508012D300000000000000000000000000000000084
S31508012D400000000000000000000000000000000074
S31508012D50003200000032000000320000003200009C
S31508012D600000000000000000000000000000000054
S31508012D700000000000000000000000000000000044
S31508012D800000000000000000000000000000000034
S31508012D9000000010000000000000000001491B753A
S31508012DA000000010000000000000064000000CCDE5
S31508012DB00001000000000000000000000000000003
S31508012DC000000000000000000000000000000000F4
S31508012DD00000500000000001000016000000004637
S31508012DE000010000000000000000000000000000D3
S31508012DF000010000000000000000000000000000C3
S31508012E0000000000000000000000000000000000B3
S31508012E1000800000008000000080000000800000A3
S31508012E200000000000000000000000000000000093
S31508012E300000000000000000000000000000000083
S31508012E400000000000000000000000000000000073
S31508012E500000000000000000000000000000000063
S31508012E600000000000000000000000000000000053
S31508012E700000000000000000000000000001000141
S31508012E800000000000000000000000000001D4C09E
S31508012E900000000000000002008000000000013C64
S31508012EA00000000000000000000000000000000013
S31508012EB00100000000000000000000000000000002
S31508012EC000000000000000000000000000000000F3
S31508012ED000000000000000000000000000000000E3
S31508012EE000000000000000000000000000000000D3
S31508012EF000000000000000000000000000000000C3
S31508012F000000002800003A98000002000000014E67
S31508012F1000000000000000000000000000000000A2
S31508012F20000000000000000000000000000004008E
S31508012F300000000000000000000000000000000082
S31508012F4000000000000000000147AE144E400000DA
S31508012F5000000000000000000000000C0000200036
S31508012F600000000000000000000000000000000052
S31508012F7000010000000000000000000000000D062E
S31508012F800000000000000000000000000000000032
S31508012F900000000000000000000000000000000022
S31508012FA000000001000000001000000000002710CA
S31508012FB0000000004A402000000000000000000058
S31508012FC00000000000000ED800000118000007D01C
S31508012FD000000000000000000000000000000000E2
S31508012FE0000000000000000000000000000027109B
S31508012FF00000000000000000000000000006131B8E
S31508013000000BB800003CBF0F0055CE750000271015
S3150801301005B05B053A4FA4FA000000000000000065
S3150801302000000000000000000000003C0000003C19
S31508013030000000000000005A001D208A0061936903
S315080130400000013C00004DF00055CE7500000276E7
S3150801305006666666399999991000000030000000E5
S31508013060000000000CCCCCCC33333333000E904532
S315080130700000000001D41D413E2BE2BF3FF16FBBAA
S315080130800000000000000000039387000124924914
S3150801309000000000000013880098968008583B003D
S315080130A02000000000000EAF0000177000000001AC
S315080130B02000000000000050000000000000000190
S315080130C000000000000000000000000000000000F1
S315080130D0000000000000000000400000000400009D
S315080130E03F8000000080000000333333001CFA776C
S315080130F00C6D39E6CB6FDAA653CFD397C453744612
S3150801310000000000000000000000000000000000B0
S3150801311000000000000000000000000000000000A0
S315080131200000000000000000000000000000000090
S315080131300000000000000000000000000000000080
S315080131400000000000000000000000000000000070
S315080131500000000000000000000000000000000060
S31508013160000000000000000000DA740E3F258BF213
S315080131700000000000000000000000000000000040
S315080131802000000000000000000000000000000010
S315080131900000000000000000000000000000000020
S315080131A000000000000000000000000100001D4CA6
S315080131B000000000000000003800000008000000C0
S315080131C000000000000000000000000000000000F0
S315080131D0200000003E2BE2BF3E147AE230000000D8
S315080131E0000000000000000000001388000007D05E
S315080131F000000000000000000000000000000000C0
S315080132000000000000000000000013883C23EC8445
S315080132102000000001D41D4101EB851E10000000AD
S31508013220000000010000138800000000346CFCB2A5
S31508013230000000000000000000000000000000007F
S31508013240000000000000000000000000000000006F
S31508013250000000000000000000000000000000005F
S31508013260000000000000000000000000000000103F
S3150801327000001770000013880000232800000026AC
S315080132800000002F0000000040000000000009C4F3
S31508013290000000000000002301EB851E3E147AE2BF
S315080132A0000000000000002D022222223DDDDDDEA5
S315080132B00000000000000000000024B83DD1BA8ECD
S315080132C000000000000000000000000000000000EF
S315080132D00000000000000000000083D6000083D62D
S315080132E000000000000000000000000E00000021A0
S315080132F0002000000030FCF940000000000A8000B0
S31508013300008000000000000000000000000000002E
S31508013310000000000000000000000000000000009E
S31508013320000000000000000000000000000000008E
S315080133300000000000000000000000020000000A72
S31508013340000000000000000000333333000C0000C9
S31508013350000000000000000000203188000700007E
S31508013360000000000000000000000000F0DE9AF8EE
S315080133700000000000000000000000000F90B2836A
S315080133800000000000000000000000000800000026
S31508013390000000000000000000000000F7218CD5A5
S315080133A00000000000000000000000000C6F3995C5
S315080133B000000000000000000000000000000000FE
S315080133C000000000000000000000000000000000EE
S315080133D0400000000000000000000000000000009E
S315080133E0400000000000000000000000000000008E
S315080133F0400000000000000000000000000000007E
S3150801340000000000000000000000000000000000AD
S31508013410000000000000000000000000000000009D
S31508013420000000000000000000000000000000008D
S315080134300000000000000000000000000000080075
S315080134400053440000534400019A0000019A000009
S315080134500000054600000546000000150000001999
S315080134600000025800000258000000120000000384
S3150801347000000032000000960000012C00000096B2
S3150801348000CF50A400CF50A40135D0A40135D0A453
S31508013490000000000000000000028000000180001A
S315080134A0000C8000000C8000000000000000800075
S315080134B0000C800000000000000000000000000071
S315080134C000000000000000000000000000000000ED
S315080134D000000000000000000000000004000000D9
S315080134E0400000000000000000000000000000008D
S315080134F0017BAB50012DB648000016AC0022826054
S315080135000000118B044CCCB0000000140000168199
S315080135100278FEE003943AB00010B4900000032A42
S31508013520000025F600000000000000002000100041
S315080135300852DF89058C9506016325416000000064
S31508013540000000000000000000000000000000006C
S31508013550007B476902E5DBAE06F1857807DFAB88B4
S31508013560000000000000000000000000000000004C
S31508013570000000000000000000000000000000003C
S31508013580000000000000000000000000000000002C
S31508013590000000000000000000000000000000001C
S315080135A0000000000000000000000000000000000C
S315080135B000000000000000000000000000000000FC
S315080135C000000000000000000000000000000000EC
S315080135D000000000000000000000000A00000000D2
S315080135E000000000020000000000FE4C0000000080
S315080135F0000000000000000000000003086666667F
S3150801360000000000000000000399999A00666666AA
S31508013610000001F4000000010000000A0000001E7D
S315080136200200000000000000066666660004D45E1B
S315080136300000000000000004000000280000001E31
S315080136400000000000000000006666660000000039
S3150801365000000002000000000000009600000000C3
S3150801366000000000FFFFFFF8000000000000000056
S31508013670000000000000000000000000000000003B
S31508013680000000000000000000000000000000002B
S31508013690000000000000000000000000000000001B
S315080136A0000000000000000000000000000000000B
S315080136B000000000000000000000000000000000FB
S315080136C000000000000000000000000000000000EB
S315080136D0D8DCB8B0B4F3AAF8F9D1D9889AF8F73E84
S315080136E0D8F38A9AA731D1D9F41036D8F39F39F984
S315080136F0D1D9F41036D8F38F9F0897608A21D1D98A
S31508013700F41036DAF1FFD8F1BEBEBCBCBDBDBAB203
S31508013710B6A080903218BEBEBCBCBDBDB8B0B4A4BC
S31508013720DFA5DEF3A8DED0DFA4849F24F2A9F8F989
S31508013730D1DADEA8DEDFDFDFD8F4B18DF3A8D0B0A9
S31508013740B48FF4B9AFD0C7BEBEB8AED0F39F75B2C9
S3150801375086F4BEBEB9AFD0C3F1BEB8B0A3DEDFDF13
S31508013760DFF2A381C080CDC7CFBCBDB4F1A38D93D1
S3150801377020FD3F886E767E8D93BEA220FD31A02C5A
S31508013780FD3234FD323CFD32BEB9AC8D20B8BEBE29
S31508013790BCA2869D08FD0FBCBCBCA3829301A9836C
S315080137A09E0E161EBEBEBEBCA58B992C547CBCBCF7
S315080137B08593BAA52D557DB8A59D2CFD374CFD37AA
S315080137C06CFD37F5A5859F345474BDBDBDB1B6BA38
S315080137D08395A5F10E161EB2A785952AF05078870E
S315080137E093F101DAA5DFDFDFD8A4DFDFDFB080F2EE
S315080137F0A4C3CBC5F1B18E94A40E161EB286BEA083
S315080138002C343CBDBDB496B8A12C343CBDBDB69490
S31508013810BEA62CFD3534FD353CFD35BCB28E94B8BB
S31508013820BEBEA62D557DBAA42D557DB8B0B4A68FBA
S31508013830962E363EBCBCBCBDA6869FF5345474BCD8
S31508013840BEF190FCC300D9F411DFD8F3A0DFF1BCB7
S315080138508691A92D557DBCBCBCA98090FC51001050
S31508013860FC510010FC510010FCC104D9F2A0DFF490
S3150801387011DFD8F6A0FA809038F3DEDAF8F411DF12
S31508013880D8F1BD95FCC104D9BDBDBDF411DFD8F68B
S31508013890BCBCBCBDBDBEBEBEB5A784921AF8F9D1E3
S315080138A0DB8493F76AB68796F309FFDABCBDBED8FF
S315080138B0F1BCBCBCF6B082B497B8A902F702F1BC58
S315080138C08999A704FD37A8DF8798A7FC3D0050F81A
S315080138D0F9D1D9A8DFF9D8F6BCBCBCBDBDBDBEBE01
S315080138E0BEB7A7819A0BB4879F1AF8F9D1BB81AAEB
S315080138F0C1D9F41247D8F6B8A71AF9D9F41247D894
S315080139008AF3BBAAC0C3B3AA8A9D1AFD1EB79A0831
S31508013910B8B0B4A5859D00D8F3B9B2A980CDF2C4D3
S31508013920C5BAF3A0D0DEB1B4F7A7899172899147D8
S31508013930B6974AB9F2A9D0FAF9D1D9F41275D8F3DA
S31508013940BAA7F9DBFBD9F1B9B081A9C3F2C5F3BAB4
S31508013950A0D0F8D8F1B189A7DFDFDFF2A7C3CBC5BD
S31508013960F1B287B8BEBEBEABC2C5C7BEB5B997A5CB
S3150801397022F048703C98406834589960F1BCB38E7F
S3150801398095AA254D75BCBCBCB8B0B4A7889FF75A93
S31508013990F9DAF3A8F8889DD07CD8F7A7889F52F959
S315080139A0DAF3A8889CD0DF606870789D60687078C3
S315080139B09E70789F70D8F7A7889F42F9BAA0D0F36E
S315080139C0D9DED8F8F9D1B8DAA8889ED064689F609C
S315080139D0D8A88498D0F77EF1B2B6BA8591A7F475BE
S315080139E0A8F475C0F18491A7F475A8F0A2870D20F3
S315080139F0597015384069A4F162F0193148B8B1B463
S31508013A00F1A680C6F4B081F3A7C6B18F97F702F97C
S31508013A10DAF4137FD8B0F7A7889F52F9D9F4137847
S31508013A20D8F1B2B6A682922AF050FD08F1A784947D
S31508013A3002FD08B0B4869700B1BAA78161D9F4131B
S31508013A4097D8F141DAF41397D8F1B8B2A682C0D85B
S31508013A50F1B0B68692A716FD040FFD04BA8791A7A1
S31508013A60F475B6B2F475C0D8F1BEBEBEBDBDBDB261
S31508013A70BA84A7C3C5C7B2BCBCBCB68791AFF47537
S31508013A80A8A08FF10BF020597015384069641931D7
S31508013A9048F18090AF6EFD0467FD048F91A7F47518
S31508013AA0B6F475C0F1BEBCBDF7BEB0B4BA889EA364
S31508013AB06A9F66F0B1B5B98A9AA22C5078B2B98ACA
S31508013AC0AFC0C3C5C789ADD0C4C783A1C2C5BABC77
S31508013AD0BCBCB281A2C0C3C5C7BCBCBDF4749CF34F
S31508013AE0BAA3FAF9D1D9F41433D874ADBEBEBEBAA5
S31508013AF0B182A3D0C7A9D08DC4C7A381C1C3F3A678
S31508013B008DC2BED8F1BEBEBEBAB1AA8FC0C3C5C7E3
S31508013B10BEBCBCBCB2B988AFC0C3C5C780ADD0C036
S31508013B20C389A1C0C3BA81A2C0C3C5C7BCF4749C6A
S31508013B30F3BAA3F8F9D1D9F41484D874ADBEBEBECC
S31508013B40B8B182A7D0C7BAA08DC4C7A981C0C3F32B
S31508013B50A58DC2BED8F1BEBEBEBAB1A88FC0C3C5B7
S31508013B60C7BEF3BAB2B6A3839308F9D9F41502D836
S31508013B70F0B8B0A3859404285078F1B4849369D930
S31508013B80B6A58D94202C343CB4A4DEDFF8F414CC0D
S31508013B90D8F1A4F8A3849441D9A4DFF8D8F194FC08
S31508013BA0C104D9A4FBA386C0B1829E06FD1EA681C7
S31508013BB0964293F068B0A3F1839601F5839300A624
S31508013BC08696F0348318F1A18D68A3819BDB198B46
S31508013BD0A1C6D8F1BEBEBEBCBCBCBDBDBDD8F7B87A
S31508013BE0B4B0A79D8872F9BCBDBED9F417A1D8F2A5
S31508013BF0B8ADF8F9D1DADEBAA1DEAEDEF8D8B2810F
S31508013C00BEBEB9AFD0C1BCBCBDBDB1B4F1AC8C921E
S31508013C100A18B5AF8C9D41DB9C118EADC0BEBEBAEC
S31508013C20AEC3C5C78DA8C6C7C7C7A6DEDFDFDFA572
S31508013C30D0DEDFBEBED8B9ACDFAF8D9C11D98CC53D
S31508013C40DAC1D8AF8F21F59F00F18C9C45D98FAC8D
S31508013C50C1D8F2AFDFF8F8DFF8F8F8AF8F9F59D17E
S31508013C60DBF18C9C31F28FAFD0C3D8AF8F9F39D19E
S31508013C70DBF18C9C69F28FAFD0C5D88FBEBEBAA1D5
S31508013C80C6BCBCBDBDF2B1B5B9AEF9DAF41774D884
S31508013C90F28EC2F1B2809AF5AF24D9F41774D8F529
S31508013CA044D9F41774D8F564D9F41774D8F1B1B6B0
S31508013CB08B90AF2D557DB58C9FAD0E161E8B9DAB8A
S31508013CC02C547C8D9FAA2E567E8A9CAA2C547C9BAA
S31508013CD0AC264666AF8D9D009C0DDB118F19F41637
S31508013CE014D81774D8F1B281B690AF2D557DB18F1E
S31508013CF0B59FAFF52C547CF1B28C9FAD6DDB717914
S31508013D00F41642D8F3BAA1DEF8F180A1C3C5C7F407
S31508013D101651D8F3B6BA91FCC028DAA1F8D9F41726
S31508013D2074D8F3B9AEF8F9D1D9F8F41774D8F1BA49
S31508013D30B1B5A08B933E5E7EAB83C0C5B2B6A387F1
S31508013D40C0C3C5C7A288C0C3C5C7A486C0C3C5C7E3
S31508013D50A585C4C7AC8DC0BEBEBCBCBDBDB9B1B519
S31508013D60ADD0DEAF8C9C41D9F416C0D8F1F8F9D1A3
S31508013D70D9F416D9D8F1AF8D9C31DA8CC5D9C3D807
S31508013D80AF8F21F59F00F1ADD0B0829F02F416D90D
S31508013D90D8F1AF8D9C31D98CC5DAC3D8AF8F21F54F
S31508013DA09F00F1ADD0B0839F02D8F1B18CADC1BEF1
S31508013DB0BEBDBDBAB6AC8D9C40BCBCB2A0DEF8F89F
S31508013DC0F8F8F8FD0FF5AF8898002C547CF1AF8010
S31508013DD09F01DB091119F41713D8F2A1F8F9D1DA01
S31508013DE0F1ACDED8F3AEDEF8F41A8ED8F1A783C0AB
S31508013DF0C3C5C7A882C0C3C5C7A684C0C3C5C7A54E
S31508013E0085D0C0C38D9DAF39D9F41774D8F183B560
S31508013E109EAE34FD0A54FD0A74FD0AF2A1DEF8F8D5
S31508013E20F8F1BEBEBCBCBDBDB9B1B58CADC0AF9CC9
S31508013E3011D9AEC0BCBCB28EC3C5C7BCBCD8BEBE48
S31508013E40BCBCBDBDD8F2BAB2B5AF819701D1B9A78D
S31508013E50C0DAF4178CD8F2BAAEF8F9D1DAF3BEBEE5
S31508013E60BEBCBCBCBDBDBDB8B0B4A5859C08BEBCB6
S31508013E70BDD8F7BCBCBCBDBDBDBBB4B0AF9E8862E6
S31508013E80F9BCBDD9F419E7D8F1BCBCBCB185BAB542
S31508013E90A098062646BCB9B3B6F1AF81902D557DDB
S31508013EA0B1B5AF8F9FF52C547CF1BBAF869F69DB0B
S31508013EB07179DAF3A0DFF8F1A1DEF2F8D8B3B7F138
S31508013EC08C9BAF19D9ACDEF3A0DFF8D8AF80906927
S31508013ED0D9A0FAF1B280A1C3C5C7F2A0D0DFF8F420
S31508013EE019D1D8F2A0D0DFF1BCBCBCB1AD8A9E26EF
S31508013EF04666BCB3F3A2DEF8F41A17D8F1AA8DC147
S31508013F00F2A1F8F9D1DAF4185CD8F1AF8A9A218FBF
S31508013F1090F510DAF4185CD8F191FCC004D9F418BC
S31508013F20A3D8F3A1DEF8A0DFF8F419D1F391FCC008
S31508013F3007D9F418A3D8F1AFB1849C01B3B580971A
S31508013F40DBF321B9A7D9F8F418A3D8F3B9A7DEF892
S31508013F50BBF1A387C0C3C5C7A488C0C3C5C7A58904
S31508013F60C0C3C5C7A686C4C7A182C3C5C7F3A1DE98
S31508013F70F419E7D8F1BBB3B7A1F8F9D1DAF2A0D0B1
S31508013F80DFF8D8F1B9B1B6A887902D557DF5B5A852
S31508013F9088982C547CF1AF869829DB3139F419E7D6
S31508013FA0D8F1B3B6A78A904C545CBAA081902D5526
S31508013FB07DBBF2A2F8F9D1DADEF419E7D8F1BAB085
S31508013FC0AB8FC0C7B3A383C0C3C5C7A284C0C3C5CB
S31508013FD0C7A485C0C3C5C7A586C0C3AC8CC2F3AE8A
S31508013FE0DEF8F8F41A8ED8F1B2BBA383C0C3C5C7ED
S31508013FF0A482C0C3C5C7A584C0C3C5C7A685C0C397
S31508014000AC8CC4B3B7AF859556FD0F869606FD0FE2
S31508014010F0849FAF4C70FD0FF186962EFD0F849F9D
S3150801402072FD0FDFAF2C547CAF8C69DB71798B9CE9
S3150801403061F41967DA19E7D8F1AB839128FD0554BC
S31508014040FD057CFD05B8BDBDBDB5A38B95052D55F3
S31508014050BDB4BBAD8E930E161EB7F3A2DEF8F8F407
S315080140601A17D8F2A1F8F9D1D9F1AF8D9A01F58FBE
S3150801407090DB00F419E7DAF1AA8DC0AE8BC1C3C58E
S31508014080A1DEA783C0C3C5C7A884C0C3C5C7A98500
S31508014090C0C3C5C7A686D0C0C3A281C3C5C7F41904
S315080140A0E7F1BBB3A3DEDFDFDFA48CC4C5C5C5A5B5
S315080140B0DEDFDFDFA6DEDFD8F3B9AEDFBAAEDEBB01
S315080140C0A2DEBEBCB3BDB7AF8E9C01D1ACC0D9AE22
S315080140D0DED8F1B183B9A7D0C4B8AEDEBEBEBEBBC9
S315080140E0BCBCBCB3BDBDBDD8F3A2F8F9D1D9F41A8D
S315080140F08CD8F5AD8D9D2C547CF1AF49DAC3C5D961
S31508014100C5C3D8AF9F69D0DAC7D98FC38DAFC7D812
S31508014110B9A98F9FF05478F1FD0FA6B189C2B3AF43
S315080141208F9F2EFD11B1B5A9899F2CF3AEDFF8F843
S31508014130F41C43D8F1AD869906FD10DFF8FD0FADE5
S315080141408D9D4CBBB3AD8F9D2AFD0FB792FCC00464
S31508014150D9F4182BD8FCC008D9F41992D8F1D8F398
S31508014160BAB2B6AEF8F9D1D9F41C41D8F1AFDEF935
S31508014170FD0F80902C547CA02AF05078FD0FF1A2F7
S31508014180829C00244464A98F94F004FD0F0C30FD31
S315080141900F1C952048FD0FF199C12C547CAA8299D0
S315080141A002FD0F2EFD0F56FD0F7EFD0FAC839FF00E
S315080141B004285078FD0F8C90F121F58C9C2CF1AFD9
S315080141C0DEF189AF9FFCC000D9C18AC182C1D8FC82
S315080141D0C004D9C38AC382C3D8FCC008D9C58AC555
S315080141E082C5D8FCC00CD9C78AC782C7D8FCC010FB
S315080141F0D9F41BFBD8F18BABD0C09F2EFD0FA0DEE7
S31508014200ABD09065A08F9F4AFD0FAB8B9000B9A9E3
S31508014210C1F3AEDFF8F41C43D8F1BAB1B689ABC124
S31508014220B2AFD08B9F3EFD0F5AFD0F9FFCC000D940
S31508014230F18FA2C6D8FCC004D98FA2C784ABD0C05F
S31508014240AF8A9B1EFD0F36FD0FA48F30AA9A40D860
S315080142509FFCC008D98FA2D0C684ABD0C2AF8A9BB7
S315080142601EFD0F56FD0FA48F34AA9A4084ABD0C405
S31508014270AF8A9B3EFD0F56FD0FA4D08F30AA9A4CEC
S31508014280D89FFCC00CD98FA2D0C784ABD0C6AF8A41
S315080142909B1EFD0F76FD0FA4D08F34AA9A4085ABDD
S315080142A0D0C0AF8A9B3EFD0F76FD0FA58F30AA9A27
S315080142B04C85ABD0C2AF8A9B5EFD0F76FD0FA58FED
S315080142C034AAD09A50D8AFF8F41AF1F1D88B9CAF2A
S315080142D02AFD0F8A9FB9AF02FD0F26FD0F46FD0F76
S315080142E066FD0F83B59FBAA3002C547CB68292A0B3
S315080142F031D9ADC3DAADC5D88DA039DA82ADC7D803
S31508014300F39EFCC004D9F4171BD8FCC008D9F419CC
S3150801431016D8F1D8F1B9B1B5A9DEF88999AF31D96D
S31508014320F41C97D8F185AF29D984A9C2D885AF4994
S31508014330D984A9C4D885AF69D984A9C6D889AF391A
S31508014340DA8EA950F41C97D8F189AA7CFD029A68DD
S31508014350D8F1AAFBDA8999AF26FD0F8F9525899F92
S31508014360A912FD0FF41C80D8F39EFCC104D9F41BD5
S3150801437048D8FCC108D9F41A63D8F1BEBCBCBCBD87
S31508014380F3B8B4B08FA8C0F9AC8497F51AF1F8F967
S31508014390D1DAA8DED895FCC103D9A8DED8BCBCF110
S315080143A098FCC01CDB95FCC003A5DEA4DED8AC884E
S315080143B09500D1D9A5F8D8A4FC80048895A4FC0851
S315080143C00420F7BCBCBDBDB5AC849FF602F8F9D193
S315080143D0DB8493F76AF9D9F3BCBCA8889218BCBCEC
S315080143E0D8BCBCB4A8889E08F4BEBEA1D0BCBCF794
S315080143F0BEBEB5AC84936AF9BDBDB4D9F2AC8C978F
S3150801440018F6849C02F8F9DBD1F1A5DFD8F7BEBE10
S31508014410BDBDA79D887AF9D9F41EE1D8F1BEBEAC17
S31508014420DEDFAC889FF75A56F1BCBCBDBD95FCC012
S3150801443007DAF41E7CD8F1FCC000DB9CFCC100F451
S315080144401EA1D8F1AC95FCC008DAF41DBED8F182DC
S3150801445090792D55F58C9C04AC2C54F1BCBCBC80D0
S315080144605DDB4951F4BC1D9CDABC1E78D8F58698EB
S3150801447038D9F182902DD8ACD08698F55CD9F182DD
S315080144809055D8AC8C9C0000A5DFF8F41DC9D8F16D
S3150801449082962D557D8C9C3418F1AC95F51CD9F472
S315080144A01E78D8F1AC839045D9A0F8AC8C9C06D27D
S315080144B0A191002C81D6F0A1D08C9C28D387D4A7B2
S315080144C08C20D3F1A484902C547CD8AC839045D904
S315080144D0F41EA1D8F1AC819102FD148566FD1D88F3
S315080144E04EFD1B87D4FD54AD8D4EF0819CABD6FD98
S315080144F0068D318C101001010139AC8B98F508D95C
S31508014500F41E78D8F1A982960195FCC100DAF41E49
S3150801451050DBF1AC8993F518F1A5DFF8D8F41E7CC8
S31508014520D8F1A4849534FD0554FD0574FD05A994B7
S31508014530F52C547CF1AC879949DB515984ABC3C539
S31508014540C782A6C0F3AADFF8D8F1A5DFD8F1A0DEA5
S31508014550A1DEDFDFDFA7DEDFA4DFDFDFA295FCC098
S3150801456001D980C3C5C7A883C1DA86C3C5C7A883CD
S31508014570C3D8F19AFCC104D9AC829601F3AADEF834
S31508014580F8F8DBF5AC8C9A18F3AAF9D8AC8A9A41F3
S31508014590D1AAD0C0D9F2AC859A41DBD1BCBCBDBD8C
S315080145A0BEBEF41EE1D8F3BCBCBDBDBEBEA5859C8E
S315080145B010D8F1B8B0B4A7889EF77AF9D9F42018BB
S315080145C0D8F1BEBEBEBBA2F9DABEF42018D8F1BC3A
S315080145D0BCBCB380C6AFDED0DFBCB284BDBDBDB73F
S315080145E09FA060BCBCBCB38590AF019F468FA20E4D
S315080145F08592AFD0299F52A50834A0FB8695AF298D
S31508014600DAA6DEF41F4CD8F1A0FAF9DAA6DEF41F11
S315080146104CD8F1A6F896AF19D9A3DEF8D8F1859446
S31508014620AF31D9A3DEF8F880A0C5D88596AF31D9C0
S31508014630A3DEF8F8F880A5C086C3D8A8DFA1DE8571
S3150801464091AF0C0DF58F9FAF2C54F197FCC004DB8D
S315080146508FAF51A8DFF8D898FCC008D9F41FB4D891
S31508014660F1FCC00CD9F41FDDD8F193FCC009D9A41B
S31508014670DEA8DEF8F8D8FCC004D985A1C1A7DEF802
S31508014680D8F41FF6D8F1A4F88291AF31DB9F719265
S3150801469041A7DED88494AF19D9A8DEF8F8F8A3DFC4
S315080146A0D893FCC00AD9A8DEF8D8F41FF6D8F1A425
S315080146B0F8A3FAF9D1DB8894AF4188A1C2D893FC53
S315080146C0C00AD9A8DEF8D8F191FCC004D9A7FAA383
S315080146D0FAAFD0DFF8F8D8AFD0FAF9D1B0BCB4BD8B
S315080146E0B8BEDAF3A5859D08D8F1F1A7DEF7849F50
S315080146F06A87F1D4FD3EF9D9F42048D8F0F7A7889E
S315080147009F52F9D9F42048D8F2BBA0F9DAF4204827
S31508014710D8F2B380C4F475DCD8F0B1B5BA8A9AA7D1
S31508014720F02C5078F2A5DEF8F8F1B5B2A7879021FA
S31508014730DBB6B1809729D9F2A5F8D8BBB2B6BEA126
S31508014740F8F9D1BEBEBEBADAA5DED8A7829565D17B
S3150801475085A2D0C1D9B5A7869331DBD1F42098D8E3
S31508014760F3B8B0B4A5859C18D8F1BAB2B68196A1AA
S31508014770F8F9B9A6DAC3C5C7D92D4D6DD8BA8AAA2B
S31508014780F8F9B9AEDAC3C5C7D92D4D6DD8BA88A817
S31508014790F8F9A7DAC3C5C7D92D4D6DD8F2B0B9A3B3
S315080147A0FAF9D1DAB88FA7C0F9B58793F60AF2B440
S315080147B0A4849724A4849E3CD8F3BEBEBBAEF8F964
S315080147C0D1BEBEB0B4B8DAA5859E00D8F1BCBCBDD1
S315080147D0BD8E9EA759D1BCBCBDBDDA859EA508D89C
S315080147E0F1BCBC8EBEBEAED0C5BCBCBEBEF7B9B0B0
S315080147F0B5A688955AF9DAF1ABF8D8B8B4F398FCA6
S31508014800C004DAF42186D8F2A9D0F8899BA751D930
S31508014810A9D0DEA4849E2CD8A8FA889AA729D9A853
S31508014820DFA4849D34D8A8D0F8889AA751D9A8D0EE
S31508014830DEA4849D2CD8A8D0FA889AA779D9A8D0BD
S31508014840DFA4849D24D8F3A9D0F8899BA751D9A9B7
S31508014850D0DEA4849C2CD8F7A7889F52F9D9F421D5
S31508014860B6D8F1B9A2FAF3B8A9D0FA899BA779D92A
S31508014870A9D0DFA4849C24D8F2A8F8889AA701D9DC
S31508014880A8DEA4849D3CD8F7A7889F42F9D9F421CC
S31508014890FDD8F3A9F8899BA701D9A9DEA4849C3C74
S315080148A0D8A9FA899BA729D9A9DFA4849C34D8F267
S315080148B0A9FA899BA729D9A9DFA4849E34D8A9D0A6
S315080148C0FA899BA779D9A9D0DFA4849E24D8F1A710
S315080148D0DEF284CA97A424A594F60AF78502F8F9A4
S315080148E0D1D9F69B02D8A7B1829562F8F9D1D9F444
S315080148F023F2D8F0B085A4D0C0DDF2C0DCF6A79FBC
S3150801490002F9D9F3A5DEDAF0DDF2C8DCD88595A57A
S3150801491000D986F0DDF2CACCCEDCD88500D980F084
S31508014920DDF2CCC6CE85CACCCEDCD88500D9B18914
S31508014930F0DDF2C2CAC4DCD8B08500D981F0DDF257
S31508014940C6CE82C0C8DCD88500B1D986F0DDF1C2F1
S31508014950C4C6DCD8B0F28500D9B287F0DDF1C2C48D
S31508014960C6F2BCB081C0DCBCBCBCD8B08500B1D92C
S315080149708FF0DDF2C2C4C6DCD8B08500D9B18EF09D
S31508014980DDF1C2C4C6F2BCB081C0DCBCBCBCD8B0C7
S315080149908500D982F0DDF2C2CAC4DCD88500D8F216
S315080149A08500D9B18AF0DDF1C2C4C6DCD8B0F2857A
S315080149B000D9B1F0DDF182C4DCD8B0F3A5F8F9D19C
S315080149C0D9F42374D8F38595A50000D9BEF2BAAEF9
S315080149D0DEBEBEBEBCB281F0DDF3C8DCBCBCBCD851
S315080149E0B0B885A500D9F2BEBEAADEBEBEBCBC8AD9
S315080149F0F0DDF3C0DCBCBCD885A500D9B9F2A3D0DB
S31508014A00DEB285F0DDF3C8DCD8B085B8A500D9B328
S31508014A108AF0DDF3C0DCD8B08500D98FF0DDF3C4A8
S31508014A20DCD885000000D9BCBCB38EF0DDF3C0F13B
S31508014A30C2DCBCBCD8F3B08500D9BCBC8EF0DDF3B2
S31508014A40C4DCBCBCD8F3B08EF4B8A7D0C0D887F301
S31508014A50B9A2C6A6C4F7B58E9606F8F9D1DAF42333
S31508014A607DD8F38EC0F9B18696F70ADFF330FD08D3
S31508014A70A28210F0DDF382C0DCF2B9A3DFF4B18CB7
S31508014A80F3AFC1C3AF8FB49D3EFD1EB59F30A639A6
S31508014A90D9F423ECD8F7B8B0B4A7849D1AF9D9F498
S31508014AA023DFD8F1B9B1B5A6839B61D9F423F2D82E
S31508014AB0F6B8B0B4A784945AF8F9D1DAF0E2F1B9A4
S31508014AC0ABDED8F2B186B9AFC3C5C7B8B0B4A7884B
S31508014AD09CF76AF9D9FFD872B9ABF1DFF762F3F837
S31508014AE0F9D1DAF1DEF8D8F7BBAF7A9D669E769FE3
S31508014AF076F1A1DFBAA6D0DEBBF3A0F9DAFFD8B307
S31508014B0080C4AFD0FAF9D1DABCBCBCF425BAD8F165
S31508014B10B8BEBEAED0DEB084BABEA7C1F788B49D12
S31508014B206EF9B2BCBCBCBDBDBDDAF4248FD8F1B8F0
S31508014B30BEBEBEAED091FCC000DBB695FCC104D9A1
S31508014B40F8F8F8F8D8B491FCC004DBB695FCC100B6
S31508014B50D9F8F8F8F8F8F8F8F8D8BABEF424F6D877
S31508014B60F191FCC000DBB695FCC104F58795A73A1F
S31508014B70F1F9D9AFDE8FBEBEA1F4C1F1A2F4C1F13C
S31508014B80BEBED8B491FCC004DBB695FCC100D9AF52
S31508014B90DEF8FD078F9510DFF8F8F8A7DEF8FD07B0
S31508014BA0DFF8FD06DFF8FD048F97AFD0DE404850E9
S31508014BB0DFF8608FBEBEA0D0F4C1F1A1F4C2C5F181
S31508014BC0A2F4C7F1BEBED8F1B081A5C1BC84B8BEF6
S31508014BD0BEA9C1F788B4BD9D6EF9BCBDDAF42543FB
S31508014BE0D8F1A9DEF8FD04DFF8FD05BC8EBEAED00E
S31508014BF09AFCC000DB9BFCC004D99940D89AFCC03A
S31508014C0004DB9BFCC000D99948D8BCBCBCBEBEBE5F
S31508014C10F425ADD8F19AFCC000DB9BFCC004F589EC
S31508014C20A932F9D9F1DEF8FD02DFF8FD07DFF8FD53
S31508014C3007F8DF89BAA0F4C0F18BA1D0F4C3F189D2
S31508014C40A2F4C2C5C7F1A3F4C7F1B8D89AFCC00447
S31508014C50DB9BFCC000D9A9DEF8FD02DFF8FD07DF02
S31508014C60F8FD07F8DFF8FD04F989BAA0F4C0F18B5D
S31508014C70A1D0F4C3F189A2F4C2C5C7F1B8D8F18AA3
S31508014C80ABC0BCBCBDBDBDBEBEBED8F1B280BAA765
S31508014C90C4BCB28BF475758FB69CF47581AFF47587
S31508014CA0878BF475758EB69DF47581AEF47587B3E9
S31508014CB081F475758594F47581BBA5F4758780BAF9
S31508014CC0F47575B38E9BF47581BBAEF47587B383A2
S31508014CD0A3F47593F1B28FB69FBEBEB9AF7A8E9E15
S31508014CE07EF5B385B7957C8E9E7CF1BCBCBDBDB106
S31508014CF0B58F9FAFD05882AF012D5586AF424E76FC
S31508014D0082A2002C5484BDB690AF51BDBDBDB59FDE
S31508014D1006A4D0488FAFD00A8474A4D03E8093AF3E
S31508014D2039D1ABD9FADADFD8BAADFA839BA769DBF1
S31508014D30B28DB69D69F4266DD8F1ADDEDFD8F0BC2B
S31508014D40B281BDB691BBA63C110C582C50F1BCBC26
S31508014D50BCB386BDBDBDB796A62C547C9B7197A5E1
S31508014D60D02AF05078F1D8B8ACDEF8F5B08CB79304
S31508014D7006F1F9AFDAF8D9DED8B3B6BA86A7C2F41E
S31508014D80759B93F07171608492F47581F1A4F47541
S31508014D908783A3F47593B386A7C4F4759B95F071BD
S31508014DA071608692F47581A6F4758785A5F4759365
S31508014DB0B386A7C6F4759B9FF07171608892F475E6
S31508014DC081A8F475878FAFF47593F5B28494B9AF5A
S31508014DD07C86967C88987CF1B18FB59FA53085181D
S31508014DE0F09A3C9918F1BCBCB284B9AFC3C5C7BA2D
S31508014DF0B6BCBCA78BB59F2D557DF5A787B6972C55
S31508014E00547CF0AC819C0C97289C1497309C1C9779
S31508014E1038F1B18FABC3C5C7A7B2819C59DB51AA7B
S31508014E20DEF4276AD8F1ACB18E9C48FD02B28B023A
S31508014E30AADEA78C11DB19DAAAF8D8F1B5BDBD9B94
S31508014E40FCC103BDBDD9F428EAD8F1B2BCBC84B80B
S31508014E50BEAEC3C5C7B0BCBCBCB4BDF08A9EAF6C00
S31508014E6099618A199E7499698A399E7C99718A59B8
S31508014E70F18F9FAA28FD0154FD017CFD018EA9C26F
S31508014E80C5C7F08A9AA7042850F18797AF098FB545
S31508014E90BDBDBD9B1EB4BD97A7208BBAA7C1C3C50F
S31508014EA0BDB690FCC200BDBDBDD9F42877D8F1B214
S31508014EB086B697A74A99F475A19AF475818AAAF4D0
S31508014EC07593F18697A7529BF475A19CF475818C0D
S31508014ED0ACF47593F18697A75A9DF475A19EF4755E
S31508014EE0818EAEF47593F189A9C2C5C787C38BAB09
S31508014EF0C2C5C787C58DADC2C5C787C7B8AEDE8A65
S31508014F00B49E64FD018C64FD018E64FD01B0F08DD3
S31508014F109EAF6C9C618D199E749C698D399E7C9C93
S31508014F20718D59F18F9FAD28FD0154FD017CFD015D
S31508014F308EACC2C5C7F08D9DA8042850F18898AFDC
S31508014F40098F9B1E98A820D8F1B8B1B4BCBCBC8403
S31508014F50AFC787C1B383C1BCB08F9FAF49DAF42805
S31508014F60A7D8F5917AF19FFCC003DB90FCC000D964
S31508014F70A1DEF8D8F428B7D8F59172F19FFCC003E1
S31508014F80D9A1DEDFA0DEDFD8F1A1F8F9D1A0DAF8E0
S31508014F90D9FAD88090AF11DBA1DE91FCC104D9A161
S31508014FA0F8DFA0DED88090AF39D9A0DEDFA1DFD83F
S31508014FB0F1BCBCBCBDBDBDBEBEBED8F1B1B5B9A6BE
S31508014FC0F88ABBA4C3A0C5B98696AF21D9F43031F6
S31508014FD0D8F1A6DEA1DEDFDFA0DEDFDFDFABDEACE8
S31508014FE0DEB38CBBA4D0C4A0D0C6B8BEBEBE83A94E
S31508014FF0C1F2BCBC82C381C5F8F1B0BCBDBD9BFC86
S31508015000C103B4BDD9F42984D8F1AADE99FCC1003B
S31508015010D9AAFADB8A9AA939AADEF8D8F5A2899219
S315080150203AF192FCC003DADFD9FAA282DB31DFAAB0
S31508015030DEF8D899FCC103D9AADFD8F28999A971F2
S31508015040DBDE41F1AADEF8D89AFCC004DBA8DE98BB
S31508015050FCC100F8D8F1B1BCB5BDB9BE8794AF198A
S31508015060D983A1C6F42C7AD8F1829FAFDF28FD0334
S31508015070DF30FD048F9F3482381DA9DED9F8DAF4B2
S315080150802AEBD8F18297AF51D983A0C783A7D0C29B
S31508015090F42A1CD8F18292AF59DAF42A1CD8F5B34E
S315080150A083B7991AF1F8F9D1DAB1B5F42A1CD8F50A
S315080150B03AF1F8F9D1DAB1B5F42A1CD8F1B0BCBC89
S315080150C0BC88AFC1F289C5C7F9F9B1BCB5B9F28FC8
S315080150D09FAF71D9F183A0C6B38CBBA4D0C4A0D0AD
S315080150E0C6B1B9D8F183ACC683A7D0C4D8F1BCBCC4
S315080150F081AFC3F38BC3F2B382C281C5F9F1B1BCE7
S31508015100BC839FAF09DB8F9E3183A1C7A0DFD0DEA9
S315080151109FFCC201D9F2AFDEF8F8F88FDB41D9F16D
S315080151208EB791BBA2D05CFD3FB5B9D88F93AF219D
S31508015130DB83A0C7D0DEA1DF9FFCC201D9F2AFDEB7
S31508015140F8F8F88FDB41D9F18EB791BBA2D05CFD97
S315080151503FB5B9D8F19FFCC201D9F42ABAD8F3BC34
S31508015160BCAFD0B18CC4F1B0BC8AAFC5B1BC809319
S31508015170AF39D1D9F3D0F8F9DBD1F19FFCC104F2EB
S315080151808F9FAF59F1A0DF83D0C6D8F1A1D0DE83B6
S3150801519090AF69DB9169F42AD4D8F28F9F71D9F15E
S315080151A083A1D0C6D8F18093AF19D1D9F42B5AD897
S315080151B0F179D1D9F42B5AD8F42CBBD8F1829DAF09
S315080151C031DAF42B1CD8F183A0D0C7B69DFCC204F2
S315080151D0D9BAADDEF8D8B38AB792BBAF19B188A4EC
S315080151E0D9C5A0C7DAC1A0C3D8F42B5AD8F1A1F8FA
S315080151F0F9D1DAF42B5AD8F1BAADF8F9D1D983B97C
S31508015200A0C6ABC6B38DBBA4D0C4A0D0C6F42B5AD6
S31508015210D8F183B9A0D0C7B38AB792BBAF19B1A4E5
S31508015220D989C3A0C5DA88C1A0C3D8F1B185BABEE8
S31508015230AFC284C782C1C3B2BCB6BDA7DFDF8F9236
S31508015240A701D9F42B9CD8F109D9F42B83D8F1FA03
S31508015250F42BCBD8F151D9F42B90D8F1FAF42BCB06
S31508015260D8F119D9D0F8DAFAD8F42BCBD8F1932199
S31508015270D9F42BB0D8F109D9D0F8DAFAD8F42BCB6E
S31508015280D8F171D9D0F8F42BCBD8F159D9D0F8F493
S315080152902BCBD8F19401D9D0F8DAFAD8F1B0BCBC45
S315080152A088A7C0B1BC89D0C182AFD0C5B2BCB5BDD3
S315080152B09BFCC100B6BDBDBDDB97FCC304FCC000A9
S315080152C0FCC204D9A7DFF8DFD8F18F94A771D9F406
S315080152D02C14D8F19541D9F42C14D8F19409DB3959
S315080152E0D9DFDFF8D8F197FCC104B1BCBCBC83B9DE
S315080152F0BEBEBEA0D9C6DADED8FCC204D0D9C7DA8A
S31508015300DFD88EB5BD9BAF4CBDBD9FFCC100D9F49E
S315080153102CBBD8F0B386B69ABBAB2C5078F1BAAA97
S31508015320C3C5C7B8ADF8F9D1DADEB38EBBABC7D8FA
S31508015330B38EB79BBAA769D9B183B59079DBD1B9D1
S31508015340A0D0DFA1D0C6D8F42CBBD8F1B0BC81B9A6
S31508015350AFC0B088C187C1B1BCBCBCB5BDBD9BFCE3
S31508015360C100BDBDDB9FFCC0048F9E2D8D9F31D929
S31508015370A1DE83A0C6AFDEF8B3839FF506F1DBFC99
S31508015380C104D9B8BEA1DFF8BEBEBED8F5B389B788
S3150801539093BBA9668BAF02F19FFCC003D98FA9D035
S315080153A0C0D88999A334AFDEF8F5839F06F1FCC10D
S315080153B004DB9571A2D0DED8B08DB9A1D0C78FB460
S315080153C09FAF11D9A1D0C7D8F1B389BBAFC6F9F53B
S315080153D08FB79306F19FFCC103DB83A9C0D8A3DE6F
S315080153E0B9A0D0DEBAAAF8F9D1DAF42D8ED8F1B976
S315080153F0B1B5AF839061DB69799169F42D85D8F1EF
S31508015400DFF8A0FAF9D1D9AFDFD8AF8C9569D9DF22
S31508015410D8AF859C31DB9FFCC100DAF42D62D8F147
S3150801542083A0D0C6AF8A9E11F8D9A0D0809C48D84F
S31508015430AADED8F1B385B795AF71B1B5D9A0D0DEDB
S31508015440D8F183AFC6F88F941DDB90FCC000A0D0BD
S31508015450DED8F42D8ED8F161D1AAD9DEDAF8D8F1E1
S31508015460B188BBA4D0C5A0D0C7B590FCC200D9B23B
S315080154708EC6A4D0C5BAAEDEF42DBDD8F184B49FCC
S31508015480BAA769DAAEF8F42DBDD8F1AEDED8F1B116
S3150801549081B59EBBAF02B79426B381B59DA102B76C
S315080154A090268F91A1002CB18094AF12265E6EB31F
S315080154B08092A2420E763E8FA2002C547CAFDEF873
S315080154C0F58F99AF06F19FFCC103D98AAAC4D8837F
S315080154D092AF51D9F42E4BD8F1A2D0DEB69EFCC0BC
S315080154E009DBFCC10AD9B8AEDEBAAEDEFAB7BBF43F
S315080154F02E4BD8F1B8AEDEF8BAAEDFF3BCBCBDBDF3
S31508015500BEBEB0B4BBAFFBDAB8A4D08D941DF1E230
S31508015510D8F1BCBCBDBDBEBEB3B7BBD8F18A92AF8C
S3150801552019D9F42E8FD8F3BCBCB18BC3BCBCB3F864
S31508015530F9D1D9F42E7DD8F18E9141D9F42E7DD8A1
S31508015540F18993A3C66081A2D0C7F42F0AD8F1A323
S31508015550DEF8F8F8F8F8F8F8F88BAAC6F42F0AD89E
S31508015560F181AAC69A6060B181B593AF59B3B7D133
S31508015570D9F42F0AD8F18A92AF21DAA3F8ADDED889
S3150801558081AAC58591AF21D9F42EE5D8F1A1DFA26B
S31508015590DFDF8195A5C7688993A3C660ADF8AFDE3D
S315080155A0F8F5899F06F1FCC103DB8D9DAF21A3DECA
S315080155B0F8D8F42F0AD8F181A5C592AF49DAA3F82C
S315080155C0F8D891AF49DAA3F8F8F8F8D8F1A3F8F9B9
S315080155D0D1D9B183B9A1D0C6B3BBD8F5839AAF1ACD
S315080155E0F1BEB8AEC189B59E74FD3FBCBCB18B3462
S315080155F0B79FFCC000BCBCBCB0BDB4D9F42F64D8FD
S31508015600F1A6F88696AE11D9A6DF88BEBBA9D0C485
S31508015610F2A1D0C6A2D0C6BEBEBEDBF19EFCC301B6
S31508015620D9F2BEA1D0F8F8F8A2D0F8F8F8BEBEBEF5
S31508015630D8F42FA2D8F19EFCC301D9F58EAE32F16A
S31508015640DBFCC00188BEBBA9D0C4F2A1D0C6A2D0DA
S31508015650C6BEBEBEF42FA2D8F1A6FA8696AE39D931
S31508015660A6DE87BEBBA9D0C4F2A1D0C6A2D0C6BE4B
S31508015670BEBED8F1BCBCBCB3BDBDBDB7BEBEBEBB0C
S31508015680A5F8F9D1DA86A7C3C5C7A5DE85A5D0C60B
S31508015690D88595AF71DAF42FE2D8F18993A360F32F
S315080156A0BEBEAFF8F9D1DAF3E2D8F1BEBE86A7C31A
S315080156B0C5C7D8F1AFDFF9899F2D830DF599AF1AC3
S315080156C08F7E9FA812992EF1DFDFAFDFF9899F4DF3
S315080156D0830DF59BAF028F66F19FFCC003D9F5A830
S315080156E0D0129936D8F18898A610A738869FAFDECA
S315080156F000FD0887008FF3AEC0F1BCBCB182C3BC04
S31508015700BCD8F3BCBCBDBDBEBEBBB3B7A2F8F2F8EC
S31508015710F1809DADD07CF2A2FAF9D1F1B9ACD9DE0E
S31508015720DAF8D8F5BEBEBAA78595788E9E7CBCBC3C
S31508015730BDBDB2B6F1A9899962F09740996C9748AF
S31508015740B9B1B5F1AF8091288C9F008365D9F43042
S3150801575094D8F19DFCC304AFB289D9C3C1DAC1C3D8
S31508015760D8F47555D8F2BEBEBCBCBDBDB9B3B7A693
S31508015770819249F9DBF1B18CB59C21D9F5B385B78D
S3150801578095788E9E7CF1B18DB59DAD1AF096409DAA
S315080157903C9648D8F1B181B59DB9A60A8D9605D929
S315080157A0F430FBD8F2B381B792BBAF49F9F9DBF113
S315080157B0B18CB59CB9A621F430FBD8F1B38EBBA840
S315080157C0D0C4C7F3B9ACD0DEF4310CD8F1B385BB7C
S315080157D0A8D0C4C7F3B9ACD0DEF8DFF8D8F3B59CC6
S315080157E0FCC304DBFCC200D9F2ACD0DED8F2BBAFF5
S315080157F0B792B38219DBA2DFA1D0C4ACD0C5F3A797
S31508015800D0DFF1B9AADEA1DFB59BFCC100B8BEA7FE
S31508015810D0DEBEBEBED8F1BBAF89B79819A980D96B
S3150801582038D8AF8939A980DA3CD8A1F8F9D1DAF99B
S31508015830DFF8F4753DF1FFD8AF2E88F575DAFFD894
S3150801584071DAF1FFD882A7F3C1F280C2F1978649CE
S315080158502EA6D0509686AF75D988A2D0F3C0C3F1CB
S31508015860DA8F96A2D0F3C2C382B69B7070F1D8B70D
S31508015870AFDFF98999AF10809F21DA2ED88999AFC0
S3150801588031DADFD8AF8292F341D9F1DFD8AF82F3AB
S3150801589019D9F1DFD8F18990AFD0098F99AF51DBCA
S315080158A08931F3829219F2B18CB59C71D9F1DFF97C
S315080158B0F2B9ACD0F8F8F3DFD8B3B7BB82ACF3C012
S315080158C0A28022F1A922269FAF29DAACDEFFD8A24F
S315080158D0F2DEF1A9DFF282B8BEA9C381C5B0BCF177
S315080158E0B59BFCC103B4BDD9F43233D8F28999A961
S315080158F049DAF43233D8F19AFCC004A7D0D988978B
S3150801590030DADED8F1BCB180BBBEBEBEAFC28CC137
S3150801591081C383C7BCBCB38FB7BDBDBD9FBAA761E1
S31508015920DB6971FFD8F1BBADD0DEF8B184B696BAA2
S31508015930A7D07EB796A701B2879D05DBB38DB6972B
S3150801594079F3B18C9649F1BBADD0F8D8F3B9ACD09F
S31508015950F8F9D1D9F1BBADD0F8D8B3B7BB978CAFAD
S31508015960F379D9F432A6D8F1A1819D34AAD08A5007
S31508015970F4753DF432C6D8F3A7D0FAB59CFCC20734
S31508015980D9F8D8B7978CAF79DAF18791A16CAAD0F3
S315080159909A70BBF4753DD8F191FCC10AD9F4330765
S315080159A0D8F181A1C2F9DFF8809DBAA6D038FD31B8
S315080159B0BBAFDEF382CEF18F9008FD0F8D9F65D9BF
S315080159C0F43307D8F1AFDEF28CCEF2829F25D9F1F6
S315080159D0BAA6D0DEF38DCED8F1B59BFCC103D9BCEE
S315080159E0BDBEF4333BD8F1B8BEAAD0DEF2B381B757
S315080159F092A949D9BCBDF4333BD8F1BCBDB0B48D2D
S31508015A009731F9F9F9F9F9D9AAD0F8D8F1BCBCBD99
S31508015A10BDBEBEB084B8A5C3C5C783A4C3C5C7F0F8
S31508015A20B281B691A33C110C582C50F1B083B493B2
S31508015A30A32C547C9271F095AE2C50788EBEB9AADF
S31508015A40C2BCBDD8F2BBB3B78291AF31DAF433DF4A
S31508015A50D8F18DB796BBA640AC8C9C0C30BA8D9DFF
S31508015A60A739DBF3B18CB69649D9F184B594B9A4B3
S31508015A70D05EF0B79D38D8F1B38DBAA7C6B59CFCF0
S31508015A80C204D9B181B697A7258B6E81B9A134DA3B
S31508015A90B287B69700FD3EB181258B4E81B9A134F7
S31508015AA0D8F1BBAAD0DFACDED0DEADD0DFF1FFD8AE
S31508015AB0F2B3B7AF829C39DBF1869009AAD08A9DE9
S31508015AC0D974F433FADAF1AAD0DFD8F3B9ACD0F83D
S31508015AD0F9D1D9F2BBA2FAF8DAF2BBA2FAD8F2B333
S31508015AE082B69BBBAF31DBF189B59A61D9F2A1D0F8
S31508015AF0F8F8D8F282AFC4F8F8F8F88FB79115DA42
S31508015B00A1D0C0D882AFC2F9D1D9F1B9ACDEADDE28
S31508015B10DFB9A1DFBBADD0DFD8F28291AF31DAF1BF
S31508015B20B1819DB9A13CD8F2B3BB8291AF31D1D92C
S31508015B30F1B181B59BB9A13ED8F1B38CB79CBBAC89
S31508015B40D010ACDEADD0DF9282AFF1CAF29135F159
S31508015B50968FA6D900DBAF8A906DD9A68F96018A52
S31508015B6060AAD0DFF281ACD0C5D8F1FFD8F0B9B1BF
S31508015B70B6AF8D924C7154685C604479E0D8F1BA3D
S31508015B80B1A48FC0C3C5C7B9B5F1AA829025F3AD33
S31508015B90DFD9F8F8D8F1A18191F0348238F1AA2D2C
S31508015BA0F58A9030D9F3ADFAD8F0AA8F9F04285117
S31508015BB0791D301438BCBCBCA2D08A9A2C505078B6
S31508015BC078BC8290AAF57CF3D9ADFAD8F1B8AE8241
S31508015BD0C6B9A181900A819218A2D081C1F3ADFB01
S31508015BE0F9F1DAA2D0DFD8A2D0FAF9D1DAAA829DE0
S31508015BF07E76AD8AD0315CF0AA8D9D5478FD7FF111
S31508015C008A92559DADD0727ED8F4749CE0D8F1B1D4
S31508015C10B982A2D0C2F2A3FAF3B8A7F8F9D1DAF297
S31508015C20E2D8BBB3E0F1B1AF8F9F3185A5D0DAC613
S31508015C30F43572D8F1F8F9D1D9C6F5ADD08D9E7F74
S31508015C40DAF9D8F1E0F1B697A766B793F071716002
S31508015C50E0F001295179E0F1C2C5C7B287B6972CA0
S31508015C60FD01E0F1C2C5C7B287C1E0F1B28197660D
S31508015C70E0F03810284088E0F02470594469386407
S31508015C8048312D5179E0F024583D4034492D51E0F1
S31508015C90F187A1002C547CF081A704285078FD7F58
S31508015CA0F1A787965991A1020E161EE0D8F0BEBE3D
S31508015CB0BEBCBCBCBDBDBDB3BB8CACF478598DAD07
S31508015CC0F478598EAEF47859BCB080BAAFF1DEDFFC
S31508015CD0DFD0F2C2CBC5BCBCBCB28FD0BDB59EF17C
S31508015CE002FD0326FD0346FD03BDBDBDB590BBAF51
S31508015CF002F02850F11E91F02048F116F038924032
S31508015D00B3B78FF2ACC0ADC2AEC4F1A9FAF9D1D915
S31508015D10F4364AD8F1A9FAF4381CD8F0B78C9CBAEB
S31508015D20F47828F1C1B38D9DBAF47828F11CB38EA5
S31508015D309EBAF47828F11CB38FD7FD3EF28DC18E39
S31508015D40C1F18FD5FD30D4D0FD70F1D02AD2F00043
S31508015D50D2A9DE8FB597AFF540D9F2A9F8D897AF92
S31508015D60F548D9F3A9F8D8F2AFDEF8D4FD0CB78F08
S31508015D709D05DAF436C3D8F2B597DEF8D037FD0EAD
S31508015D803FFD0E8DB79FD005D9A9F8D8AF0DD9A972
S31508015D90F3F8D8D8F2AFDEF8D4FD0C8F9E05DAF405
S31508015DA036EED8F2B597DEF8D037FD0E3FFD0E8EEA
S31508015DB0B79FD005D9A9F8D8AF0DD9A9F3F8D8F165
S31508015DC08CAFDEF2C08FF0D4FD309FF500B18804A8
S31508015DD0D9A9F2F8D8F5AF24D9A9F3F8D8F0AFB311
S31508015DE089C4C78FD0D4FD40D5FD40B188D0F544CC
S31508015DF0D9A9F2F8D8AFF56CD9A9F3F8D8B38FB504
S31508015E0099F5AF60D9AAF8F43745D8F1B18AB79FA1
S31508015E10AF59D9AADED8F5B38FB599AF68D9AAFA19
S31508015E20DAAADFD8F18AAFD4FD00D5FD408FD0F5C7
S31508015E3014A9D0D9DEDAF8D8AF3CA9D0D9DFDAFA75
S31508015E40D8F18AAFD6FD00D7FD408F9AD0F504A9BF
S31508015E50D9F2F8D8AFF52CA9D9F3F8D88CAFF2C096
S31508015E60F18FD4FD30B79F02FD1ED010AFDEF8F8D2
S31508015E70F8F8F8F8BDBDBD93F502F1BDF8F9D1DA28
S31508015E80F437BDD8F1B18A9F59DAF437D3D8F1B1CD
S31508015E908B9FAF51DAF437D3D8F1B59BB38F41D97C
S31508015EA0A9F2F8D8F1AFB79FB18A79DAF437F2D8FF
S31508015EB0F18B71DAF437F2D8F1B59BB38F49D9A9C9
S31508015EC0F3F8D8F0A9F2F9F9F9F9F9F9F9AAD0F03C
S31508015ED0DADEF5E2F0D9F8D8A9F3F9F9F9F9F9F919
S31508015EE0F9AAD0F0DADFF6E2F0D9FAD8D8F0BCB0E0
S31508015EF080BDB490BEB8A0E0F0AFF2113DF3153DF8
S31508015F00F2B28FD0CDCFF3DFDFDFDFF1D4FD70D56D
S31508015F10FD70D6FD70D7FD70B69F0C1018F500B54B
S31508015F2096F518BBAFD0B79FE0F0D0F3CFF2CCD03F
S31508015F30F3CDF2CAD0F3CBF2C8D0F3C9E000000022
S31508015F40030000000200000001000000000000003C
S31508015F50070000000600000005000000040000001C
S31508015F600B0000000A0000000900000008000000FC
S31508015F700D0000000C0000000300000002000000F4
S31508015F8001000000000000000700000006000000F4
S31508015F9005000000040000000B0000000A000000D4
S31508015FA009000000080000000100000000000000D0
S31508015FB003000000020000000500000004000000C4
S31508015FC001000000000000000300000002000000BC
S31508015FD0050000000400000007000000060000009C
S31508015FE009000000080000000B0000000A0000007C
S31508015FF00000000001000000050000000400000088
S31508016000030000000200000001000000000000007B
S31508016010FFFF088028000804484008108800FFFF91
S31508016020FFFF080808880804FFFFFFFF0820080883
S3150801603008400000180010000801FFFFFFFF088054
S315080160402800080448400810880008080888080439
S31508016050FFFFFFFF08200808084018001000080184
S31508016060FFFF000008804840000000000000000013
S315080160700000000020620108000000000000000086
S315080160800000000000000000001000000F000000E2
S3150801609000000000000000002C620108000000005A
S315080160A000000000000000000000000000100000D1
S315080160B00F00000000000000000000001062010847
S315080160C000000000000000000000000000000000C1
S315080160D00008000010000000000000000000000099
S315080160E0186201080000000000000000000000001E
S315080160F00000000000080000080000000000000081
S315080161000000000000000000000000000102030476
S31508016110060708090000000001020304000610161C
S315080161200006101600404040404040404040414172
S31508016130414141404040404040404040404040404D
S3150801614040404040400502020202020202020202E7
S3150801615002020202022020202020202020202002E4
S315080161600202020202029090909090901010101074
S315080161701010101010101010101010101010101010
S3150801618002020202020288888888888808080808A4
S315080161900808080808080808080808080808080870
S315080161A0020202024000000025610108506C656187
S315080161B0736520636865636B207468617420796F01
S315080161C075206861766520756E636F6D6D656E7491
S315080161D06564206C696E65203239202823646566FA
S315080161E0696E652049434D5F32303934385F5553FE
S315080161F0455F444D502920696E2049434D5F323031
S315080162003934385F432E682E2E2E0D0A0000000001
S31508016210494D555461736B004C65645461736B0049
S3150801622042616C616E63655461736B00557361728B
S31508016230745461736B000000586201080000002065
S3150801624028040000C2130008E86201082804002097
S31508016250306D0000B4C80008011E27FA43CDCC08EA
S315080162604227803F0AD7233C1A480C011A092A2CCF
S31508016270212ABE20022641A92C0A1D7C580134492F
S31508016280601C0AD7A3B801300B1C604010E1320527
S315080162901809CDCC4C3F0AD7233C08A23E1A48849C
S315080162A05AA0DC1A20EC0340803F138DC81B0885D1
S315080162B00401FF1113EBF61B08E104414B85F808AD
S315080162C01A7D085AE914011C1AF7240B20F1F7283C
S315080162D05112035B20716001395324F432100227ED
S30D080162E0011AAA010160000080
S7050800018968
